corpus_id,year,venue_abbr,group,label,period,stratum,weight,N_h,n_h,pi1,second_label,masked_label
98761,2020,SSCI,SSCI (mixed conf.),dl_native,2016-2020,SSCI (mixed conf.)|dl_native|2016-2020,4.255319,200,47,0.235,dl_native,other
59681,2023,EVOINT,Core EC journals,dl_native,2021-2025,Core EC journals|dl_native|2021-2025,1.0,86,86,1.0,dl_native,dl_native
82043,2022,INS,Mixed journals,dl_native,2021-2025,Mixed journals|dl_native|2021-2025,5.626219,5193,923,0.17773926439437704,dl_native,dl_native
39508,2022,ESWA,Mixed journals,dl_native,2021-2025,Mixed journals|dl_native|2021-2025,5.626219,5193,923,0.17773926439437704,dl_native,dl_native
36840,2021,ESWA,Mixed journals,dl_native,2021-2025,Mixed journals|dl_native|2021-2025,5.626219,5193,923,0.17773926439437704,dl_native,dl_native
10691,2025,ASOC,Mixed journals,dl_native,2021-2025,Mixed journals|dl_native|2021-2025,5.626219,5193,923,0.17773926439437704,dl_native,dl_native
43663,2024,ESWA,Mixed journals,dl_native,2021-2025,Mixed journals|dl_native|2021-2025,5.626219,5193,923,0.17773926439437704,dl_native,dl_native
6983,2023,ASOC,Mixed journals,other,2021-2025,Mixed journals|other|2021-2025,5.048077,525,104,0.1980952380952381,dl_native,other
22312,2021,CEC,Core EC conferences,dl_native,2021-2025,Core EC conferences|dl_native|2021-2025,1.0,72,72,1.0,dl_native,dl_native
12282,2024,ASOC,Mixed journals,dl_native,2021-2025,Mixed journals|dl_native|2021-2025,5.626219,5193,923,0.17773926439437704,dl_native,dl_native
21778,2024,CEC,Core EC conferences,dl_native,2021-2025,Core EC conferences|dl_native|2021-2025,1.0,72,72,1.0,dl_native,dl_native
41470,2023,ESWA,Mixed journals,dl_native,2021-2025,Mixed journals|dl_native|2021-2025,5.626219,5193,923,0.17773926439437704,dl_native,dl_native
36324,2021,ESWA,Mixed journals,dl_native,2021-2025,Mixed journals|dl_native|2021-2025,5.626219,5193,923,0.17773926439437704,dl_native,dl_native
4854,2020,ASOC,Mixed journals,dl_native,2016-2020,Mixed journals|dl_native|2016-2020,5.087719,580,114,0.19655172413793104,dl_native,dl_native
60012,2021,EVOINT,Core EC journals,dl_native,2021-2025,Core EC journals|dl_native|2021-2025,1.0,86,86,1.0,dl_native,dl_native
71227,2020,ICSI,Core EC conferences,other,2016-2020,Core EC conferences|other|2016-2020,1.4375,23,16,0.6956521739130435,other,hybrid
37356,2021,ESWA,Mixed journals,dl_native,2021-2025,Mixed journals|dl_native|2021-2025,5.626219,5193,923,0.17773926439437704,dl_native,dl_native
18792,2019,CEC,Core EC conferences,hybrid,2016-2020,Core EC conferences|hybrid|2016-2020,2.47619,52,21,0.40384615384615385,neuroevolution,hybrid
47602,2025,ESWA,Mixed journals,hybrid,2021-2025,Mixed journals|hybrid|2021-2025,4.979381,483,97,0.20082815734989648,neuroevolution,neuroevolution
98723,2020,SSCI,SSCI (mixed conf.),dl_native,2016-2020,SSCI (mixed conf.)|dl_native|2016-2020,4.255319,200,47,0.235,dl_native,other
94263,2021,SOFTCOMP,Mixed journals,dl_native,2021-2025,Mixed journals|dl_native|2021-2025,5.626219,5193,923,0.17773926439437704,dl_native,dl_native
103125,2025,TETCI,Mixed journals,neuroevolution,2021-2025,Mixed journals|neuroevolution|2021-2025,3.419355,106,31,0.29245283018867924,neuroevolution,neuroevolution
99149,2019,SSCI,SSCI (mixed conf.),other,2016-2020,SSCI (mixed conf.)|other|2016-2020,1.1875,19,16,0.8421052631578947,dl_native,dl_native
49766,2025,ESWA,Mixed journals,dl_native,2021-2025,Mixed journals|dl_native|2021-2025,5.626219,5193,923,0.17773926439437704,dl_native,dl_native
97968,2022,SSCI,SSCI (mixed conf.),dl_native,2021-2025,SSCI (mixed conf.)|dl_native|2021-2025,4.0,160,40,0.25,dl_native,dl_native
70955,2024,ICSI,Core EC conferences,dl_native,2021-2025,Core EC conferences|dl_native|2021-2025,1.0,72,72,1.0,dl_native,dl_native
40741,2022,ESWA,Mixed journals,dl_native,2021-2025,Mixed journals|dl_native|2021-2025,5.626219,5193,923,0.17773926439437704,dl_native,dl_native
12278,2024,ASOC,Mixed journals,dl_native,2021-2025,Mixed journals|dl_native|2021-2025,5.626219,5193,923,0.17773926439437704,dl_native,dl_native
11815,2025,ASOC,Mixed journals,dl_native,2021-2025,Mixed journals|dl_native|2021-2025,5.626219,5193,923,0.17773926439437704,dl_native,dl_native
71438,2018,ICSI,Core EC conferences,dl_native,2016-2020,Core EC conferences|dl_native|2016-2020,1.0,42,42,1.0,dl_native,other
48580,2025,ESWA,Mixed journals,dl_native,2021-2025,Mixed journals|dl_native|2021-2025,5.626219,5193,923,0.17773926439437704,dl_native,dl_native
91555,2025,NATCOMP,Mixed journals,dl_native,2021-2025,Mixed journals|dl_native|2021-2025,5.626219,5193,923,0.17773926439437704,dl_native,dl_native
38419,2020,ESWA,Mixed journals,dl_native,2016-2020,Mixed journals|dl_native|2016-2020,5.087719,580,114,0.19655172413793104,dl_native,dl_native
10854,2025,ASOC,Mixed journals,dl_native,2021-2025,Mixed journals|dl_native|2021-2025,5.626219,5193,923,0.17773926439437704,dl_native,dl_native
36567,2021,ESWA,Mixed journals,dl_native,2021-2025,Mixed journals|dl_native|2021-2025,5.626219,5193,923,0.17773926439437704,dl_native,dl_native
104556,2024,TEVC,Core EC journals,neuroevolution,2021-2025,Core EC journals|neuroevolution|2021-2025,2.333333,49,21,0.42857142857142855,neuroevolution,neuroevolution
10630,2025,ASOC,Mixed journals,hybrid,2021-2025,Mixed journals|hybrid|2021-2025,4.979381,483,97,0.20082815734989648,hybrid,hybrid
41388,2023,ESWA,Mixed journals,dl_native,2021-2025,Mixed journals|dl_native|2021-2025,5.626219,5193,923,0.17773926439437704,dl_native,dl_native
10936,2025,ASOC,Mixed journals,dl_native,2021-2025,Mixed journals|dl_native|2021-2025,5.626219,5193,923,0.17773926439437704,dl_native,dl_native
22254,2021,CEC,Core EC conferences,neuroevolution,2021-2025,Core EC conferences|neuroevolution|2021-2025,3.4375,110,32,0.2909090909090909,hybrid,hybrid
65544,2020,GECCO,Core EC conferences,hybrid,2016-2020,Core EC conferences|hybrid|2016-2020,2.47619,52,21,0.40384615384615385,hybrid,hybrid
95171,2014,SSCI,SSCI (mixed conf.),dl_native,<=2015,SSCI (mixed conf.)|dl_native|<=2015,1.0,6,6,1.0,dl_native,dl_native
56897,2023,EUROGP,Core EC conferences,neuroevolution,2021-2025,Core EC conferences|neuroevolution|2021-2025,3.4375,110,32,0.2909090909090909,neuroevolution,neuroevolution
34528,2017,ESWA,Mixed journals,dl_native,2016-2020,Mixed journals|dl_native|2016-2020,5.087719,580,114,0.19655172413793104,dl_native,dl_native
7959,2022,ASOC,Mixed journals,hybrid,2021-2025,Mixed journals|hybrid|2021-2025,4.979381,483,97,0.20082815734989648,neuroevolution,hybrid
9551,2021,ASOC,Mixed journals,dl_native,2021-2025,Mixed journals|dl_native|2021-2025,5.626219,5193,923,0.17773926439437704,dl_native,other
6773,2017,ASOC,Mixed journals,dl_native,2016-2020,Mixed journals|dl_native|2016-2020,5.087719,580,114,0.19655172413793104,dl_native,dl_native
46985,2025,ESWA,Mixed journals,dl_native,2021-2025,Mixed journals|dl_native|2021-2025,5.626219,5193,923,0.17773926439437704,dl_native,dl_native
57780,2022,EVOAPP,Core EC conferences,dl_native,2021-2025,Core EC conferences|dl_native|2021-2025,1.0,72,72,1.0,dl_native,dl_native
44156,2024,ESWA,Mixed journals,hybrid,2021-2025,Mixed journals|hybrid|2021-2025,4.979381,483,97,0.20082815734989648,dl_native,hybrid
81142,2020,INS,Mixed journals,hybrid,2016-2020,Mixed journals|hybrid|2016-2020,2.0,38,19,0.5,hybrid,hybrid
57639,2025,EVOAPP,Core EC conferences,neuroevolution,2021-2025,Core EC conferences|neuroevolution|2021-2025,3.4375,110,32,0.2909090909090909,neuroevolution,neuroevolution
40674,2022,ESWA,Mixed journals,dl_native,2021-2025,Mixed journals|dl_native|2021-2025,5.626219,5193,923,0.17773926439437704,dl_native,dl_native
92579,2020,PPSN,Core EC conferences,neuroevolution,2016-2020,Core EC conferences|neuroevolution|2016-2020,3.142857,88,28,0.3181818181818182,neuroevolution,other
37888,2021,ESWA,Mixed journals,dl_native,2021-2025,Mixed journals|dl_native|2021-2025,5.626219,5193,923,0.17773926439437704,dl_native,dl_native
43159,2024,ESWA,Mixed journals,other,2021-2025,Mixed journals|other|2021-2025,5.048077,525,104,0.1980952380952381,other,other
41975,2023,ESWA,Mixed journals,dl_native,2021-2025,Mixed journals|dl_native|2021-2025,5.626219,5193,923,0.17773926439437704,dl_native,dl_native
103941,2018,TETCI,Mixed journals,other,2016-2020,Mixed journals|other|2016-2020,2.75,66,24,0.36363636363636365,hybrid,hybrid
41711,2023,ESWA,Mixed journals,dl_native,2021-2025,Mixed journals|dl_native|2021-2025,5.626219,5193,923,0.17773926439437704,dl_native,dl_native
59715,2023,EVOINT,Core EC journals,dl_native,2021-2025,Core EC journals|dl_native|2021-2025,1.0,86,86,1.0,dl_native,dl_native
7196,2023,ASOC,Mixed journals,dl_native,2021-2025,Mixed journals|dl_native|2021-2025,5.626219,5193,923,0.17773926439437704,dl_native,dl_native
115912,2025,SOFTCOMP,Mixed journals,dl_native,2021-2025,Mixed journals|dl_native|2021-2025,5.626219,5193,923,0.17773926439437704,dl_native,dl_native
44817,2024,ESWA,Mixed journals,hybrid,2021-2025,Mixed journals|hybrid|2021-2025,4.979381,483,97,0.20082815734989648,hybrid,hybrid
84093,2021,INS,Mixed journals,dl_native,2021-2025,Mixed journals|dl_native|2021-2025,5.626219,5193,923,0.17773926439437704,dl_native,dl_native
97589,2023,SSCI,SSCI (mixed conf.),other,2021-2025,SSCI (mixed conf.)|other|2021-2025,1.0,12,12,1.0,dl_native,other
99811,2017,SSCI,SSCI (mixed conf.),dl_native,2016-2020,SSCI (mixed conf.)|dl_native|2016-2020,4.255319,200,47,0.235,dl_native,dl_native
88487,2025,INS,Mixed journals,dl_native,2021-2025,Mixed journals|dl_native|2021-2025,5.626219,5193,923,0.17773926439437704,dl_native,dl_native
46475,2024,ESWA,Mixed journals,dl_native,2021-2025,Mixed journals|dl_native|2021-2025,5.626219,5193,923,0.17773926439437704,dl_native,dl_native
92408,2024,PPSN,Core EC conferences,dl_native,2021-2025,Core EC conferences|dl_native|2021-2025,1.0,72,72,1.0,hybrid,neuroevolution
11192,2024,ASOC,Mixed journals,dl_native,2021-2025,Mixed journals|dl_native|2021-2025,5.626219,5193,923,0.17773926439437704,dl_native,dl_native
48601,2025,ESWA,Mixed journals,dl_native,2021-2025,Mixed journals|dl_native|2021-2025,5.626219,5193,923,0.17773926439437704,dl_native,dl_native
91075,2024,MEMETIC,Core EC journals,dl_native,2021-2025,Core EC journals|dl_native|2021-2025,1.0,86,86,1.0,dl_native,dl_native
83024,2022,INS,Mixed journals,dl_native,2021-2025,Mixed journals|dl_native|2021-2025,5.626219,5193,923,0.17773926439437704,dl_native,dl_native
44340,2024,ESWA,Mixed journals,dl_native,2021-2025,Mixed journals|dl_native|2021-2025,5.626219,5193,923,0.17773926439437704,dl_native,dl_native
37156,2021,ESWA,Mixed journals,dl_native,2021-2025,Mixed journals|dl_native|2021-2025,5.626219,5193,923,0.17773926439437704,dl_native,dl_native
59365,2024,EVOINT,Core EC journals,dl_native,2021-2025,Core EC journals|dl_native|2021-2025,1.0,86,86,1.0,dl_native,dl_native
9709,2022,ASOC,Mixed journals,hybrid,2021-2025,Mixed journals|hybrid|2021-2025,4.979381,483,97,0.20082815734989648,hybrid,hybrid
40570,2022,ESWA,Mixed journals,dl_native,2021-2025,Mixed journals|dl_native|2021-2025,5.626219,5193,923,0.17773926439437704,dl_native,dl_native
59913,2022,EVOINT,Core EC journals,dl_native,2021-2025,Core EC journals|dl_native|2021-2025,1.0,86,86,1.0,dl_native,dl_native
25913,2009,ESWA,Mixed journals,other,<=2015,Mixed journals|other|<=2015,1.529412,26,17,0.6538461538461539,other,other
57663,2025,EVOAPP,Core EC conferences,dl_native,2021-2025,Core EC conferences|dl_native|2021-2025,1.0,72,72,1.0,dl_native,dl_native
46647,2024,ESWA,Mixed journals,dl_native,2021-2025,Mixed journals|dl_native|2021-2025,5.626219,5193,923,0.17773926439437704,dl_native,dl_native
49682,2025,ESWA,Mixed journals,dl_native,2021-2025,Mixed journals|dl_native|2021-2025,5.626219,5193,923,0.17773926439437704,dl_native,dl_native
46239,2024,ESWA,Mixed journals,hybrid,2021-2025,Mixed journals|hybrid|2021-2025,4.979381,483,97,0.20082815734989648,hybrid,hybrid
80135,2019,INS,Mixed journals,other,2016-2020,Mixed journals|other|2016-2020,2.75,66,24,0.36363636363636365,dl_native,other
44322,2024,ESWA,Mixed journals,dl_native,2021-2025,Mixed journals|dl_native|2021-2025,5.626219,5193,923,0.17773926439437704,dl_native,dl_native
103724,2022,TETCI,Mixed journals,other,2021-2025,Mixed journals|other|2021-2025,5.048077,525,104,0.1980952380952381,dl_native,hybrid
59960,2022,EVOINT,Core EC journals,other,2021-2025,Core EC journals|other|2021-2025,2.105263,40,19,0.475,dl_native,dl_native
21753,2024,CEC,Core EC conferences,other,2021-2025,Core EC conferences|other|2021-2025,2.521739,58,23,0.39655172413793105,hybrid,hybrid
11537,2025,ASOC,Mixed journals,hybrid,2021-2025,Mixed journals|hybrid|2021-2025,4.979381,483,97,0.20082815734989648,neuroevolution,hybrid
12293,2024,ASOC,Mixed journals,hybrid,2021-2025,Mixed journals|hybrid|2021-2025,4.979381,483,97,0.20082815734989648,hybrid,hybrid
86511,2023,INS,Mixed journals,other,2021-2025,Mixed journals|other|2021-2025,5.048077,525,104,0.1980952380952381,dl_native,dl_native
65647,2019,GECCO,Core EC conferences,neuroevolution,2016-2020,Core EC conferences|neuroevolution|2016-2020,3.142857,88,28,0.3181818181818182,neuroevolution,neuroevolution
21746,2024,CEC,Core EC conferences,other,2021-2025,Core EC conferences|other|2021-2025,2.521739,58,23,0.39655172413793105,other,other
98091,2021,SSCI,SSCI (mixed conf.),dl_native,2021-2025,SSCI (mixed conf.)|dl_native|2021-2025,4.0,160,40,0.25,dl_native,dl_native
23427,2015,CIM,Mixed journals,other,<=2015,Mixed journals|other|<=2015,1.529412,26,17,0.6538461538461539,other,other
40750,2022,ESWA,Mixed journals,dl_native,2021-2025,Mixed journals|dl_native|2021-2025,5.626219,5193,923,0.17773926439437704,dl_native,dl_native
49756,2025,ESWA,Mixed journals,dl_native,2021-2025,Mixed journals|dl_native|2021-2025,5.626219,5193,923,0.17773926439437704,dl_native,dl_native
7732,2022,ASOC,Mixed journals,dl_native,2021-2025,Mixed journals|dl_native|2021-2025,5.626219,5193,923,0.17773926439437704,dl_native,dl_native
98676,2020,SSCI,SSCI (mixed conf.),hybrid,2016-2020,SSCI (mixed conf.)|hybrid|2016-2020,1.0,8,8,1.0,hybrid,hybrid
9780,2021,ASOC,Mixed journals,dl_native,2021-2025,Mixed journals|dl_native|2021-2025,5.626219,5193,923,0.17773926439437704,dl_native,dl_native
42843,2023,ESWA,Mixed journals,dl_native,2021-2025,Mixed journals|dl_native|2021-2025,5.626219,5193,923,0.17773926439437704,dl_native,dl_native
59260,2025,EVOINT,Core EC journals,hybrid,2021-2025,Core EC journals|hybrid|2021-2025,3.185185,86,27,0.313953488372093,neuroevolution,hybrid
48461,2025,ESWA,Mixed journals,dl_native,2021-2025,Mixed journals|dl_native|2021-2025,5.626219,5193,923,0.17773926439437704,dl_native,dl_native
69558,2022,GECCO,Core EC conferences,neuroevolution,2021-2025,Core EC conferences|neuroevolution|2021-2025,3.4375,110,32,0.2909090909090909,other,hybrid
12401,2024,ASOC,Mixed journals,dl_native,2021-2025,Mixed journals|dl_native|2021-2025,5.626219,5193,923,0.17773926439437704,dl_native,dl_native
85439,2024,INS,Mixed journals,dl_native,2021-2025,Mixed journals|dl_native|2021-2025,5.626219,5193,923,0.17773926439437704,dl_native,other
69880,2022,GECCO,Core EC conferences,neuroevolution,2021-2025,Core EC conferences|neuroevolution|2021-2025,3.4375,110,32,0.2909090909090909,neuroevolution,neuroevolution
48053,2025,ESWA,Mixed journals,dl_native,2021-2025,Mixed journals|dl_native|2021-2025,5.626219,5193,923,0.17773926439437704,dl_native,dl_native
4299,2020,ASOC,Mixed journals,dl_native,2016-2020,Mixed journals|dl_native|2016-2020,5.087719,580,114,0.19655172413793104,dl_native,dl_native
8726,2022,ASOC,Mixed journals,dl_native,2021-2025,Mixed journals|dl_native|2021-2025,5.626219,5193,923,0.17773926439437704,dl_native,dl_native
41787,2023,ESWA,Mixed journals,dl_native,2021-2025,Mixed journals|dl_native|2021-2025,5.626219,5193,923,0.17773926439437704,dl_native,dl_native
48541,2025,ESWA,Mixed journals,dl_native,2021-2025,Mixed journals|dl_native|2021-2025,5.626219,5193,923,0.17773926439437704,dl_native,dl_native
10697,2025,ASOC,Mixed journals,other,2021-2025,Mixed journals|other|2021-2025,5.048077,525,104,0.1980952380952381,dl_native,other
49708,2025,ESWA,Mixed journals,dl_native,2021-2025,Mixed journals|dl_native|2021-2025,5.626219,5193,923,0.17773926439437704,dl_native,dl_native
91051,2024,MEMETIC,Core EC journals,dl_native,2021-2025,Core EC journals|dl_native|2021-2025,1.0,86,86,1.0,dl_native,dl_native
12113,2024,ASOC,Mixed journals,dl_native,2021-2025,Mixed journals|dl_native|2021-2025,5.626219,5193,923,0.17773926439437704,dl_native,dl_native
49446,2025,ESWA,Mixed journals,dl_native,2021-2025,Mixed journals|dl_native|2021-2025,5.626219,5193,923,0.17773926439437704,dl_native,dl_native
59677,2023,EVOINT,Core EC journals,dl_native,2021-2025,Core EC journals|dl_native|2021-2025,1.0,86,86,1.0,dl_native,dl_native
49774,2025,ESWA,Mixed journals,hybrid,2021-2025,Mixed journals|hybrid|2021-2025,4.979381,483,97,0.20082815734989648,neuroevolution,hybrid
28383,2011,ESWA,Mixed journals,other,<=2015,Mixed journals|other|<=2015,1.529412,26,17,0.6538461538461539,other,other
45709,2024,ESWA,Mixed journals,dl_native,2021-2025,Mixed journals|dl_native|2021-2025,5.626219,5193,923,0.17773926439437704,dl_native,dl_native
47790,2025,ESWA,Mixed journals,dl_native,2021-2025,Mixed journals|dl_native|2021-2025,5.626219,5193,923,0.17773926439437704,dl_native,dl_native
5757,2019,ASOC,Mixed journals,dl_native,2016-2020,Mixed journals|dl_native|2016-2020,5.087719,580,114,0.19655172413793104,dl_native,dl_native
104212,2025,TEVC,Core EC journals,dl_native,2021-2025,Core EC journals|dl_native|2021-2025,1.0,86,86,1.0,hybrid,dl_native
33825,2018,ESWA,Mixed journals,hybrid,2016-2020,Mixed journals|hybrid|2016-2020,2.0,38,19,0.5,dl_native,other
59790,2023,EVOINT,Core EC journals,other,2021-2025,Core EC journals|other|2021-2025,2.105263,40,19,0.475,hybrid,hybrid
36723,2021,ESWA,Mixed journals,dl_native,2021-2025,Mixed journals|dl_native|2021-2025,5.626219,5193,923,0.17773926439437704,dl_native,dl_native
7353,2023,ASOC,Mixed journals,dl_native,2021-2025,Mixed journals|dl_native|2021-2025,5.626219,5193,923,0.17773926439437704,dl_native,dl_native
59883,2021,EVOINT,Core EC journals,dl_native,2021-2025,Core EC journals|dl_native|2021-2025,1.0,86,86,1.0,dl_native,dl_native
97617,2023,SSCI,SSCI (mixed conf.),dl_native,2021-2025,SSCI (mixed conf.)|dl_native|2021-2025,4.0,160,40,0.25,dl_native,dl_native
99345,2018,SSCI,SSCI (mixed conf.),dl_native,2016-2020,SSCI (mixed conf.)|dl_native|2016-2020,4.255319,200,47,0.235,dl_native,dl_native
8355,2022,ASOC,Mixed journals,dl_native,2021-2025,Mixed journals|dl_native|2021-2025,5.626219,5193,923,0.17773926439437704,dl_native,dl_native
79914,2019,INS,Mixed journals,dl_native,2016-2020,Mixed journals|dl_native|2016-2020,5.087719,580,114,0.19655172413793104,dl_native,dl_native
48577,2025,ESWA,Mixed journals,dl_native,2021-2025,Mixed journals|dl_native|2021-2025,5.626219,5193,923,0.17773926439437704,dl_native,dl_native
84271,2024,INS,Mixed journals,dl_native,2021-2025,Mixed journals|dl_native|2021-2025,5.626219,5193,923,0.17773926439437704,dl_native,dl_native
99615,2017,SSCI,SSCI (mixed conf.),other,2016-2020,SSCI (mixed conf.)|other|2016-2020,1.1875,19,16,0.8421052631578947,hybrid,hybrid
97570,2023,SSCI,SSCI (mixed conf.),dl_native,2021-2025,SSCI (mixed conf.)|dl_native|2021-2025,4.0,160,40,0.25,dl_native,dl_native
111378,2020,SOFTCOMP,Mixed journals,other,2016-2020,Mixed journals|other|2016-2020,2.75,66,24,0.36363636363636365,other,other
6100,2017,ASOC,Mixed journals,hybrid,2016-2020,Mixed journals|hybrid|2016-2020,2.0,38,19,0.5,hybrid,hybrid
48224,2025,ESWA,Mixed journals,dl_native,2021-2025,Mixed journals|dl_native|2021-2025,5.626219,5193,923,0.17773926439437704,dl_native,dl_native
118044,2002,CEC,Core EC conferences,other,<=2015,Core EC conferences|other|<=2015,1.0,4,4,1.0,other,other
8844,2022,ASOC,Mixed journals,neuroevolution,2021-2025,Mixed journals|neuroevolution|2021-2025,3.419355,106,31,0.29245283018867924,neuroevolution,neuroevolution
103317,2024,TETCI,Mixed journals,dl_native,2021-2025,Mixed journals|dl_native|2021-2025,5.626219,5193,923,0.17773926439437704,dl_native,other
83593,2021,INS,Mixed journals,hybrid,2021-2025,Mixed journals|hybrid|2021-2025,4.979381,483,97,0.20082815734989648,neuroevolution,neuroevolution
37755,2020,ESWA,Mixed journals,dl_native,2016-2020,Mixed journals|dl_native|2016-2020,5.087719,580,114,0.19655172413793104,dl_native,dl_native
10542,2025,ASOC,Mixed journals,dl_native,2021-2025,Mixed journals|dl_native|2021-2025,5.626219,5193,923,0.17773926439437704,dl_native,dl_native
87580,2025,INS,Mixed journals,dl_native,2021-2025,Mixed journals|dl_native|2021-2025,5.626219,5193,923,0.17773926439437704,dl_native,dl_native
68012,2025,GECCO,Core EC conferences,neuroevolution,2021-2025,Core EC conferences|neuroevolution|2021-2025,3.4375,110,32,0.2909090909090909,neuroevolution,neuroevolution
18745,2019,CEC,Core EC conferences,hybrid,2016-2020,Core EC conferences|hybrid|2016-2020,2.47619,52,21,0.40384615384615385,neuroevolution,hybrid
23240,2020,CIM,Mixed journals,other,2016-2020,Mixed journals|other|2016-2020,2.75,66,24,0.36363636363636365,other,other
49911,2025,ESWA,Mixed journals,dl_native,2021-2025,Mixed journals|dl_native|2021-2025,5.626219,5193,923,0.17773926439437704,dl_native,dl_native
83004,2022,INS,Mixed journals,dl_native,2021-2025,Mixed journals|dl_native|2021-2025,5.626219,5193,923,0.17773926439437704,dl_native,dl_native
41139,2023,ESWA,Mixed journals,dl_native,2021-2025,Mixed journals|dl_native|2021-2025,5.626219,5193,923,0.17773926439437704,dl_native,dl_native
60095,2020,EVOINT,Core EC journals,dl_native,2016-2020,Core EC journals|dl_native|2016-2020,1.0,2,2,1.0,dl_native,dl_native
71730,2017,ICSI,Core EC conferences,hybrid,2016-2020,Core EC conferences|hybrid|2016-2020,2.47619,52,21,0.40384615384615385,hybrid,hybrid
103912,2018,TETCI,Mixed journals,dl_native,2016-2020,Mixed journals|dl_native|2016-2020,5.087719,580,114,0.19655172413793104,dl_native,dl_native
49903,2025,ESWA,Mixed journals,neuroevolution,2021-2025,Mixed journals|neuroevolution|2021-2025,3.419355,106,31,0.29245283018867924,neuroevolution,hybrid
103778,2020,TETCI,Mixed journals,dl_native,2016-2020,Mixed journals|dl_native|2016-2020,5.087719,580,114,0.19655172413793104,dl_native,dl_native
86454,2023,INS,Mixed journals,hybrid,2021-2025,Mixed journals|hybrid|2021-2025,4.979381,483,97,0.20082815734989648,neuroevolution,hybrid
39200,2022,ESWA,Mixed journals,dl_native,2021-2025,Mixed journals|dl_native|2021-2025,5.626219,5193,923,0.17773926439437704,dl_native,dl_native
39294,2022,ESWA,Mixed journals,dl_native,2021-2025,Mixed journals|dl_native|2021-2025,5.626219,5193,923,0.17773926439437704,dl_native,dl_native
71162,2022,ICSI,Core EC conferences,dl_native,2021-2025,Core EC conferences|dl_native|2021-2025,1.0,72,72,1.0,dl_native,dl_native
8474,2021,ASOC,Mixed journals,dl_native,2021-2025,Mixed journals|dl_native|2021-2025,5.626219,5193,923,0.17773926439437704,other,other
99181,2019,SSCI,SSCI (mixed conf.),neuroevolution,2016-2020,SSCI (mixed conf.)|neuroevolution|2016-2020,1.0,15,15,1.0,dl_native,dl_native
49454,2025,ESWA,Mixed journals,dl_native,2021-2025,Mixed journals|dl_native|2021-2025,5.626219,5193,923,0.17773926439437704,dl_native,other
83376,2022,INS,Mixed journals,other,2021-2025,Mixed journals|other|2021-2025,5.048077,525,104,0.1980952380952381,other,other
103556,2022,TETCI,Mixed journals,dl_native,2021-2025,Mixed journals|dl_native|2021-2025,5.626219,5193,923,0.17773926439437704,dl_native,dl_native
66852,2017,GECCO,Core EC conferences,neuroevolution,2016-2020,Core EC conferences|neuroevolution|2016-2020,3.142857,88,28,0.3181818181818182,other,neuroevolution
82523,2022,INS,Mixed journals,other,2021-2025,Mixed journals|other|2021-2025,5.048077,525,104,0.1980952380952381,other,other
10939,2025,ASOC,Mixed journals,dl_native,2021-2025,Mixed journals|dl_native|2021-2025,5.626219,5193,923,0.17773926439437704,dl_native,dl_native
40076,2022,ESWA,Mixed journals,dl_native,2021-2025,Mixed journals|dl_native|2021-2025,5.626219,5193,923,0.17773926439437704,dl_native,dl_native
98470,2020,SSCI,SSCI (mixed conf.),neuroevolution,2016-2020,SSCI (mixed conf.)|neuroevolution|2016-2020,1.0,15,15,1.0,neuroevolution,neuroevolution
98521,2020,SSCI,SSCI (mixed conf.),dl_native,2016-2020,SSCI (mixed conf.)|dl_native|2016-2020,4.255319,200,47,0.235,dl_native,dl_native
111,2021,ACMTELO,Core EC journals,hybrid,2021-2025,Core EC journals|hybrid|2021-2025,3.185185,86,27,0.313953488372093,hybrid,hybrid
37349,2021,ESWA,Mixed journals,dl_native,2021-2025,Mixed journals|dl_native|2021-2025,5.626219,5193,923,0.17773926439437704,dl_native,dl_native
85468,2024,INS,Mixed journals,dl_native,2021-2025,Mixed journals|dl_native|2021-2025,5.626219,5193,923,0.17773926439437704,dl_native,dl_native
82337,2022,INS,Mixed journals,dl_native,2021-2025,Mixed journals|dl_native|2021-2025,5.626219,5193,923,0.17773926439437704,dl_native,dl_native
9458,2021,ASOC,Mixed journals,dl_native,2021-2025,Mixed journals|dl_native|2021-2025,5.626219,5193,923,0.17773926439437704,dl_native,dl_native
4676,2020,ASOC,Mixed journals,neuroevolution,2016-2020,Mixed journals|neuroevolution|2016-2020,1.0,10,10,1.0,neuroevolution,hybrid
11235,2025,ASOC,Mixed journals,dl_native,2021-2025,Mixed journals|dl_native|2021-2025,5.626219,5193,923,0.17773926439437704,dl_native,dl_native
43887,2024,ESWA,Mixed journals,dl_native,2021-2025,Mixed journals|dl_native|2021-2025,5.626219,5193,923,0.17773926439437704,dl_native,dl_native
82521,2022,INS,Mixed journals,other,2021-2025,Mixed journals|other|2021-2025,5.048077,525,104,0.1980952380952381,other,dl_native
44910,2024,ESWA,Mixed journals,dl_native,2021-2025,Mixed journals|dl_native|2021-2025,5.626219,5193,923,0.17773926439437704,dl_native,dl_native
44825,2024,ESWA,Mixed journals,dl_native,2021-2025,Mixed journals|dl_native|2021-2025,5.626219,5193,923,0.17773926439437704,dl_native,other
10149,2025,ASOC,Mixed journals,dl_native,2021-2025,Mixed journals|dl_native|2021-2025,5.626219,5193,923,0.17773926439437704,dl_native,other
97758,2023,SSCI,SSCI (mixed conf.),other,2021-2025,SSCI (mixed conf.)|other|2021-2025,1.0,12,12,1.0,dl_native,other
38494,2019,ESWA,Mixed journals,neuroevolution,2016-2020,Mixed journals|neuroevolution|2016-2020,1.0,10,10,1.0,neuroevolution,neuroevolution
46672,2024,ESWA,Mixed journals,dl_native,2021-2025,Mixed journals|dl_native|2021-2025,5.626219,5193,923,0.17773926439437704,dl_native,dl_native
82620,2022,INS,Mixed journals,dl_native,2021-2025,Mixed journals|dl_native|2021-2025,5.626219,5193,923,0.17773926439437704,dl_native,dl_native
42686,2023,ESWA,Mixed journals,dl_native,2021-2025,Mixed journals|dl_native|2021-2025,5.626219,5193,923,0.17773926439437704,dl_native,dl_native
18756,2019,CEC,Core EC conferences,other,2016-2020,Core EC conferences|other|2016-2020,1.4375,23,16,0.6956521739130435,other,neuroevolution
44836,2024,ESWA,Mixed journals,dl_native,2021-2025,Mixed journals|dl_native|2021-2025,5.626219,5193,923,0.17773926439437704,dl_native,dl_native
69103,2023,GECCO,Core EC conferences,neuroevolution,2021-2025,Core EC conferences|neuroevolution|2021-2025,3.4375,110,32,0.2909090909090909,neuroevolution,neuroevolution
21612,2024,CEC,Core EC conferences,dl_native,2021-2025,Core EC conferences|dl_native|2021-2025,1.0,72,72,1.0,dl_native,dl_native
90997,2025,MEMETIC,Core EC journals,other,2021-2025,Core EC journals|other|2021-2025,2.105263,40,19,0.475,other,other
81675,2022,INS,Mixed journals,dl_native,2021-2025,Mixed journals|dl_native|2021-2025,5.626219,5193,923,0.17773926439437704,dl_native,dl_native
41501,2023,ESWA,Mixed journals,dl_native,2021-2025,Mixed journals|dl_native|2021-2025,5.626219,5193,923,0.17773926439437704,dl_native,dl_native
46385,2024,ESWA,Mixed journals,dl_native,2021-2025,Mixed journals|dl_native|2021-2025,5.626219,5193,923,0.17773926439437704,dl_native,dl_native
82359,2022,INS,Mixed journals,hybrid,2021-2025,Mixed journals|hybrid|2021-2025,4.979381,483,97,0.20082815734989648,neuroevolution,hybrid
99333,2018,SSCI,SSCI (mixed conf.),dl_native,2016-2020,SSCI (mixed conf.)|dl_native|2016-2020,4.255319,200,47,0.235,dl_native,dl_native
81211,2018,INS,Mixed journals,dl_native,2016-2020,Mixed journals|dl_native|2016-2020,5.087719,580,114,0.19655172413793104,dl_native,dl_native
21571,2024,CEC,Core EC conferences,hybrid,2021-2025,Core EC conferences|hybrid|2021-2025,4.351852,235,54,0.2297872340425532,hybrid,hybrid
46256,2024,ESWA,Mixed journals,dl_native,2021-2025,Mixed journals|dl_native|2021-2025,5.626219,5193,923,0.17773926439437704,dl_native,dl_native
104554,2024,TEVC,Core EC journals,hybrid,2021-2025,Core EC journals|hybrid|2021-2025,3.185185,86,27,0.313953488372093,hybrid,hybrid
69528,2022,GECCO,Core EC conferences,neuroevolution,2021-2025,Core EC conferences|neuroevolution|2021-2025,3.4375,110,32,0.2909090909090909,neuroevolution,neuroevolution
42457,2023,ESWA,Mixed journals,dl_native,2021-2025,Mixed journals|dl_native|2021-2025,5.626219,5193,923,0.17773926439437704,dl_native,dl_native
88779,2025,INS,Mixed journals,dl_native,2021-2025,Mixed journals|dl_native|2021-2025,5.626219,5193,923,0.17773926439437704,dl_native,dl_native
10983,2025,ASOC,Mixed journals,dl_native,2021-2025,Mixed journals|dl_native|2021-2025,5.626219,5193,923,0.17773926439437704,dl_native,dl_native
71275,2020,ICSI,Core EC conferences,dl_native,2016-2020,Core EC conferences|dl_native|2016-2020,1.0,42,42,1.0,dl_native,dl_native
11484,2025,ASOC,Mixed journals,other,2021-2025,Mixed journals|other|2021-2025,5.048077,525,104,0.1980952380952381,other,other
22174,2022,CEC,Core EC conferences,dl_native,2021-2025,Core EC conferences|dl_native|2021-2025,1.0,72,72,1.0,dl_native,dl_native
22412,2021,CEC,Core EC conferences,other,2021-2025,Core EC conferences|other|2021-2025,2.521739,58,23,0.39655172413793105,other,other
68761,2024,GECCO,Core EC conferences,hybrid,2021-2025,Core EC conferences|hybrid|2021-2025,4.351852,235,54,0.2297872340425532,hybrid,hybrid
47808,2025,ESWA,Mixed journals,dl_native,2021-2025,Mixed journals|dl_native|2021-2025,5.626219,5193,923,0.17773926439437704,dl_native,other
45363,2024,ESWA,Mixed journals,other,2021-2025,Mixed journals|other|2021-2025,5.048077,525,104,0.1980952380952381,other,other
42385,2023,ESWA,Mixed journals,dl_native,2021-2025,Mixed journals|dl_native|2021-2025,5.626219,5193,923,0.17773926439437704,dl_native,dl_native
59692,2023,EVOINT,Core EC journals,dl_native,2021-2025,Core EC journals|dl_native|2021-2025,1.0,86,86,1.0,dl_native,dl_native
104691,2023,TEVC,Core EC journals,hybrid,2021-2025,Core EC journals|hybrid|2021-2025,3.185185,86,27,0.313953488372093,hybrid,hybrid
83334,2021,INS,Mixed journals,dl_native,2021-2025,Mixed journals|dl_native|2021-2025,5.626219,5193,923,0.17773926439437704,dl_native,dl_native
103355,2024,TETCI,Mixed journals,dl_native,2021-2025,Mixed journals|dl_native|2021-2025,5.626219,5193,923,0.17773926439437704,dl_native,dl_native
67442,2015,GECCO,Core EC conferences,hybrid,<=2015,Core EC conferences|hybrid|<=2015,1.0,8,8,1.0,neuroevolution,hybrid
80333,2020,INS,Mixed journals,dl_native,2016-2020,Mixed journals|dl_native|2016-2020,5.087719,580,114,0.19655172413793104,dl_native,dl_native
49704,2025,ESWA,Mixed journals,dl_native,2021-2025,Mixed journals|dl_native|2021-2025,5.626219,5193,923,0.17773926439437704,dl_native,dl_native
48923,2025,ESWA,Mixed journals,other,2021-2025,Mixed journals|other|2021-2025,5.048077,525,104,0.1980952380952381,dl_native,dl_native
99360,2018,SSCI,SSCI (mixed conf.),hybrid,2016-2020,SSCI (mixed conf.)|hybrid|2016-2020,1.0,8,8,1.0,hybrid,hybrid
70526,2019,GPEM,Core EC journals,neuroevolution,2016-2020,Core EC journals|neuroevolution|2016-2020,1.0,8,8,1.0,neuroevolution,neuroevolution
70966,2024,ICSI,Core EC conferences,dl_native,2021-2025,Core EC conferences|dl_native|2021-2025,1.0,72,72,1.0,dl_native,dl_native
5837,2018,ASOC,Mixed journals,neuroevolution,2016-2020,Mixed journals|neuroevolution|2016-2020,1.0,10,10,1.0,neuroevolution,neuroevolution
104316,2025,TEVC,Core EC journals,dl_native,2021-2025,Core EC journals|dl_native|2021-2025,1.0,86,86,1.0,hybrid,dl_native
97543,2023,SSCI,SSCI (mixed conf.),hybrid,2021-2025,SSCI (mixed conf.)|hybrid|2021-2025,1.0,9,9,1.0,dl_native,hybrid
65214,2020,GECCO,Core EC conferences,neuroevolution,2016-2020,Core EC conferences|neuroevolution|2016-2020,3.142857,88,28,0.3181818181818182,neuroevolution,neuroevolution
42721,2023,ESWA,Mixed journals,neuroevolution,2021-2025,Mixed journals|neuroevolution|2021-2025,3.419355,106,31,0.29245283018867924,neuroevolution,neuroevolution
10565,2025,ASOC,Mixed journals,dl_native,2021-2025,Mixed journals|dl_native|2021-2025,5.626219,5193,923,0.17773926439437704,dl_native,dl_native
48300,2025,ESWA,Mixed journals,other,2021-2025,Mixed journals|other|2021-2025,5.048077,525,104,0.1980952380952381,other,other
59587,2023,EVOINT,Core EC journals,dl_native,2021-2025,Core EC journals|dl_native|2021-2025,1.0,86,86,1.0,dl_native,dl_native
9970,2025,ASOC,Mixed journals,dl_native,2021-2025,Mixed journals|dl_native|2021-2025,5.626219,5193,923,0.17773926439437704,dl_native,dl_native
47491,2025,ESWA,Mixed journals,dl_native,2021-2025,Mixed journals|dl_native|2021-2025,5.626219,5193,923,0.17773926439437704,dl_native,dl_native
87512,2025,INS,Mixed journals,dl_native,2021-2025,Mixed journals|dl_native|2021-2025,5.626219,5193,923,0.17773926439437704,dl_native,dl_native
34226,2018,ESWA,Mixed journals,dl_native,2016-2020,Mixed journals|dl_native|2016-2020,5.087719,580,114,0.19655172413793104,dl_native,dl_native
86745,2023,INS,Mixed journals,dl_native,2021-2025,Mixed journals|dl_native|2021-2025,5.626219,5193,923,0.17773926439437704,dl_native,dl_native
6086,2018,ASOC,Mixed journals,hybrid,2016-2020,Mixed journals|hybrid|2016-2020,2.0,38,19,0.5,hybrid,hybrid
34111,2018,ESWA,Mixed journals,dl_native,2016-2020,Mixed journals|dl_native|2016-2020,5.087719,580,114,0.19655172413793104,dl_native,dl_native
42956,2023,ESWA,Mixed journals,dl_native,2021-2025,Mixed journals|dl_native|2021-2025,5.626219,5193,923,0.17773926439437704,dl_native,dl_native
42354,2023,ESWA,Mixed journals,dl_native,2021-2025,Mixed journals|dl_native|2021-2025,5.626219,5193,923,0.17773926439437704,dl_native,dl_native
65177,2020,GECCO,Core EC conferences,hybrid,2016-2020,Core EC conferences|hybrid|2016-2020,2.47619,52,21,0.40384615384615385,hybrid,dl_native
48155,2025,ESWA,Mixed journals,dl_native,2021-2025,Mixed journals|dl_native|2021-2025,5.626219,5193,923,0.17773926439437704,dl_native,dl_native
97499,2023,SSCI,SSCI (mixed conf.),hybrid,2021-2025,SSCI (mixed conf.)|hybrid|2021-2025,1.0,9,9,1.0,hybrid,hybrid
44867,2024,ESWA,Mixed journals,dl_native,2021-2025,Mixed journals|dl_native|2021-2025,5.626219,5193,923,0.17773926439437704,dl_native,dl_native
40672,2022,ESWA,Mixed journals,dl_native,2021-2025,Mixed journals|dl_native|2021-2025,5.626219,5193,923,0.17773926439437704,dl_native,dl_native
84658,2024,INS,Mixed journals,dl_native,2021-2025,Mixed journals|dl_native|2021-2025,5.626219,5193,923,0.17773926439437704,dl_native,dl_native
20594,2015,CEC,Core EC conferences,other,<=2015,Core EC conferences|other|<=2015,1.0,4,4,1.0,other,other
42537,2023,ESWA,Mixed journals,dl_native,2021-2025,Mixed journals|dl_native|2021-2025,5.626219,5193,923,0.17773926439437704,dl_native,dl_native
100957,2025,SWEVC,Core EC journals,other,2021-2025,Core EC journals|other|2021-2025,2.105263,40,19,0.475,hybrid,other
44677,2024,ESWA,Mixed journals,dl_native,2021-2025,Mixed journals|dl_native|2021-2025,5.626219,5193,923,0.17773926439437704,dl_native,other
7987,2022,ASOC,Mixed journals,dl_native,2021-2025,Mixed journals|dl_native|2021-2025,5.626219,5193,923,0.17773926439437704,dl_native,dl_native
5977,2018,ASOC,Mixed journals,dl_native,2016-2020,Mixed journals|dl_native|2016-2020,5.087719,580,114,0.19655172413793104,dl_native,dl_native
10301,2025,ASOC,Mixed journals,dl_native,2021-2025,Mixed journals|dl_native|2021-2025,5.626219,5193,923,0.17773926439437704,dl_native,dl_native
97642,2023,SSCI,SSCI (mixed conf.),dl_native,2021-2025,SSCI (mixed conf.)|dl_native|2021-2025,4.0,160,40,0.25,dl_native,dl_native
103460,2023,TETCI,Mixed journals,dl_native,2021-2025,Mixed journals|dl_native|2021-2025,5.626219,5193,923,0.17773926439437704,dl_native,dl_native
68379,2024,GECCO,Core EC conferences,dl_native,2021-2025,Core EC conferences|dl_native|2021-2025,1.0,72,72,1.0,dl_native,hybrid
98251,2021,SSCI,SSCI (mixed conf.),dl_native,2021-2025,SSCI (mixed conf.)|dl_native|2021-2025,4.0,160,40,0.25,dl_native,dl_native
71498,2018,ICSI,Core EC conferences,dl_native,2016-2020,Core EC conferences|dl_native|2016-2020,1.0,42,42,1.0,dl_native,dl_native
38862,2019,ESWA,Mixed journals,hybrid,2016-2020,Mixed journals|hybrid|2016-2020,2.0,38,19,0.5,dl_native,dl_native
11583,2024,ASOC,Mixed journals,dl_native,2021-2025,Mixed journals|dl_native|2021-2025,5.626219,5193,923,0.17773926439437704,dl_native,dl_native
37426,2021,ESWA,Mixed journals,hybrid,2021-2025,Mixed journals|hybrid|2021-2025,4.979381,483,97,0.20082815734989648,neuroevolution,hybrid
59660,2024,EVOINT,Core EC journals,dl_native,2021-2025,Core EC journals|dl_native|2021-2025,1.0,86,86,1.0,dl_native,dl_native
69293,2023,GECCO,Core EC conferences,hybrid,2021-2025,Core EC conferences|hybrid|2021-2025,4.351852,235,54,0.2297872340425532,hybrid,hybrid
66186,2018,GECCO,Core EC conferences,neuroevolution,2016-2020,Core EC conferences|neuroevolution|2016-2020,3.142857,88,28,0.3181818181818182,neuroevolution,neuroevolution
44056,2024,ESWA,Mixed journals,dl_native,2021-2025,Mixed journals|dl_native|2021-2025,5.626219,5193,923,0.17773926439437704,dl_native,dl_native
48151,2025,ESWA,Mixed journals,dl_native,2021-2025,Mixed journals|dl_native|2021-2025,5.626219,5193,923,0.17773926439437704,dl_native,dl_native
97741,2023,SSCI,SSCI (mixed conf.),neuroevolution,2021-2025,SSCI (mixed conf.)|neuroevolution|2021-2025,1.0,8,8,1.0,neuroevolution,neuroevolution
33701,2017,ESWA,Mixed journals,dl_native,2016-2020,Mixed journals|dl_native|2016-2020,5.087719,580,114,0.19655172413793104,dl_native,dl_native
50023,2025,ESWA,Mixed journals,hybrid,2021-2025,Mixed journals|hybrid|2021-2025,4.979381,483,97,0.20082815734989648,hybrid,hybrid
97683,2023,SSCI,SSCI (mixed conf.),neuroevolution,2021-2025,SSCI (mixed conf.)|neuroevolution|2021-2025,1.0,8,8,1.0,neuroevolution,neuroevolution
97578,2023,SSCI,SSCI (mixed conf.),neuroevolution,2021-2025,SSCI (mixed conf.)|neuroevolution|2021-2025,1.0,8,8,1.0,neuroevolution,other
42705,2023,ESWA,Mixed journals,dl_native,2021-2025,Mixed journals|dl_native|2021-2025,5.626219,5193,923,0.17773926439437704,dl_native,dl_native
70514,2019,GPEM,Core EC journals,neuroevolution,2016-2020,Core EC journals|neuroevolution|2016-2020,1.0,8,8,1.0,neuroevolution,neuroevolution
115486,2024,SOFTCOMP,Mixed journals,dl_native,2021-2025,Mixed journals|dl_native|2021-2025,5.626219,5193,923,0.17773926439437704,dl_native,dl_native
19106,2018,CEC,Core EC conferences,neuroevolution,2016-2020,Core EC conferences|neuroevolution|2016-2020,3.142857,88,28,0.3181818181818182,neuroevolution,neuroevolution
98618,2020,SSCI,SSCI (mixed conf.),hybrid,2016-2020,SSCI (mixed conf.)|hybrid|2016-2020,1.0,8,8,1.0,dl_native,dl_native
86556,2023,INS,Mixed journals,dl_native,2021-2025,Mixed journals|dl_native|2021-2025,5.626219,5193,923,0.17773926439437704,dl_native,dl_native
39784,2022,ESWA,Mixed journals,dl_native,2021-2025,Mixed journals|dl_native|2021-2025,5.626219,5193,923,0.17773926439437704,dl_native,dl_native
83688,2021,INS,Mixed journals,dl_native,2021-2025,Mixed journals|dl_native|2021-2025,5.626219,5193,923,0.17773926439437704,dl_native,other
45203,2024,ESWA,Mixed journals,dl_native,2021-2025,Mixed journals|dl_native|2021-2025,5.626219,5193,923,0.17773926439437704,dl_native,dl_native
21942,2023,CEC,Core EC conferences,dl_native,2021-2025,Core EC conferences|dl_native|2021-2025,1.0,72,72,1.0,hybrid,dl_native
69366,2023,GECCO,Core EC conferences,other,2021-2025,Core EC conferences|other|2021-2025,2.521739,58,23,0.39655172413793105,hybrid,other
4934,2020,ASOC,Mixed journals,other,2016-2020,Mixed journals|other|2016-2020,2.75,66,24,0.36363636363636365,other,other
67729,2025,GECCO,Core EC conferences,dl_native,2021-2025,Core EC conferences|dl_native|2021-2025,1.0,72,72,1.0,hybrid,other
67785,2025,GECCO,Core EC conferences,hybrid,2021-2025,Core EC conferences|hybrid|2021-2025,4.351852,235,54,0.2297872340425532,hybrid,hybrid
45998,2024,ESWA,Mixed journals,dl_native,2021-2025,Mixed journals|dl_native|2021-2025,5.626219,5193,923,0.17773926439437704,dl_native,dl_native
8841,2022,ASOC,Mixed journals,hybrid,2021-2025,Mixed journals|hybrid|2021-2025,4.979381,483,97,0.20082815734989648,dl_native,other
10713,2025,ASOC,Mixed journals,dl_native,2021-2025,Mixed journals|dl_native|2021-2025,5.626219,5193,923,0.17773926439437704,dl_native,dl_native
46511,2024,ESWA,Mixed journals,hybrid,2021-2025,Mixed journals|hybrid|2021-2025,4.979381,483,97,0.20082815734989648,hybrid,hybrid
38364,2019,ESWA,Mixed journals,dl_native,2016-2020,Mixed journals|dl_native|2016-2020,5.087719,580,114,0.19655172413793104,dl_native,dl_native
59231,2024,EVOINT,Core EC journals,dl_native,2021-2025,Core EC journals|dl_native|2021-2025,1.0,86,86,1.0,dl_native,dl_native
21459,2025,CEC,Core EC conferences,dl_native,2021-2025,Core EC conferences|dl_native|2021-2025,1.0,72,72,1.0,dl_native,dl_native
10728,2025,ASOC,Mixed journals,other,2021-2025,Mixed journals|other|2021-2025,5.048077,525,104,0.1980952380952381,dl_native,dl_native
29297,2011,ESWA,Mixed journals,other,<=2015,Mixed journals|other|<=2015,1.529412,26,17,0.6538461538461539,other,other
59424,2024,EVOINT,Core EC journals,hybrid,2021-2025,Core EC journals|hybrid|2021-2025,3.185185,86,27,0.313953488372093,neuroevolution,neuroevolution
80643,2019,INS,Mixed journals,dl_native,2016-2020,Mixed journals|dl_native|2016-2020,5.087719,580,114,0.19655172413793104,dl_native,dl_native
67972,2025,GECCO,Core EC conferences,dl_native,2021-2025,Core EC conferences|dl_native|2021-2025,1.0,72,72,1.0,dl_native,dl_native
98132,2021,SSCI,SSCI (mixed conf.),dl_native,2021-2025,SSCI (mixed conf.)|dl_native|2021-2025,4.0,160,40,0.25,dl_native,dl_native
11987,2024,ASOC,Mixed journals,dl_native,2021-2025,Mixed journals|dl_native|2021-2025,5.626219,5193,923,0.17773926439437704,dl_native,dl_native
111885,2021,SOFTCOMP,Mixed journals,dl_native,2021-2025,Mixed journals|dl_native|2021-2025,5.626219,5193,923,0.17773926439437704,dl_native,dl_native
97730,2023,SSCI,SSCI (mixed conf.),dl_native,2021-2025,SSCI (mixed conf.)|dl_native|2021-2025,4.0,160,40,0.25,dl_native,dl_native
103115,2025,TETCI,Mixed journals,dl_native,2021-2025,Mixed journals|dl_native|2021-2025,5.626219,5193,923,0.17773926439437704,dl_native,dl_native
43408,2024,ESWA,Mixed journals,dl_native,2021-2025,Mixed journals|dl_native|2021-2025,5.626219,5193,923,0.17773926439437704,dl_native,dl_native
36597,2021,ESWA,Mixed journals,dl_native,2021-2025,Mixed journals|dl_native|2021-2025,5.626219,5193,923,0.17773926439437704,dl_native,dl_native
71444,2018,ICSI,Core EC conferences,dl_native,2016-2020,Core EC conferences|dl_native|2016-2020,1.0,42,42,1.0,dl_native,dl_native
7515,2023,ASOC,Mixed journals,dl_native,2021-2025,Mixed journals|dl_native|2021-2025,5.626219,5193,923,0.17773926439437704,dl_native,dl_native
10169,2025,ASOC,Mixed journals,hybrid,2021-2025,Mixed journals|hybrid|2021-2025,4.979381,483,97,0.20082815734989648,neuroevolution,hybrid
46182,2024,ESWA,Mixed journals,dl_native,2021-2025,Mixed journals|dl_native|2021-2025,5.626219,5193,923,0.17773926439437704,dl_native,dl_native
43737,2024,ESWA,Mixed journals,dl_native,2021-2025,Mixed journals|dl_native|2021-2025,5.626219,5193,923,0.17773926439437704,dl_native,dl_native
36003,2021,ESWA,Mixed journals,dl_native,2021-2025,Mixed journals|dl_native|2021-2025,5.626219,5193,923,0.17773926439437704,dl_native,dl_native
4841,2020,ASOC,Mixed journals,dl_native,2016-2020,Mixed journals|dl_native|2016-2020,5.087719,580,114,0.19655172413793104,dl_native,dl_native
38453,2020,ESWA,Mixed journals,hybrid,2016-2020,Mixed journals|hybrid|2016-2020,2.0,38,19,0.5,dl_native,hybrid
10138,2025,ASOC,Mixed journals,hybrid,2021-2025,Mixed journals|hybrid|2021-2025,4.979381,483,97,0.20082815734989648,neuroevolution,hybrid
39374,2022,ESWA,Mixed journals,other,2021-2025,Mixed journals|other|2021-2025,5.048077,525,104,0.1980952380952381,other,other
45869,2024,ESWA,Mixed journals,hybrid,2021-2025,Mixed journals|hybrid|2021-2025,4.979381,483,97,0.20082815734989648,hybrid,hybrid
21382,2025,CEC,Core EC conferences,dl_native,2021-2025,Core EC conferences|dl_native|2021-2025,1.0,72,72,1.0,dl_native,hybrid
11934,2024,ASOC,Mixed journals,neuroevolution,2021-2025,Mixed journals|neuroevolution|2021-2025,3.419355,106,31,0.29245283018867924,neuroevolution,neuroevolution
22130,2022,CEC,Core EC conferences,hybrid,2021-2025,Core EC conferences|hybrid|2021-2025,4.351852,235,54,0.2297872340425532,hybrid,hybrid
16516,2012,CEC,Core EC conferences,other,<=2015,Core EC conferences|other|<=2015,1.0,4,4,1.0,other,other
11399,2024,ASOC,Mixed journals,dl_native,2021-2025,Mixed journals|dl_native|2021-2025,5.626219,5193,923,0.17773926439437704,dl_native,dl_native
37916,2019,ESWA,Mixed journals,dl_native,2016-2020,Mixed journals|dl_native|2016-2020,5.087719,580,114,0.19655172413793104,dl_native,dl_native
95096,2015,SSCI,SSCI (mixed conf.),dl_native,<=2015,SSCI (mixed conf.)|dl_native|<=2015,1.0,6,6,1.0,dl_native,dl_native
83971,2021,INS,Mixed journals,dl_native,2021-2025,Mixed journals|dl_native|2021-2025,5.626219,5193,923,0.17773926439437704,dl_native,dl_native
10071,2025,ASOC,Mixed journals,hybrid,2021-2025,Mixed journals|hybrid|2021-2025,4.979381,483,97,0.20082815734989648,neuroevolution,neuroevolution
10209,2025,ASOC,Mixed journals,dl_native,2021-2025,Mixed journals|dl_native|2021-2025,5.626219,5193,923,0.17773926439437704,dl_native,dl_native
91059,2024,MEMETIC,Core EC journals,neuroevolution,2021-2025,Core EC journals|neuroevolution|2021-2025,2.333333,49,21,0.42857142857142855,neuroevolution,hybrid
103911,2020,TETCI,Mixed journals,dl_native,2016-2020,Mixed journals|dl_native|2016-2020,5.087719,580,114,0.19655172413793104,dl_native,dl_native
8162,2023,ASOC,Mixed journals,dl_native,2021-2025,Mixed journals|dl_native|2021-2025,5.626219,5193,923,0.17773926439437704,dl_native,dl_native
103913,2020,TETCI,Mixed journals,dl_native,2016-2020,Mixed journals|dl_native|2016-2020,5.087719,580,114,0.19655172413793104,dl_native,other
59565,2024,EVOINT,Core EC journals,dl_native,2021-2025,Core EC journals|dl_native|2021-2025,1.0,86,86,1.0,dl_native,dl_native
45060,2024,ESWA,Mixed journals,other,2021-2025,Mixed journals|other|2021-2025,5.048077,525,104,0.1980952380952381,dl_native,dl_native
59884,2022,EVOINT,Core EC journals,dl_native,2021-2025,Core EC journals|dl_native|2021-2025,1.0,86,86,1.0,dl_native,dl_native
68614,2024,GECCO,Core EC conferences,hybrid,2021-2025,Core EC conferences|hybrid|2021-2025,4.351852,235,54,0.2297872340425532,hybrid,hybrid
41346,2023,ESWA,Mixed journals,dl_native,2021-2025,Mixed journals|dl_native|2021-2025,5.626219,5193,923,0.17773926439437704,dl_native,dl_native
10739,2025,ASOC,Mixed journals,other,2021-2025,Mixed journals|other|2021-2025,5.048077,525,104,0.1980952380952381,other,other
45858,2024,ESWA,Mixed journals,dl_native,2021-2025,Mixed journals|dl_native|2021-2025,5.626219,5193,923,0.17773926439437704,dl_native,dl_native
68641,2024,GECCO,Core EC conferences,other,2021-2025,Core EC conferences|other|2021-2025,2.521739,58,23,0.39655172413793105,dl_native,other
97911,2022,SSCI,SSCI (mixed conf.),dl_native,2021-2025,SSCI (mixed conf.)|dl_native|2021-2025,4.0,160,40,0.25,dl_native,dl_native
41525,2023,ESWA,Mixed journals,dl_native,2021-2025,Mixed journals|dl_native|2021-2025,5.626219,5193,923,0.17773926439437704,dl_native,dl_native
37797,2020,ESWA,Mixed journals,dl_native,2016-2020,Mixed journals|dl_native|2016-2020,5.087719,580,114,0.19655172413793104,dl_native,dl_native
8378,2022,ASOC,Mixed journals,hybrid,2021-2025,Mixed journals|hybrid|2021-2025,4.979381,483,97,0.20082815734989648,other,hybrid
59650,2024,EVOINT,Core EC journals,dl_native,2021-2025,Core EC journals|dl_native|2021-2025,1.0,86,86,1.0,dl_native,dl_native
98716,2020,SSCI,SSCI (mixed conf.),hybrid,2016-2020,SSCI (mixed conf.)|hybrid|2016-2020,1.0,8,8,1.0,hybrid,neuroevolution
39846,2022,ESWA,Mixed journals,dl_native,2021-2025,Mixed journals|dl_native|2021-2025,5.626219,5193,923,0.17773926439437704,dl_native,dl_native
84300,2024,INS,Mixed journals,dl_native,2021-2025,Mixed journals|dl_native|2021-2025,5.626219,5193,923,0.17773926439437704,dl_native,dl_native
69119,2023,GECCO,Core EC conferences,hybrid,2021-2025,Core EC conferences|hybrid|2021-2025,4.351852,235,54,0.2297872340425532,hybrid,hybrid
103965,2018,TETCI,Mixed journals,dl_native,2016-2020,Mixed journals|dl_native|2016-2020,5.087719,580,114,0.19655172413793104,dl_native,dl_native
45894,2024,ESWA,Mixed journals,dl_native,2021-2025,Mixed journals|dl_native|2021-2025,5.626219,5193,923,0.17773926439437704,dl_native,dl_native
47891,2025,ESWA,Mixed journals,hybrid,2021-2025,Mixed journals|hybrid|2021-2025,4.979381,483,97,0.20082815734989648,neuroevolution,hybrid
18689,2019,CEC,Core EC conferences,hybrid,2016-2020,Core EC conferences|hybrid|2016-2020,2.47619,52,21,0.40384615384615385,neuroevolution,hybrid
84532,2024,INS,Mixed journals,dl_native,2021-2025,Mixed journals|dl_native|2021-2025,5.626219,5193,923,0.17773926439437704,dl_native,dl_native
8330,2022,ASOC,Mixed journals,other,2021-2025,Mixed journals|other|2021-2025,5.048077,525,104,0.1980952380952381,dl_native,dl_native
103751,2022,TETCI,Mixed journals,other,2021-2025,Mixed journals|other|2021-2025,5.048077,525,104,0.1980952380952381,other,other
47636,2025,ESWA,Mixed journals,dl_native,2021-2025,Mixed journals|dl_native|2021-2025,5.626219,5193,923,0.17773926439437704,dl_native,dl_native
44584,2024,ESWA,Mixed journals,dl_native,2021-2025,Mixed journals|dl_native|2021-2025,5.626219,5193,923,0.17773926439437704,dl_native,dl_native
33645,2018,ESWA,Mixed journals,dl_native,2016-2020,Mixed journals|dl_native|2016-2020,5.087719,580,114,0.19655172413793104,dl_native,dl_native
59481,2024,EVOINT,Core EC journals,dl_native,2021-2025,Core EC journals|dl_native|2021-2025,1.0,86,86,1.0,dl_native,other
48925,2025,ESWA,Mixed journals,dl_native,2021-2025,Mixed journals|dl_native|2021-2025,5.626219,5193,923,0.17773926439437704,dl_native,dl_native
62716,2014,GECCO,Core EC conferences,hybrid,<=2015,Core EC conferences|hybrid|<=2015,1.0,8,8,1.0,hybrid,hybrid
102960,2025,TETCI,Mixed journals,dl_native,2021-2025,Mixed journals|dl_native|2021-2025,5.626219,5193,923,0.17773926439437704,dl_native,dl_native
59478,2024,EVOINT,Core EC journals,other,2021-2025,Core EC journals|other|2021-2025,2.105263,40,19,0.475,other,other
4435,2019,ASOC,Mixed journals,other,2016-2020,Mixed journals|other|2016-2020,2.75,66,24,0.36363636363636365,dl_native,dl_native
59348,2024,EVOINT,Core EC journals,dl_native,2021-2025,Core EC journals|dl_native|2021-2025,1.0,86,86,1.0,dl_native,dl_native
103529,2023,TETCI,Mixed journals,dl_native,2021-2025,Mixed journals|dl_native|2021-2025,5.626219,5193,923,0.17773926439437704,dl_native,dl_native
18504,2019,CEC,Core EC conferences,other,2016-2020,Core EC conferences|other|2016-2020,1.4375,23,16,0.6956521739130435,other,other
5352,2019,ASOC,Mixed journals,hybrid,2016-2020,Mixed journals|hybrid|2016-2020,2.0,38,19,0.5,dl_native,other
46663,2024,ESWA,Mixed journals,other,2021-2025,Mixed journals|other|2021-2025,5.048077,525,104,0.1980952380952381,other,other
24235,2025,EMO,Core EC conferences,dl_native,2021-2025,Core EC conferences|dl_native|2021-2025,1.0,72,72,1.0,dl_native,neuroevolution
45406,2024,ESWA,Mixed journals,other,2021-2025,Mixed journals|other|2021-2025,5.048077,525,104,0.1980952380952381,other,other
42260,2023,ESWA,Mixed journals,hybrid,2021-2025,Mixed journals|hybrid|2021-2025,4.979381,483,97,0.20082815734989648,neuroevolution,hybrid
103369,2025,TETCI,Mixed journals,hybrid,2021-2025,Mixed journals|hybrid|2021-2025,4.979381,483,97,0.20082815734989648,hybrid,hybrid
59138,2025,EVOINT,Core EC journals,other,2021-2025,Core EC journals|other|2021-2025,2.105263,40,19,0.475,other,other
12060,2024,ASOC,Mixed journals,other,2021-2025,Mixed journals|other|2021-2025,5.048077,525,104,0.1980952380952381,other,other
98062,2021,SSCI,SSCI (mixed conf.),dl_native,2021-2025,SSCI (mixed conf.)|dl_native|2021-2025,4.0,160,40,0.25,dl_native,other
36802,2021,ESWA,Mixed journals,dl_native,2021-2025,Mixed journals|dl_native|2021-2025,5.626219,5193,923,0.17773926439437704,dl_native,dl_native
37699,2021,ESWA,Mixed journals,dl_native,2021-2025,Mixed journals|dl_native|2021-2025,5.626219,5193,923,0.17773926439437704,dl_native,dl_native
41231,2023,ESWA,Mixed journals,dl_native,2021-2025,Mixed journals|dl_native|2021-2025,5.626219,5193,923,0.17773926439437704,dl_native,dl_native
104676,2023,TEVC,Core EC journals,hybrid,2021-2025,Core EC journals|hybrid|2021-2025,3.185185,86,27,0.313953488372093,hybrid,hybrid
7881,2022,ASOC,Mixed journals,neuroevolution,2021-2025,Mixed journals|neuroevolution|2021-2025,3.419355,106,31,0.29245283018867924,neuroevolution,neuroevolution
49868,2025,ESWA,Mixed journals,dl_native,2021-2025,Mixed journals|dl_native|2021-2025,5.626219,5193,923,0.17773926439437704,dl_native,dl_native
82168,2022,INS,Mixed journals,dl_native,2021-2025,Mixed journals|dl_native|2021-2025,5.626219,5193,923,0.17773926439437704,dl_native,dl_native
37493,2020,ESWA,Mixed journals,dl_native,2016-2020,Mixed journals|dl_native|2016-2020,5.087719,580,114,0.19655172413793104,dl_native,dl_native
10583,2025,ASOC,Mixed journals,dl_native,2021-2025,Mixed journals|dl_native|2021-2025,5.626219,5193,923,0.17773926439437704,dl_native,dl_native
102971,2025,TETCI,Mixed journals,dl_native,2021-2025,Mixed journals|dl_native|2021-2025,5.626219,5193,923,0.17773926439437704,dl_native,dl_native
77820,2015,INS,Mixed journals,dl_native,<=2015,Mixed journals|dl_native|<=2015,1.0,13,13,1.0,dl_native,hybrid
11182,2025,ASOC,Mixed journals,other,2021-2025,Mixed journals|other|2021-2025,5.048077,525,104,0.1980952380952381,other,other
38424,2020,ESWA,Mixed journals,neuroevolution,2016-2020,Mixed journals|neuroevolution|2016-2020,1.0,10,10,1.0,neuroevolution,neuroevolution
59602,2024,EVOINT,Core EC journals,neuroevolution,2021-2025,Core EC journals|neuroevolution|2021-2025,2.333333,49,21,0.42857142857142855,neuroevolution,hybrid
48875,2025,ESWA,Mixed journals,dl_native,2021-2025,Mixed journals|dl_native|2021-2025,5.626219,5193,923,0.17773926439437704,dl_native,dl_native
34054,2017,ESWA,Mixed journals,dl_native,2016-2020,Mixed journals|dl_native|2016-2020,5.087719,580,114,0.19655172413793104,dl_native,dl_native
42314,2023,ESWA,Mixed journals,dl_native,2021-2025,Mixed journals|dl_native|2021-2025,5.626219,5193,923,0.17773926439437704,dl_native,dl_native
49392,2025,ESWA,Mixed journals,dl_native,2021-2025,Mixed journals|dl_native|2021-2025,5.626219,5193,923,0.17773926439437704,dl_native,dl_native
46629,2024,ESWA,Mixed journals,other,2021-2025,Mixed journals|other|2021-2025,5.048077,525,104,0.1980952380952381,other,other
62608,2014,GECCO,Core EC conferences,neuroevolution,<=2015,Core EC conferences|neuroevolution|<=2015,1.0,6,6,1.0,neuroevolution,hybrid
36871,2020,ESWA,Mixed journals,dl_native,2016-2020,Mixed journals|dl_native|2016-2020,5.087719,580,114,0.19655172413793104,dl_native,dl_native
39083,2022,ESWA,Mixed journals,dl_native,2021-2025,Mixed journals|dl_native|2021-2025,5.626219,5193,923,0.17773926439437704,dl_native,dl_native
22342,2021,CEC,Core EC conferences,neuroevolution,2021-2025,Core EC conferences|neuroevolution|2021-2025,3.4375,110,32,0.2909090909090909,neuroevolution,neuroevolution
12196,2024,ASOC,Mixed journals,dl_native,2021-2025,Mixed journals|dl_native|2021-2025,5.626219,5193,923,0.17773926439437704,dl_native,other
83210,2021,INS,Mixed journals,dl_native,2021-2025,Mixed journals|dl_native|2021-2025,5.626219,5193,923,0.17773926439437704,dl_native,dl_native
104787,2022,TEVC,Core EC journals,hybrid,2021-2025,Core EC journals|hybrid|2021-2025,3.185185,86,27,0.313953488372093,hybrid,hybrid
43729,2024,ESWA,Mixed journals,dl_native,2021-2025,Mixed journals|dl_native|2021-2025,5.626219,5193,923,0.17773926439437704,dl_native,dl_native
95103,2015,SSCI,SSCI (mixed conf.),other,<=2015,SSCI (mixed conf.)|other|<=2015,1.0,2,2,1.0,other,other
59810,2023,EVOINT,Core EC journals,dl_native,2021-2025,Core EC journals|dl_native|2021-2025,1.0,86,86,1.0,dl_native,dl_native
46156,2024,ESWA,Mixed journals,dl_native,2021-2025,Mixed journals|dl_native|2021-2025,5.626219,5193,923,0.17773926439437704,dl_native,dl_native
10772,2025,ASOC,Mixed journals,dl_native,2021-2025,Mixed journals|dl_native|2021-2025,5.626219,5193,923,0.17773926439437704,dl_native,dl_native
79482,2020,INS,Mixed journals,dl_native,2016-2020,Mixed journals|dl_native|2016-2020,5.087719,580,114,0.19655172413793104,dl_native,dl_native
7090,2023,ASOC,Mixed journals,dl_native,2021-2025,Mixed journals|dl_native|2021-2025,5.626219,5193,923,0.17773926439437704,dl_native,dl_native
10548,2025,ASOC,Mixed journals,other,2021-2025,Mixed journals|other|2021-2025,5.048077,525,104,0.1980952380952381,other,other
103564,2024,TETCI,Mixed journals,dl_native,2021-2025,Mixed journals|dl_native|2021-2025,5.626219,5193,923,0.17773926439437704,dl_native,dl_native
57791,2023,EVOAPP,Core EC conferences,dl_native,2021-2025,Core EC conferences|dl_native|2021-2025,1.0,72,72,1.0,dl_native,dl_native
9480,2021,ASOC,Mixed journals,dl_native,2021-2025,Mixed journals|dl_native|2021-2025,5.626219,5193,923,0.17773926439437704,dl_native,dl_native
58828,2015,EVOCOP,Core EC conferences,neuroevolution,<=2015,Core EC conferences|neuroevolution|<=2015,1.0,6,6,1.0,neuroevolution,neuroevolution
21738,2024,CEC,Core EC conferences,dl_native,2021-2025,Core EC conferences|dl_native|2021-2025,1.0,72,72,1.0,dl_native,dl_native
66597,2018,GECCO,Core EC conferences,neuroevolution,2016-2020,Core EC conferences|neuroevolution|2016-2020,3.142857,88,28,0.3181818181818182,neuroevolution,neuroevolution
8940,2021,ASOC,Mixed journals,other,2021-2025,Mixed journals|other|2021-2025,5.048077,525,104,0.1980952380952381,other,other
47360,2025,ESWA,Mixed journals,dl_native,2021-2025,Mixed journals|dl_native|2021-2025,5.626219,5193,923,0.17773926439437704,dl_native,dl_native
59482,2024,EVOINT,Core EC journals,dl_native,2021-2025,Core EC journals|dl_native|2021-2025,1.0,86,86,1.0,dl_native,dl_native
7363,2023,ASOC,Mixed journals,dl_native,2021-2025,Mixed journals|dl_native|2021-2025,5.626219,5193,923,0.17773926439437704,dl_native,dl_native
81192,2018,INS,Mixed journals,dl_native,2016-2020,Mixed journals|dl_native|2016-2020,5.087719,580,114,0.19655172413793104,dl_native,dl_native
103084,2025,TETCI,Mixed journals,dl_native,2021-2025,Mixed journals|dl_native|2021-2025,5.626219,5193,923,0.17773926439437704,other,other
84325,2024,INS,Mixed journals,other,2021-2025,Mixed journals|other|2021-2025,5.048077,525,104,0.1980952380952381,dl_native,other
10614,2025,ASOC,Mixed journals,dl_native,2021-2025,Mixed journals|dl_native|2021-2025,5.626219,5193,923,0.17773926439437704,dl_native,dl_native
9577,2021,ASOC,Mixed journals,dl_native,2021-2025,Mixed journals|dl_native|2021-2025,5.626219,5193,923,0.17773926439437704,dl_native,dl_native
45483,2024,ESWA,Mixed journals,dl_native,2021-2025,Mixed journals|dl_native|2021-2025,5.626219,5193,923,0.17773926439437704,dl_native,dl_native
40309,2022,ESWA,Mixed journals,dl_native,2021-2025,Mixed journals|dl_native|2021-2025,5.626219,5193,923,0.17773926439437704,dl_native,dl_native
100799,2025,SWEVC,Core EC journals,hybrid,2021-2025,Core EC journals|hybrid|2021-2025,3.185185,86,27,0.313953488372093,hybrid,hybrid
82672,2022,INS,Mixed journals,hybrid,2021-2025,Mixed journals|hybrid|2021-2025,4.979381,483,97,0.20082815734989648,hybrid,hybrid
8939,2021,ASOC,Mixed journals,dl_native,2021-2025,Mixed journals|dl_native|2021-2025,5.626219,5193,923,0.17773926439437704,dl_native,dl_native
34135,2018,ESWA,Mixed journals,dl_native,2016-2020,Mixed journals|dl_native|2016-2020,5.087719,580,114,0.19655172413793104,dl_native,dl_native
98771,2020,SSCI,SSCI (mixed conf.),neuroevolution,2016-2020,SSCI (mixed conf.)|neuroevolution|2016-2020,1.0,15,15,1.0,neuroevolution,neuroevolution
98773,2020,SSCI,SSCI (mixed conf.),other,2016-2020,SSCI (mixed conf.)|other|2016-2020,1.1875,19,16,0.8421052631578947,dl_native,other
49450,2025,ESWA,Mixed journals,dl_native,2021-2025,Mixed journals|dl_native|2021-2025,5.626219,5193,923,0.17773926439437704,dl_native,dl_native
103622,2023,TETCI,Mixed journals,dl_native,2021-2025,Mixed journals|dl_native|2021-2025,5.626219,5193,923,0.17773926439437704,dl_native,dl_native
101904,2020,SWEVC,Core EC journals,hybrid,2016-2020,Core EC journals|hybrid|2016-2020,1.0,8,8,1.0,neuroevolution,hybrid
43974,2024,ESWA,Mixed journals,dl_native,2021-2025,Mixed journals|dl_native|2021-2025,5.626219,5193,923,0.17773926439437704,dl_native,dl_native
105019,2020,TEVC,Core EC journals,neuroevolution,2016-2020,Core EC journals|neuroevolution|2016-2020,1.0,8,8,1.0,neuroevolution,neuroevolution
20739,2014,CEC,Core EC conferences,hybrid,<=2015,Core EC conferences|hybrid|<=2015,1.0,8,8,1.0,neuroevolution,hybrid
48655,2025,ESWA,Mixed journals,dl_native,2021-2025,Mixed journals|dl_native|2021-2025,5.626219,5193,923,0.17773926439437704,dl_native,other
88077,2025,INS,Mixed journals,dl_native,2021-2025,Mixed journals|dl_native|2021-2025,5.626219,5193,923,0.17773926439437704,dl_native,dl_native
82059,2022,INS,Mixed journals,dl_native,2021-2025,Mixed journals|dl_native|2021-2025,5.626219,5193,923,0.17773926439437704,dl_native,dl_native
80035,2020,INS,Mixed journals,dl_native,2016-2020,Mixed journals|dl_native|2016-2020,5.087719,580,114,0.19655172413793104,dl_native,dl_native
47653,2025,ESWA,Mixed journals,dl_native,2021-2025,Mixed journals|dl_native|2021-2025,5.626219,5193,923,0.17773926439437704,dl_native,dl_native
10368,2025,ASOC,Mixed journals,dl_native,2021-2025,Mixed journals|dl_native|2021-2025,5.626219,5193,923,0.17773926439437704,dl_native,dl_native
40434,2022,ESWA,Mixed journals,dl_native,2021-2025,Mixed journals|dl_native|2021-2025,5.626219,5193,923,0.17773926439437704,dl_native,dl_native
35992,2021,ESWA,Mixed journals,dl_native,2021-2025,Mixed journals|dl_native|2021-2025,5.626219,5193,923,0.17773926439437704,dl_native,dl_native
68066,2025,GECCO,Core EC conferences,hybrid,2021-2025,Core EC conferences|hybrid|2021-2025,4.351852,235,54,0.2297872340425532,hybrid,hybrid
40244,2022,ESWA,Mixed journals,dl_native,2021-2025,Mixed journals|dl_native|2021-2025,5.626219,5193,923,0.17773926439437704,dl_native,dl_native
18826,2019,CEC,Core EC conferences,dl_native,2016-2020,Core EC conferences|dl_native|2016-2020,1.0,42,42,1.0,dl_native,dl_native
8134,2023,ASOC,Mixed journals,dl_native,2021-2025,Mixed journals|dl_native|2021-2025,5.626219,5193,923,0.17773926439437704,dl_native,dl_native
98808,2019,SSCI,SSCI (mixed conf.),dl_native,2016-2020,SSCI (mixed conf.)|dl_native|2016-2020,4.255319,200,47,0.235,dl_native,dl_native
9649,2021,ASOC,Mixed journals,hybrid,2021-2025,Mixed journals|hybrid|2021-2025,4.979381,483,97,0.20082815734989648,hybrid,hybrid
59552,2023,EVOINT,Core EC journals,dl_native,2021-2025,Core EC journals|dl_native|2021-2025,1.0,86,86,1.0,dl_native,dl_native
41868,2023,ESWA,Mixed journals,other,2021-2025,Mixed journals|other|2021-2025,5.048077,525,104,0.1980952380952381,other,other
79775,2020,INS,Mixed journals,hybrid,2016-2020,Mixed journals|hybrid|2016-2020,2.0,38,19,0.5,hybrid,hybrid
37938,2020,ESWA,Mixed journals,dl_native,2016-2020,Mixed journals|dl_native|2016-2020,5.087719,580,114,0.19655172413793104,dl_native,dl_native
22666,2020,CEC,Core EC conferences,other,2016-2020,Core EC conferences|other|2016-2020,1.4375,23,16,0.6956521739130435,other,other
90985,2025,MEMETIC,Core EC journals,dl_native,2021-2025,Core EC journals|dl_native|2021-2025,1.0,86,86,1.0,dl_native,dl_native
42344,2023,ESWA,Mixed journals,dl_native,2021-2025,Mixed journals|dl_native|2021-2025,5.626219,5193,923,0.17773926439437704,dl_native,dl_native
12248,2024,ASOC,Mixed journals,dl_native,2021-2025,Mixed journals|dl_native|2021-2025,5.626219,5193,923,0.17773926439437704,dl_native,dl_native
104907,2021,TEVC,Core EC journals,neuroevolution,2021-2025,Core EC journals|neuroevolution|2021-2025,2.333333,49,21,0.42857142857142855,neuroevolution,neuroevolution
65423,2020,GECCO,Core EC conferences,other,2016-2020,Core EC conferences|other|2016-2020,1.4375,23,16,0.6956521739130435,other,other
68663,2024,GECCO,Core EC conferences,hybrid,2021-2025,Core EC conferences|hybrid|2021-2025,4.351852,235,54,0.2297872340425532,neuroevolution,hybrid
49439,2025,ESWA,Mixed journals,dl_native,2021-2025,Mixed journals|dl_native|2021-2025,5.626219,5193,923,0.17773926439437704,dl_native,dl_native
92513,2022,PPSN,Core EC conferences,neuroevolution,2021-2025,Core EC conferences|neuroevolution|2021-2025,3.4375,110,32,0.2909090909090909,neuroevolution,neuroevolution
46049,2024,ESWA,Mixed journals,dl_native,2021-2025,Mixed journals|dl_native|2021-2025,5.626219,5193,923,0.17773926439437704,dl_native,dl_native
104466,2025,TEVC,Core EC journals,neuroevolution,2021-2025,Core EC journals|neuroevolution|2021-2025,2.333333,49,21,0.42857142857142855,neuroevolution,neuroevolution
48246,2025,ESWA,Mixed journals,dl_native,2021-2025,Mixed journals|dl_native|2021-2025,5.626219,5193,923,0.17773926439437704,dl_native,dl_native
86699,2023,INS,Mixed journals,dl_native,2021-2025,Mixed journals|dl_native|2021-2025,5.626219,5193,923,0.17773926439437704,dl_native,dl_native
42115,2023,ESWA,Mixed journals,dl_native,2021-2025,Mixed journals|dl_native|2021-2025,5.626219,5193,923,0.17773926439437704,dl_native,hybrid
43088,2023,ESWA,Mixed journals,neuroevolution,2021-2025,Mixed journals|neuroevolution|2021-2025,3.419355,106,31,0.29245283018867924,neuroevolution,neuroevolution
79673,2020,INS,Mixed journals,dl_native,2016-2020,Mixed journals|dl_native|2016-2020,5.087719,580,114,0.19655172413793104,dl_native,dl_native
44781,2024,ESWA,Mixed journals,dl_native,2021-2025,Mixed journals|dl_native|2021-2025,5.626219,5193,923,0.17773926439437704,dl_native,dl_native
104250,2025,TEVC,Core EC journals,hybrid,2021-2025,Core EC journals|hybrid|2021-2025,3.185185,86,27,0.313953488372093,other,other
18787,2019,CEC,Core EC conferences,other,2016-2020,Core EC conferences|other|2016-2020,1.4375,23,16,0.6956521739130435,other,other
49019,2025,ESWA,Mixed journals,dl_native,2021-2025,Mixed journals|dl_native|2021-2025,5.626219,5193,923,0.17773926439437704,dl_native,dl_native
1158,2007,ASOC,Mixed journals,other,<=2015,Mixed journals|other|<=2015,1.529412,26,17,0.6538461538461539,dl_native,other
11300,2024,ASOC,Mixed journals,dl_native,2021-2025,Mixed journals|dl_native|2021-2025,5.626219,5193,923,0.17773926439437704,dl_native,other
22436,2021,CEC,Core EC conferences,neuroevolution,2021-2025,Core EC conferences|neuroevolution|2021-2025,3.4375,110,32,0.2909090909090909,neuroevolution,neuroevolution
104480,2025,TEVC,Core EC journals,hybrid,2021-2025,Core EC journals|hybrid|2021-2025,3.185185,86,27,0.313953488372093,hybrid,hybrid
47932,2025,ESWA,Mixed journals,dl_native,2021-2025,Mixed journals|dl_native|2021-2025,5.626219,5193,923,0.17773926439437704,dl_native,dl_native
39824,2022,ESWA,Mixed journals,dl_native,2021-2025,Mixed journals|dl_native|2021-2025,5.626219,5193,923,0.17773926439437704,dl_native,dl_native
48649,2025,ESWA,Mixed journals,dl_native,2021-2025,Mixed journals|dl_native|2021-2025,5.626219,5193,923,0.17773926439437704,dl_native,dl_native
59168,2025,EVOINT,Core EC journals,dl_native,2021-2025,Core EC journals|dl_native|2021-2025,1.0,86,86,1.0,dl_native,dl_native
10114,2025,ASOC,Mixed journals,dl_native,2021-2025,Mixed journals|dl_native|2021-2025,5.626219,5193,923,0.17773926439437704,dl_native,dl_native
91040,2025,MEMETIC,Core EC journals,dl_native,2021-2025,Core EC journals|dl_native|2021-2025,1.0,86,86,1.0,dl_native,dl_native
41709,2023,ESWA,Mixed journals,hybrid,2021-2025,Mixed journals|hybrid|2021-2025,4.979381,483,97,0.20082815734989648,neuroevolution,hybrid
101193,2024,SWEVC,Core EC journals,hybrid,2021-2025,Core EC journals|hybrid|2021-2025,3.185185,86,27,0.313953488372093,hybrid,hybrid
99627,2017,SSCI,SSCI (mixed conf.),dl_native,2016-2020,SSCI (mixed conf.)|dl_native|2016-2020,4.255319,200,47,0.235,dl_native,dl_native
37557,2020,ESWA,Mixed journals,dl_native,2016-2020,Mixed journals|dl_native|2016-2020,5.087719,580,114,0.19655172413793104,dl_native,dl_native
42013,2023,ESWA,Mixed journals,dl_native,2021-2025,Mixed journals|dl_native|2021-2025,5.626219,5193,923,0.17773926439437704,dl_native,dl_native
49009,2025,ESWA,Mixed journals,dl_native,2021-2025,Mixed journals|dl_native|2021-2025,5.626219,5193,923,0.17773926439437704,dl_native,dl_native
49686,2025,ESWA,Mixed journals,dl_native,2021-2025,Mixed journals|dl_native|2021-2025,5.626219,5193,923,0.17773926439437704,dl_native,dl_native
104331,2025,TEVC,Core EC journals,hybrid,2021-2025,Core EC journals|hybrid|2021-2025,3.185185,86,27,0.313953488372093,hybrid,hybrid
44865,2024,ESWA,Mixed journals,hybrid,2021-2025,Mixed journals|hybrid|2021-2025,4.979381,483,97,0.20082815734989648,neuroevolution,neuroevolution
49954,2025,ESWA,Mixed journals,dl_native,2021-2025,Mixed journals|dl_native|2021-2025,5.626219,5193,923,0.17773926439437704,dl_native,dl_native
45120,2024,ESWA,Mixed journals,other,2021-2025,Mixed journals|other|2021-2025,5.048077,525,104,0.1980952380952381,other,other
76539,2017,INS,Mixed journals,dl_native,2016-2020,Mixed journals|dl_native|2016-2020,5.087719,580,114,0.19655172413793104,dl_native,dl_native
88248,2025,INS,Mixed journals,dl_native,2021-2025,Mixed journals|dl_native|2021-2025,5.626219,5193,923,0.17773926439437704,dl_native,dl_native
9308,2021,ASOC,Mixed journals,dl_native,2021-2025,Mixed journals|dl_native|2021-2025,5.626219,5193,923,0.17773926439437704,dl_native,dl_native
41478,2023,ESWA,Mixed journals,hybrid,2021-2025,Mixed journals|hybrid|2021-2025,4.979381,483,97,0.20082815734989648,neuroevolution,neuroevolution
97689,2023,SSCI,SSCI (mixed conf.),hybrid,2021-2025,SSCI (mixed conf.)|hybrid|2021-2025,1.0,9,9,1.0,hybrid,hybrid
103418,2024,TETCI,Mixed journals,dl_native,2021-2025,Mixed journals|dl_native|2021-2025,5.626219,5193,923,0.17773926439437704,dl_native,other
67727,2025,GECCO,Core EC conferences,hybrid,2021-2025,Core EC conferences|hybrid|2021-2025,4.351852,235,54,0.2297872340425532,hybrid,hybrid
97692,2023,SSCI,SSCI (mixed conf.),hybrid,2021-2025,SSCI (mixed conf.)|hybrid|2021-2025,1.0,9,9,1.0,hybrid,hybrid
43240,2024,ESWA,Mixed journals,dl_native,2021-2025,Mixed journals|dl_native|2021-2025,5.626219,5193,923,0.17773926439437704,dl_native,dl_native
68320,2025,GECCO,Core EC conferences,hybrid,2021-2025,Core EC conferences|hybrid|2021-2025,4.351852,235,54,0.2297872340425532,hybrid,hybrid
69211,2023,GECCO,Core EC conferences,other,2021-2025,Core EC conferences|other|2021-2025,2.521739,58,23,0.39655172413793105,neuroevolution,neuroevolution
79792,2020,INS,Mixed journals,dl_native,2016-2020,Mixed journals|dl_native|2016-2020,5.087719,580,114,0.19655172413793104,dl_native,dl_native
7540,2023,ASOC,Mixed journals,dl_native,2021-2025,Mixed journals|dl_native|2021-2025,5.626219,5193,923,0.17773926439437704,dl_native,dl_native
98864,2019,SSCI,SSCI (mixed conf.),dl_native,2016-2020,SSCI (mixed conf.)|dl_native|2016-2020,4.255319,200,47,0.235,dl_native,dl_native
4494,2020,ASOC,Mixed journals,neuroevolution,2016-2020,Mixed journals|neuroevolution|2016-2020,1.0,10,10,1.0,neuroevolution,hybrid
37440,2021,ESWA,Mixed journals,dl_native,2021-2025,Mixed journals|dl_native|2021-2025,5.626219,5193,923,0.17773926439437704,dl_native,dl_native
19185,2018,CEC,Core EC conferences,other,2016-2020,Core EC conferences|other|2016-2020,1.4375,23,16,0.6956521739130435,other,other
1394,2016,ASOC,Mixed journals,hybrid,2016-2020,Mixed journals|hybrid|2016-2020,2.0,38,19,0.5,neuroevolution,hybrid
9957,2025,ASOC,Mixed journals,dl_native,2021-2025,Mixed journals|dl_native|2021-2025,5.626219,5193,923,0.17773926439437704,dl_native,dl_native
82875,2021,INS,Mixed journals,other,2021-2025,Mixed journals|other|2021-2025,5.048077,525,104,0.1980952380952381,dl_native,other
59974,2021,EVOINT,Core EC journals,dl_native,2021-2025,Core EC journals|dl_native|2021-2025,1.0,86,86,1.0,dl_native,dl_native
7583,2023,ASOC,Mixed journals,neuroevolution,2021-2025,Mixed journals|neuroevolution|2021-2025,3.419355,106,31,0.29245283018867924,neuroevolution,neuroevolution
86079,2023,INS,Mixed journals,dl_native,2021-2025,Mixed journals|dl_native|2021-2025,5.626219,5193,923,0.17773926439437704,dl_native,dl_native
39109,2022,ESWA,Mixed journals,dl_native,2021-2025,Mixed journals|dl_native|2021-2025,5.626219,5193,923,0.17773926439437704,dl_native,dl_native
47763,2025,ESWA,Mixed journals,dl_native,2021-2025,Mixed journals|dl_native|2021-2025,5.626219,5193,923,0.17773926439437704,dl_native,dl_native
37771,2020,ESWA,Mixed journals,dl_native,2016-2020,Mixed journals|dl_native|2016-2020,5.087719,580,114,0.19655172413793104,dl_native,dl_native
59484,2024,EVOINT,Core EC journals,dl_native,2021-2025,Core EC journals|dl_native|2021-2025,1.0,86,86,1.0,dl_native,dl_native
47833,2025,ESWA,Mixed journals,dl_native,2021-2025,Mixed journals|dl_native|2021-2025,5.626219,5193,923,0.17773926439437704,dl_native,other
10289,2025,ASOC,Mixed journals,dl_native,2021-2025,Mixed journals|dl_native|2021-2025,5.626219,5193,923,0.17773926439437704,dl_native,dl_native
44771,2024,ESWA,Mixed journals,dl_native,2021-2025,Mixed journals|dl_native|2021-2025,5.626219,5193,923,0.17773926439437704,dl_native,dl_native
95033,2015,SSCI,SSCI (mixed conf.),dl_native,<=2015,SSCI (mixed conf.)|dl_native|<=2015,1.0,6,6,1.0,dl_native,dl_native
65393,2020,GECCO,Core EC conferences,dl_native,2016-2020,Core EC conferences|dl_native|2016-2020,1.0,42,42,1.0,dl_native,other
39499,2022,ESWA,Mixed journals,dl_native,2021-2025,Mixed journals|dl_native|2021-2025,5.626219,5193,923,0.17773926439437704,dl_native,dl_native
42963,2023,ESWA,Mixed journals,dl_native,2021-2025,Mixed journals|dl_native|2021-2025,5.626219,5193,923,0.17773926439437704,dl_native,dl_native
99993,2017,SSCI,SSCI (mixed conf.),other,2016-2020,SSCI (mixed conf.)|other|2016-2020,1.1875,19,16,0.8421052631578947,dl_native,other
103353,2024,TETCI,Mixed journals,hybrid,2021-2025,Mixed journals|hybrid|2021-2025,4.979381,483,97,0.20082815734989648,hybrid,hybrid
88625,2025,INS,Mixed journals,dl_native,2021-2025,Mixed journals|dl_native|2021-2025,5.626219,5193,923,0.17773926439437704,dl_native,dl_native
101214,2025,SWEVC,Core EC journals,other,2021-2025,Core EC journals|other|2021-2025,2.105263,40,19,0.475,dl_native,dl_native
99452,2018,SSCI,SSCI (mixed conf.),other,2016-2020,SSCI (mixed conf.)|other|2016-2020,1.1875,19,16,0.8421052631578947,other,other
18514,2019,CEC,Core EC conferences,neuroevolution,2016-2020,Core EC conferences|neuroevolution|2016-2020,3.142857,88,28,0.3181818181818182,neuroevolution,neuroevolution
48764,2025,ESWA,Mixed journals,dl_native,2021-2025,Mixed journals|dl_native|2021-2025,5.626219,5193,923,0.17773926439437704,dl_native,dl_native
43075,2023,ESWA,Mixed journals,dl_native,2021-2025,Mixed journals|dl_native|2021-2025,5.626219,5193,923,0.17773926439437704,dl_native,dl_native
46448,2024,ESWA,Mixed journals,dl_native,2021-2025,Mixed journals|dl_native|2021-2025,5.626219,5193,923,0.17773926439437704,dl_native,dl_native
49947,2025,ESWA,Mixed journals,dl_native,2021-2025,Mixed journals|dl_native|2021-2025,5.626219,5193,923,0.17773926439437704,dl_native,dl_native
48249,2025,ESWA,Mixed journals,dl_native,2021-2025,Mixed journals|dl_native|2021-2025,5.626219,5193,923,0.17773926439437704,dl_native,dl_native
38977,2022,ESWA,Mixed journals,dl_native,2021-2025,Mixed journals|dl_native|2021-2025,5.626219,5193,923,0.17773926439437704,dl_native,dl_native
23149,2022,CIM,Mixed journals,other,2021-2025,Mixed journals|other|2021-2025,5.048077,525,104,0.1980952380952381,dl_native,other
98006,2021,SSCI,SSCI (mixed conf.),dl_native,2021-2025,SSCI (mixed conf.)|dl_native|2021-2025,4.0,160,40,0.25,dl_native,dl_native
651,2011,ASOC,Mixed journals,other,<=2015,Mixed journals|other|<=2015,1.529412,26,17,0.6538461538461539,other,other
37454,2020,ESWA,Mixed journals,dl_native,2016-2020,Mixed journals|dl_native|2016-2020,5.087719,580,114,0.19655172413793104,dl_native,hybrid
21370,2025,CEC,Core EC conferences,dl_native,2021-2025,Core EC conferences|dl_native|2021-2025,1.0,72,72,1.0,dl_native,dl_native
22892,2020,CEC,Core EC conferences,other,2016-2020,Core EC conferences|other|2016-2020,1.4375,23,16,0.6956521739130435,other,other
49671,2025,ESWA,Mixed journals,dl_native,2021-2025,Mixed journals|dl_native|2021-2025,5.626219,5193,923,0.17773926439437704,dl_native,dl_native
70976,2024,ICSI,Core EC conferences,dl_native,2021-2025,Core EC conferences|dl_native|2021-2025,1.0,72,72,1.0,dl_native,dl_native
47028,2025,ESWA,Mixed journals,dl_native,2021-2025,Mixed journals|dl_native|2021-2025,5.626219,5193,923,0.17773926439437704,dl_native,dl_native
115625,2024,SOFTCOMP,Mixed journals,other,2021-2025,Mixed journals|other|2021-2025,5.048077,525,104,0.1980952380952381,other,other
3579,2012,ASOC,Mixed journals,other,<=2015,Mixed journals|other|<=2015,1.529412,26,17,0.6538461538461539,other,other
71144,2022,ICSI,Core EC conferences,dl_native,2021-2025,Core EC conferences|dl_native|2021-2025,1.0,72,72,1.0,dl_native,dl_native
11911,2024,ASOC,Mixed journals,hybrid,2021-2025,Mixed journals|hybrid|2021-2025,4.979381,483,97,0.20082815734989648,neuroevolution,other
5222,2019,ASOC,Mixed journals,dl_native,2016-2020,Mixed journals|dl_native|2016-2020,5.087719,580,114,0.19655172413793104,dl_native,dl_native
98745,2020,SSCI,SSCI (mixed conf.),other,2016-2020,SSCI (mixed conf.)|other|2016-2020,1.1875,19,16,0.8421052631578947,hybrid,other
44182,2024,ESWA,Mixed journals,dl_native,2021-2025,Mixed journals|dl_native|2021-2025,5.626219,5193,923,0.17773926439437704,dl_native,dl_native
9121,2021,ASOC,Mixed journals,dl_native,2021-2025,Mixed journals|dl_native|2021-2025,5.626219,5193,923,0.17773926439437704,dl_native,dl_native
45219,2024,ESWA,Mixed journals,dl_native,2021-2025,Mixed journals|dl_native|2021-2025,5.626219,5193,923,0.17773926439437704,dl_native,dl_native
9497,2021,ASOC,Mixed journals,dl_native,2021-2025,Mixed journals|dl_native|2021-2025,5.626219,5193,923,0.17773926439437704,dl_native,dl_native
99509,2018,SSCI,SSCI (mixed conf.),hybrid,2016-2020,SSCI (mixed conf.)|hybrid|2016-2020,1.0,8,8,1.0,hybrid,hybrid
10725,2025,ASOC,Mixed journals,dl_native,2021-2025,Mixed journals|dl_native|2021-2025,5.626219,5193,923,0.17773926439437704,dl_native,dl_native
12189,2024,ASOC,Mixed journals,dl_native,2021-2025,Mixed journals|dl_native|2021-2025,5.626219,5193,923,0.17773926439437704,dl_native,dl_native
57871,2021,EVOAPP,Core EC conferences,dl_native,2021-2025,Core EC conferences|dl_native|2021-2025,1.0,72,72,1.0,dl_native,dl_native
86687,2023,INS,Mixed journals,dl_native,2021-2025,Mixed journals|dl_native|2021-2025,5.626219,5193,923,0.17773926439437704,dl_native,dl_native
42734,2023,ESWA,Mixed journals,dl_native,2021-2025,Mixed journals|dl_native|2021-2025,5.626219,5193,923,0.17773926439437704,dl_native,dl_native
83930,2021,INS,Mixed journals,dl_native,2021-2025,Mixed journals|dl_native|2021-2025,5.626219,5193,923,0.17773926439437704,dl_native,dl_native
49366,2025,ESWA,Mixed journals,dl_native,2021-2025,Mixed journals|dl_native|2021-2025,5.626219,5193,923,0.17773926439437704,dl_native,dl_native
102458,2012,SWEVC,Core EC journals,other,<=2015,Core EC journals|other|<=2015,1.0,1,1,1.0,other,other
40262,2022,ESWA,Mixed journals,dl_native,2021-2025,Mixed journals|dl_native|2021-2025,5.626219,5193,923,0.17773926439437704,dl_native,dl_native
4740,2020,ASOC,Mixed journals,dl_native,2016-2020,Mixed journals|dl_native|2016-2020,5.087719,580,114,0.19655172413793104,dl_native,dl_native
41208,2023,ESWA,Mixed journals,dl_native,2021-2025,Mixed journals|dl_native|2021-2025,5.626219,5193,923,0.17773926439437704,dl_native,dl_native
98738,2020,SSCI,SSCI (mixed conf.),dl_native,2016-2020,SSCI (mixed conf.)|dl_native|2016-2020,4.255319,200,47,0.235,dl_native,dl_native
97678,2023,SSCI,SSCI (mixed conf.),other,2021-2025,SSCI (mixed conf.)|other|2021-2025,1.0,12,12,1.0,other,other
39116,2022,ESWA,Mixed journals,dl_native,2021-2025,Mixed journals|dl_native|2021-2025,5.626219,5193,923,0.17773926439437704,dl_native,dl_native
94811,2016,SSCI,SSCI (mixed conf.),dl_native,2016-2020,SSCI (mixed conf.)|dl_native|2016-2020,4.255319,200,47,0.235,dl_native,dl_native
49059,2025,ESWA,Mixed journals,dl_native,2021-2025,Mixed journals|dl_native|2021-2025,5.626219,5193,923,0.17773926439437704,dl_native,dl_native
59171,2025,EVOINT,Core EC journals,dl_native,2021-2025,Core EC journals|dl_native|2021-2025,1.0,86,86,1.0,dl_native,dl_native
85205,2024,INS,Mixed journals,dl_native,2021-2025,Mixed journals|dl_native|2021-2025,5.626219,5193,923,0.17773926439437704,dl_native,dl_native
104591,2024,TEVC,Core EC journals,hybrid,2021-2025,Core EC journals|hybrid|2021-2025,3.185185,86,27,0.313953488372093,hybrid,hybrid
44406,2024,ESWA,Mixed journals,dl_native,2021-2025,Mixed journals|dl_native|2021-2025,5.626219,5193,923,0.17773926439437704,dl_native,dl_native
29795,2010,ESWA,Mixed journals,hybrid,<=2015,Mixed journals|hybrid|<=2015,1.0,2,2,1.0,hybrid,hybrid
59157,2025,EVOINT,Core EC journals,dl_native,2021-2025,Core EC journals|dl_native|2021-2025,1.0,86,86,1.0,dl_native,dl_native
69508,2022,GECCO,Core EC conferences,neuroevolution,2021-2025,Core EC conferences|neuroevolution|2021-2025,3.4375,110,32,0.2909090909090909,neuroevolution,neuroevolution
98409,2020,SSCI,SSCI (mixed conf.),dl_native,2016-2020,SSCI (mixed conf.)|dl_native|2016-2020,4.255319,200,47,0.235,dl_native,dl_native
103578,2023,TETCI,Mixed journals,dl_native,2021-2025,Mixed journals|dl_native|2021-2025,5.626219,5193,923,0.17773926439437704,dl_native,hybrid
98211,2021,SSCI,SSCI (mixed conf.),hybrid,2021-2025,SSCI (mixed conf.)|hybrid|2021-2025,1.0,9,9,1.0,hybrid,hybrid
47117,2025,ESWA,Mixed journals,dl_native,2021-2025,Mixed journals|dl_native|2021-2025,5.626219,5193,923,0.17773926439437704,dl_native,dl_native
11460,2024,ASOC,Mixed journals,other,2021-2025,Mixed journals|other|2021-2025,5.048077,525,104,0.1980952380952381,dl_native,other
92445,2024,PPSN,Core EC conferences,hybrid,2021-2025,Core EC conferences|hybrid|2021-2025,4.351852,235,54,0.2297872340425532,hybrid,hybrid
85867,2024,INS,Mixed journals,hybrid,2021-2025,Mixed journals|hybrid|2021-2025,4.979381,483,97,0.20082815734989648,neuroevolution,hybrid
98746,2020,SSCI,SSCI (mixed conf.),neuroevolution,2016-2020,SSCI (mixed conf.)|neuroevolution|2016-2020,1.0,15,15,1.0,neuroevolution,neuroevolution
44605,2024,ESWA,Mixed journals,dl_native,2021-2025,Mixed journals|dl_native|2021-2025,5.626219,5193,923,0.17773926439437704,dl_native,other
40136,2022,ESWA,Mixed journals,dl_native,2021-2025,Mixed journals|dl_native|2021-2025,5.626219,5193,923,0.17773926439437704,dl_native,dl_native
9054,2021,ASOC,Mixed journals,dl_native,2021-2025,Mixed journals|dl_native|2021-2025,5.626219,5193,923,0.17773926439437704,dl_native,dl_native
38028,2019,ESWA,Mixed journals,dl_native,2016-2020,Mixed journals|dl_native|2016-2020,5.087719,580,114,0.19655172413793104,dl_native,other
4631,2019,ASOC,Mixed journals,dl_native,2016-2020,Mixed journals|dl_native|2016-2020,5.087719,580,114,0.19655172413793104,dl_native,dl_native
48540,2025,ESWA,Mixed journals,dl_native,2021-2025,Mixed journals|dl_native|2021-2025,5.626219,5193,923,0.17773926439437704,dl_native,dl_native
12384,2024,ASOC,Mixed journals,dl_native,2021-2025,Mixed journals|dl_native|2021-2025,5.626219,5193,923,0.17773926439437704,dl_native,dl_native
37616,2021,ESWA,Mixed journals,dl_native,2021-2025,Mixed journals|dl_native|2021-2025,5.626219,5193,923,0.17773926439437704,dl_native,dl_native
103419,2024,TETCI,Mixed journals,dl_native,2021-2025,Mixed journals|dl_native|2021-2025,5.626219,5193,923,0.17773926439437704,dl_native,dl_native
44586,2024,ESWA,Mixed journals,dl_native,2021-2025,Mixed journals|dl_native|2021-2025,5.626219,5193,923,0.17773926439437704,dl_native,dl_native
69218,2023,GECCO,Core EC conferences,other,2021-2025,Core EC conferences|other|2021-2025,2.521739,58,23,0.39655172413793105,dl_native,other
43028,2023,ESWA,Mixed journals,hybrid,2021-2025,Mixed journals|hybrid|2021-2025,4.979381,483,97,0.20082815734989648,hybrid,hybrid
11938,2024,ASOC,Mixed journals,dl_native,2021-2025,Mixed journals|dl_native|2021-2025,5.626219,5193,923,0.17773926439437704,dl_native,dl_native
87691,2025,INS,Mixed journals,dl_native,2021-2025,Mixed journals|dl_native|2021-2025,5.626219,5193,923,0.17773926439437704,dl_native,other
49426,2025,ESWA,Mixed journals,dl_native,2021-2025,Mixed journals|dl_native|2021-2025,5.626219,5193,923,0.17773926439437704,dl_native,dl_native
43989,2024,ESWA,Mixed journals,dl_native,2021-2025,Mixed journals|dl_native|2021-2025,5.626219,5193,923,0.17773926439437704,dl_native,dl_native
49667,2025,ESWA,Mixed journals,hybrid,2021-2025,Mixed journals|hybrid|2021-2025,4.979381,483,97,0.20082815734989648,neuroevolution,hybrid
10710,2025,ASOC,Mixed journals,hybrid,2021-2025,Mixed journals|hybrid|2021-2025,4.979381,483,97,0.20082815734989648,neuroevolution,hybrid
47387,2025,ESWA,Mixed journals,dl_native,2021-2025,Mixed journals|dl_native|2021-2025,5.626219,5193,923,0.17773926439437704,dl_native,other
46011,2024,ESWA,Mixed journals,dl_native,2021-2025,Mixed journals|dl_native|2021-2025,5.626219,5193,923,0.17773926439437704,dl_native,dl_native
12241,2024,ASOC,Mixed journals,dl_native,2021-2025,Mixed journals|dl_native|2021-2025,5.626219,5193,923,0.17773926439437704,dl_native,dl_native
103763,2021,TETCI,Mixed journals,dl_native,2021-2025,Mixed journals|dl_native|2021-2025,5.626219,5193,923,0.17773926439437704,dl_native,dl_native
11885,2024,ASOC,Mixed journals,neuroevolution,2021-2025,Mixed journals|neuroevolution|2021-2025,3.419355,106,31,0.29245283018867924,neuroevolution,neuroevolution
86283,2024,INS,Mixed journals,dl_native,2021-2025,Mixed journals|dl_native|2021-2025,5.626219,5193,923,0.17773926439437704,dl_native,dl_native
47284,2025,ESWA,Mixed journals,dl_native,2021-2025,Mixed journals|dl_native|2021-2025,5.626219,5193,923,0.17773926439437704,dl_native,dl_native
102576,2025,TETCI,Mixed journals,dl_native,2021-2025,Mixed journals|dl_native|2021-2025,5.626219,5193,923,0.17773926439437704,dl_native,other
97981,2022,SSCI,SSCI (mixed conf.),other,2021-2025,SSCI (mixed conf.)|other|2021-2025,1.0,12,12,1.0,dl_native,dl_native
46756,2024,ESWA,Mixed journals,hybrid,2021-2025,Mixed journals|hybrid|2021-2025,4.979381,483,97,0.20082815734989648,dl_native,hybrid
43282,2024,ESWA,Mixed journals,dl_native,2021-2025,Mixed journals|dl_native|2021-2025,5.626219,5193,923,0.17773926439437704,dl_native,dl_native
42665,2023,ESWA,Mixed journals,dl_native,2021-2025,Mixed journals|dl_native|2021-2025,5.626219,5193,923,0.17773926439437704,dl_native,dl_native
33685,2018,ESWA,Mixed journals,dl_native,2016-2020,Mixed journals|dl_native|2016-2020,5.087719,580,114,0.19655172413793104,dl_native,other
9561,2021,ASOC,Mixed journals,dl_native,2021-2025,Mixed journals|dl_native|2021-2025,5.626219,5193,923,0.17773926439437704,dl_native,dl_native
18858,2018,CEC,Core EC conferences,other,2016-2020,Core EC conferences|other|2016-2020,1.4375,23,16,0.6956521739130435,other,dl_native
98764,2020,SSCI,SSCI (mixed conf.),dl_native,2016-2020,SSCI (mixed conf.)|dl_native|2016-2020,4.255319,200,47,0.235,dl_native,dl_native
59699,2023,EVOINT,Core EC journals,dl_native,2021-2025,Core EC journals|dl_native|2021-2025,1.0,86,86,1.0,dl_native,dl_native
85077,2024,INS,Mixed journals,dl_native,2021-2025,Mixed journals|dl_native|2021-2025,5.626219,5193,923,0.17773926439437704,dl_native,dl_native
69510,2022,GECCO,Core EC conferences,neuroevolution,2021-2025,Core EC conferences|neuroevolution|2021-2025,3.4375,110,32,0.2909090909090909,other,neuroevolution
4775,2020,ASOC,Mixed journals,dl_native,2016-2020,Mixed journals|dl_native|2016-2020,5.087719,580,114,0.19655172413793104,dl_native,dl_native
98432,2020,SSCI,SSCI (mixed conf.),dl_native,2016-2020,SSCI (mixed conf.)|dl_native|2016-2020,4.255319,200,47,0.235,dl_native,dl_native
48732,2025,ESWA,Mixed journals,other,2021-2025,Mixed journals|other|2021-2025,5.048077,525,104,0.1980952380952381,other,other
92615,2020,PPSN,Core EC conferences,neuroevolution,2016-2020,Core EC conferences|neuroevolution|2016-2020,3.142857,88,28,0.3181818181818182,other,neuroevolution
81873,2022,INS,Mixed journals,dl_native,2021-2025,Mixed journals|dl_native|2021-2025,5.626219,5193,923,0.17773926439437704,dl_native,dl_native
42440,2023,ESWA,Mixed journals,hybrid,2021-2025,Mixed journals|hybrid|2021-2025,4.979381,483,97,0.20082815734989648,hybrid,hybrid
21840,2024,CEC,Core EC conferences,dl_native,2021-2025,Core EC conferences|dl_native|2021-2025,1.0,72,72,1.0,hybrid,other
8072,2022,ASOC,Mixed journals,dl_native,2021-2025,Mixed journals|dl_native|2021-2025,5.626219,5193,923,0.17773926439437704,dl_native,dl_native
99322,2018,SSCI,SSCI (mixed conf.),neuroevolution,2016-2020,SSCI (mixed conf.)|neuroevolution|2016-2020,1.0,15,15,1.0,neuroevolution,neuroevolution
99047,2019,SSCI,SSCI (mixed conf.),dl_native,2016-2020,SSCI (mixed conf.)|dl_native|2016-2020,4.255319,200,47,0.235,dl_native,dl_native
49799,2025,ESWA,Mixed journals,other,2021-2025,Mixed journals|other|2021-2025,5.048077,525,104,0.1980952380952381,dl_native,dl_native
59769,2023,EVOINT,Core EC journals,dl_native,2021-2025,Core EC journals|dl_native|2021-2025,1.0,86,86,1.0,dl_native,dl_native
81465,2018,INS,Mixed journals,dl_native,2016-2020,Mixed journals|dl_native|2016-2020,5.087719,580,114,0.19655172413793104,dl_native,dl_native
48038,2025,ESWA,Mixed journals,dl_native,2021-2025,Mixed journals|dl_native|2021-2025,5.626219,5193,923,0.17773926439437704,dl_native,dl_native
49669,2025,ESWA,Mixed journals,dl_native,2021-2025,Mixed journals|dl_native|2021-2025,5.626219,5193,923,0.17773926439437704,dl_native,dl_native
37445,2021,ESWA,Mixed journals,hybrid,2021-2025,Mixed journals|hybrid|2021-2025,4.979381,483,97,0.20082815734989648,hybrid,hybrid
102803,2025,TETCI,Mixed journals,dl_native,2021-2025,Mixed journals|dl_native|2021-2025,5.626219,5193,923,0.17773926439437704,dl_native,dl_native
40858,2023,ESWA,Mixed journals,dl_native,2021-2025,Mixed journals|dl_native|2021-2025,5.626219,5193,923,0.17773926439437704,dl_native,dl_native
44520,2024,ESWA,Mixed journals,dl_native,2021-2025,Mixed journals|dl_native|2021-2025,5.626219,5193,923,0.17773926439437704,dl_native,dl_native
88511,2025,INS,Mixed journals,hybrid,2021-2025,Mixed journals|hybrid|2021-2025,4.979381,483,97,0.20082815734989648,neuroevolution,hybrid
22640,2020,CEC,Core EC conferences,hybrid,2016-2020,Core EC conferences|hybrid|2016-2020,2.47619,52,21,0.40384615384615385,hybrid,hybrid
84044,2022,INS,Mixed journals,dl_native,2021-2025,Mixed journals|dl_native|2021-2025,5.626219,5193,923,0.17773926439437704,dl_native,dl_native
98032,2021,SSCI,SSCI (mixed conf.),other,2021-2025,SSCI (mixed conf.)|other|2021-2025,1.0,12,12,1.0,other,dl_native
79233,2020,INS,Mixed journals,dl_native,2016-2020,Mixed journals|dl_native|2016-2020,5.087719,580,114,0.19655172413793104,dl_native,dl_native
4942,2020,ASOC,Mixed journals,dl_native,2016-2020,Mixed journals|dl_native|2016-2020,5.087719,580,114,0.19655172413793104,dl_native,dl_native
68505,2024,GECCO,Core EC conferences,dl_native,2021-2025,Core EC conferences|dl_native|2021-2025,1.0,72,72,1.0,dl_native,dl_native
8356,2022,ASOC,Mixed journals,dl_native,2021-2025,Mixed journals|dl_native|2021-2025,5.626219,5193,923,0.17773926439437704,dl_native,dl_native
11056,2025,ASOC,Mixed journals,dl_native,2021-2025,Mixed journals|dl_native|2021-2025,5.626219,5193,923,0.17773926439437704,dl_native,dl_native
91020,2025,MEMETIC,Core EC journals,dl_native,2021-2025,Core EC journals|dl_native|2021-2025,1.0,86,86,1.0,dl_native,dl_native
8794,2021,ASOC,Mixed journals,dl_native,2021-2025,Mixed journals|dl_native|2021-2025,5.626219,5193,923,0.17773926439437704,dl_native,dl_native
7785,2023,ASOC,Mixed journals,neuroevolution,2021-2025,Mixed journals|neuroevolution|2021-2025,3.419355,106,31,0.29245283018867924,neuroevolution,neuroevolution
68846,2024,GECCO,Core EC conferences,dl_native,2021-2025,Core EC conferences|dl_native|2021-2025,1.0,72,72,1.0,hybrid,other
50015,2025,ESWA,Mixed journals,neuroevolution,2021-2025,Mixed journals|neuroevolution|2021-2025,3.419355,106,31,0.29245283018867924,neuroevolution,hybrid
59430,2024,EVOINT,Core EC journals,dl_native,2021-2025,Core EC journals|dl_native|2021-2025,1.0,86,86,1.0,dl_native,dl_native
19630,2016,CEC,Core EC conferences,dl_native,2016-2020,Core EC conferences|dl_native|2016-2020,1.0,42,42,1.0,dl_native,dl_native
86150,2023,INS,Mixed journals,dl_native,2021-2025,Mixed journals|dl_native|2021-2025,5.626219,5193,923,0.17773926439437704,dl_native,dl_native
39225,2022,ESWA,Mixed journals,hybrid,2021-2025,Mixed journals|hybrid|2021-2025,4.979381,483,97,0.20082815734989648,hybrid,hybrid
10307,2025,ASOC,Mixed journals,dl_native,2021-2025,Mixed journals|dl_native|2021-2025,5.626219,5193,923,0.17773926439437704,dl_native,other
39870,2022,ESWA,Mixed journals,dl_native,2021-2025,Mixed journals|dl_native|2021-2025,5.626219,5193,923,0.17773926439437704,dl_native,dl_native
70404,2024,GPEM,Core EC journals,neuroevolution,2021-2025,Core EC journals|neuroevolution|2021-2025,2.333333,49,21,0.42857142857142855,neuroevolution,neuroevolution
33437,2018,ESWA,Mixed journals,dl_native,2016-2020,Mixed journals|dl_native|2016-2020,5.087719,580,114,0.19655172413793104,dl_native,dl_native
47944,2025,ESWA,Mixed journals,dl_native,2021-2025,Mixed journals|dl_native|2021-2025,5.626219,5193,923,0.17773926439437704,dl_native,dl_native
68247,2025,GECCO,Core EC conferences,other,2021-2025,Core EC conferences|other|2021-2025,2.521739,58,23,0.39655172413793105,hybrid,hybrid
10586,2025,ASOC,Mixed journals,dl_native,2021-2025,Mixed journals|dl_native|2021-2025,5.626219,5193,923,0.17773926439437704,dl_native,dl_native
99116,2019,SSCI,SSCI (mixed conf.),other,2016-2020,SSCI (mixed conf.)|other|2016-2020,1.1875,19,16,0.8421052631578947,other,other
45952,2024,ESWA,Mixed journals,dl_native,2021-2025,Mixed journals|dl_native|2021-2025,5.626219,5193,923,0.17773926439437704,dl_native,dl_native
37889,2021,ESWA,Mixed journals,dl_native,2021-2025,Mixed journals|dl_native|2021-2025,5.626219,5193,923,0.17773926439437704,dl_native,dl_native
7332,2023,ASOC,Mixed journals,dl_native,2021-2025,Mixed journals|dl_native|2021-2025,5.626219,5193,923,0.17773926439437704,dl_native,dl_native
103401,2024,TETCI,Mixed journals,other,2021-2025,Mixed journals|other|2021-2025,5.048077,525,104,0.1980952380952381,dl_native,dl_native
37205,2020,ESWA,Mixed journals,other,2016-2020,Mixed journals|other|2016-2020,2.75,66,24,0.36363636363636365,other,other
40399,2022,ESWA,Mixed journals,hybrid,2021-2025,Mixed journals|hybrid|2021-2025,4.979381,483,97,0.20082815734989648,neuroevolution,hybrid
88179,2025,INS,Mixed journals,hybrid,2021-2025,Mixed journals|hybrid|2021-2025,4.979381,483,97,0.20082815734989648,hybrid,hybrid
5211,2019,ASOC,Mixed journals,hybrid,2016-2020,Mixed journals|hybrid|2016-2020,2.0,38,19,0.5,dl_native,hybrid
10511,2025,ASOC,Mixed journals,dl_native,2021-2025,Mixed journals|dl_native|2021-2025,5.626219,5193,923,0.17773926439437704,dl_native,dl_native
4420,2020,ASOC,Mixed journals,neuroevolution,2016-2020,Mixed journals|neuroevolution|2016-2020,1.0,10,10,1.0,neuroevolution,hybrid
59410,2024,EVOINT,Core EC journals,dl_native,2021-2025,Core EC journals|dl_native|2021-2025,1.0,86,86,1.0,dl_native,dl_native
100874,2025,SWEVC,Core EC journals,neuroevolution,2021-2025,Core EC journals|neuroevolution|2021-2025,2.333333,49,21,0.42857142857142855,neuroevolution,neuroevolution
49804,2025,ESWA,Mixed journals,dl_native,2021-2025,Mixed journals|dl_native|2021-2025,5.626219,5193,923,0.17773926439437704,dl_native,dl_native
49437,2025,ESWA,Mixed journals,dl_native,2021-2025,Mixed journals|dl_native|2021-2025,5.626219,5193,923,0.17773926439437704,dl_native,dl_native
86611,2023,INS,Mixed journals,dl_native,2021-2025,Mixed journals|dl_native|2021-2025,5.626219,5193,923,0.17773926439437704,dl_native,dl_native
83575,2021,INS,Mixed journals,hybrid,2021-2025,Mixed journals|hybrid|2021-2025,4.979381,483,97,0.20082815734989648,hybrid,hybrid
69825,2022,GECCO,Core EC conferences,hybrid,2021-2025,Core EC conferences|hybrid|2021-2025,4.351852,235,54,0.2297872340425532,hybrid,hybrid
88445,2025,INS,Mixed journals,dl_native,2021-2025,Mixed journals|dl_native|2021-2025,5.626219,5193,923,0.17773926439437704,dl_native,dl_native
7056,2023,ASOC,Mixed journals,dl_native,2021-2025,Mixed journals|dl_native|2021-2025,5.626219,5193,923,0.17773926439437704,dl_native,dl_native
69091,2023,GECCO,Core EC conferences,dl_native,2021-2025,Core EC conferences|dl_native|2021-2025,1.0,72,72,1.0,dl_native,dl_native
98069,2021,SSCI,SSCI (mixed conf.),dl_native,2021-2025,SSCI (mixed conf.)|dl_native|2021-2025,4.0,160,40,0.25,dl_native,dl_native
98383,2020,SSCI,SSCI (mixed conf.),neuroevolution,2016-2020,SSCI (mixed conf.)|neuroevolution|2016-2020,1.0,15,15,1.0,neuroevolution,neuroevolution
91122,2023,MEMETIC,Core EC journals,neuroevolution,2021-2025,Core EC journals|neuroevolution|2021-2025,2.333333,49,21,0.42857142857142855,neuroevolution,neuroevolution
23433,2015,CIM,Mixed journals,other,<=2015,Mixed journals|other|<=2015,1.529412,26,17,0.6538461538461539,dl_native,other
21771,2024,CEC,Core EC conferences,dl_native,2021-2025,Core EC conferences|dl_native|2021-2025,1.0,72,72,1.0,dl_native,dl_native
85714,2023,INS,Mixed journals,dl_native,2021-2025,Mixed journals|dl_native|2021-2025,5.626219,5193,923,0.17773926439437704,dl_native,dl_native
85050,2024,INS,Mixed journals,dl_native,2021-2025,Mixed journals|dl_native|2021-2025,5.626219,5193,923,0.17773926439437704,dl_native,dl_native
84367,2024,INS,Mixed journals,dl_native,2021-2025,Mixed journals|dl_native|2021-2025,5.626219,5193,923,0.17773926439437704,dl_native,dl_native
22920,2020,CEC,Core EC conferences,neuroevolution,2016-2020,Core EC conferences|neuroevolution|2016-2020,3.142857,88,28,0.3181818181818182,neuroevolution,neuroevolution
92507,2022,PPSN,Core EC conferences,dl_native,2021-2025,Core EC conferences|dl_native|2021-2025,1.0,72,72,1.0,dl_native,dl_native
88012,2025,INS,Mixed journals,dl_native,2021-2025,Mixed journals|dl_native|2021-2025,5.626219,5193,923,0.17773926439437704,dl_native,dl_native
41824,2023,ESWA,Mixed journals,dl_native,2021-2025,Mixed journals|dl_native|2021-2025,5.626219,5193,923,0.17773926439437704,dl_native,dl_native
83925,2021,INS,Mixed journals,dl_native,2021-2025,Mixed journals|dl_native|2021-2025,5.626219,5193,923,0.17773926439437704,dl_native,dl_native
68680,2024,GECCO,Core EC conferences,hybrid,2021-2025,Core EC conferences|hybrid|2021-2025,4.351852,235,54,0.2297872340425532,hybrid,hybrid
41121,2023,ESWA,Mixed journals,dl_native,2021-2025,Mixed journals|dl_native|2021-2025,5.626219,5193,923,0.17773926439437704,dl_native,dl_native
38391,2019,ESWA,Mixed journals,dl_native,2016-2020,Mixed journals|dl_native|2016-2020,5.087719,580,114,0.19655172413793104,dl_native,dl_native
103415,2024,TETCI,Mixed journals,hybrid,2021-2025,Mixed journals|hybrid|2021-2025,4.979381,483,97,0.20082815734989648,dl_native,hybrid
65906,2019,GECCO,Core EC conferences,dl_native,2016-2020,Core EC conferences|dl_native|2016-2020,1.0,42,42,1.0,dl_native,other
59646,2023,EVOINT,Core EC journals,hybrid,2021-2025,Core EC journals|hybrid|2021-2025,3.185185,86,27,0.313953488372093,neuroevolution,hybrid
11676,2024,ASOC,Mixed journals,dl_native,2021-2025,Mixed journals|dl_native|2021-2025,5.626219,5193,923,0.17773926439437704,dl_native,dl_native
70162,2021,GECCO,Core EC conferences,other,2021-2025,Core EC conferences|other|2021-2025,2.521739,58,23,0.39655172413793105,dl_native,dl_native
84766,2024,INS,Mixed journals,hybrid,2021-2025,Mixed journals|hybrid|2021-2025,4.979381,483,97,0.20082815734989648,dl_native,other
104562,2024,TEVC,Core EC journals,hybrid,2021-2025,Core EC journals|hybrid|2021-2025,3.185185,86,27,0.313953488372093,neuroevolution,hybrid
44684,2024,ESWA,Mixed journals,dl_native,2021-2025,Mixed journals|dl_native|2021-2025,5.626219,5193,923,0.17773926439437704,dl_native,dl_native
41928,2023,ESWA,Mixed journals,dl_native,2021-2025,Mixed journals|dl_native|2021-2025,5.626219,5193,923,0.17773926439437704,dl_native,dl_native
40206,2022,ESWA,Mixed journals,dl_native,2021-2025,Mixed journals|dl_native|2021-2025,5.626219,5193,923,0.17773926439437704,dl_native,dl_native
71460,2018,ICSI,Core EC conferences,dl_native,2016-2020,Core EC conferences|dl_native|2016-2020,1.0,42,42,1.0,dl_native,dl_native
39009,2022,ESWA,Mixed journals,dl_native,2021-2025,Mixed journals|dl_native|2021-2025,5.626219,5193,923,0.17773926439437704,dl_native,dl_native
94295,2022,SOFTCOMP,Mixed journals,dl_native,2021-2025,Mixed journals|dl_native|2021-2025,5.626219,5193,923,0.17773926439437704,dl_native,dl_native
36276,2021,ESWA,Mixed journals,dl_native,2021-2025,Mixed journals|dl_native|2021-2025,5.626219,5193,923,0.17773926439437704,dl_native,dl_native
57910,2020,EVOAPP,Core EC conferences,neuroevolution,2016-2020,Core EC conferences|neuroevolution|2016-2020,3.142857,88,28,0.3181818181818182,neuroevolution,neuroevolution
49321,2025,ESWA,Mixed journals,dl_native,2021-2025,Mixed journals|dl_native|2021-2025,5.626219,5193,923,0.17773926439437704,dl_native,dl_native
59406,2024,EVOINT,Core EC journals,dl_native,2021-2025,Core EC journals|dl_native|2021-2025,1.0,86,86,1.0,dl_native,dl_native
37833,2020,ESWA,Mixed journals,dl_native,2016-2020,Mixed journals|dl_native|2016-2020,5.087719,580,114,0.19655172413793104,dl_native,dl_native
48608,2025,ESWA,Mixed journals,dl_native,2021-2025,Mixed journals|dl_native|2021-2025,5.626219,5193,923,0.17773926439437704,dl_native,hybrid
39525,2022,ESWA,Mixed journals,dl_native,2021-2025,Mixed journals|dl_native|2021-2025,5.626219,5193,923,0.17773926439437704,dl_native,dl_native
102809,2025,TETCI,Mixed journals,hybrid,2021-2025,Mixed journals|hybrid|2021-2025,4.979381,483,97,0.20082815734989648,dl_native,hybrid
88220,2025,INS,Mixed journals,dl_native,2021-2025,Mixed journals|dl_native|2021-2025,5.626219,5193,923,0.17773926439437704,dl_native,other
59564,2023,EVOINT,Core EC journals,dl_native,2021-2025,Core EC journals|dl_native|2021-2025,1.0,86,86,1.0,dl_native,dl_native
10474,2025,ASOC,Mixed journals,dl_native,2021-2025,Mixed journals|dl_native|2021-2025,5.626219,5193,923,0.17773926439437704,dl_native,dl_native
22425,2021,CEC,Core EC conferences,hybrid,2021-2025,Core EC conferences|hybrid|2021-2025,4.351852,235,54,0.2297872340425532,hybrid,hybrid
40692,2022,ESWA,Mixed journals,dl_native,2021-2025,Mixed journals|dl_native|2021-2025,5.626219,5193,923,0.17773926439437704,dl_native,dl_native
59711,2023,EVOINT,Core EC journals,dl_native,2021-2025,Core EC journals|dl_native|2021-2025,1.0,86,86,1.0,dl_native,dl_native
68812,2024,GECCO,Core EC conferences,dl_native,2021-2025,Core EC conferences|dl_native|2021-2025,1.0,72,72,1.0,dl_native,dl_native
21558,2024,CEC,Core EC conferences,dl_native,2021-2025,Core EC conferences|dl_native|2021-2025,1.0,72,72,1.0,dl_native,dl_native
104748,2023,TEVC,Core EC journals,other,2021-2025,Core EC journals|other|2021-2025,2.105263,40,19,0.475,other,other
21740,2024,CEC,Core EC conferences,hybrid,2021-2025,Core EC conferences|hybrid|2021-2025,4.351852,235,54,0.2297872340425532,hybrid,hybrid
45773,2024,ESWA,Mixed journals,dl_native,2021-2025,Mixed journals|dl_native|2021-2025,5.626219,5193,923,0.17773926439437704,dl_native,dl_native
36107,2021,ESWA,Mixed journals,dl_native,2021-2025,Mixed journals|dl_native|2021-2025,5.626219,5193,923,0.17773926439437704,dl_native,dl_native
49544,2025,ESWA,Mixed journals,dl_native,2021-2025,Mixed journals|dl_native|2021-2025,5.626219,5193,923,0.17773926439437704,dl_native,other
47533,2025,ESWA,Mixed journals,dl_native,2021-2025,Mixed journals|dl_native|2021-2025,5.626219,5193,923,0.17773926439437704,dl_native,dl_native
11539,2025,ASOC,Mixed journals,dl_native,2021-2025,Mixed journals|dl_native|2021-2025,5.626219,5193,923,0.17773926439437704,dl_native,other
47512,2025,ESWA,Mixed journals,hybrid,2021-2025,Mixed journals|hybrid|2021-2025,4.979381,483,97,0.20082815734989648,hybrid,hybrid
4914,2020,ASOC,Mixed journals,dl_native,2016-2020,Mixed journals|dl_native|2016-2020,5.087719,580,114,0.19655172413793104,dl_native,dl_native
10711,2025,ASOC,Mixed journals,other,2021-2025,Mixed journals|other|2021-2025,5.048077,525,104,0.1980952380952381,other,other
24236,2025,EMO,Core EC conferences,hybrid,2021-2025,Core EC conferences|hybrid|2021-2025,4.351852,235,54,0.2297872340425532,dl_native,hybrid
9502,2021,ASOC,Mixed journals,dl_native,2021-2025,Mixed journals|dl_native|2021-2025,5.626219,5193,923,0.17773926439437704,dl_native,dl_native
12006,2024,ASOC,Mixed journals,other,2021-2025,Mixed journals|other|2021-2025,5.048077,525,104,0.1980952380952381,dl_native,other
9947,2025,ASOC,Mixed journals,dl_native,2021-2025,Mixed journals|dl_native|2021-2025,5.626219,5193,923,0.17773926439437704,dl_native,dl_native
40763,2022,ESWA,Mixed journals,dl_native,2021-2025,Mixed journals|dl_native|2021-2025,5.626219,5193,923,0.17773926439437704,dl_native,other
103220,2024,TETCI,Mixed journals,hybrid,2021-2025,Mixed journals|hybrid|2021-2025,4.979381,483,97,0.20082815734989648,neuroevolution,hybrid
4059,2020,ASOC,Mixed journals,dl_native,2016-2020,Mixed journals|dl_native|2016-2020,5.087719,580,114,0.19655172413793104,dl_native,dl_native
59604,2023,EVOINT,Core EC journals,dl_native,2021-2025,Core EC journals|dl_native|2021-2025,1.0,86,86,1.0,dl_native,dl_native
46931,2025,ESWA,Mixed journals,dl_native,2021-2025,Mixed journals|dl_native|2021-2025,5.626219,5193,923,0.17773926439437704,dl_native,dl_native
99261,2019,SSCI,SSCI (mixed conf.),neuroevolution,2016-2020,SSCI (mixed conf.)|neuroevolution|2016-2020,1.0,15,15,1.0,neuroevolution,neuroevolution
83941,2022,INS,Mixed journals,dl_native,2021-2025,Mixed journals|dl_native|2021-2025,5.626219,5193,923,0.17773926439437704,dl_native,dl_native
99268,2019,SSCI,SSCI (mixed conf.),other,2016-2020,SSCI (mixed conf.)|other|2016-2020,1.1875,19,16,0.8421052631578947,other,other
7426,2023,ASOC,Mixed journals,dl_native,2021-2025,Mixed journals|dl_native|2021-2025,5.626219,5193,923,0.17773926439437704,dl_native,dl_native
48355,2025,ESWA,Mixed journals,dl_native,2021-2025,Mixed journals|dl_native|2021-2025,5.626219,5193,923,0.17773926439437704,dl_native,dl_native
42870,2023,ESWA,Mixed journals,dl_native,2021-2025,Mixed journals|dl_native|2021-2025,5.626219,5193,923,0.17773926439437704,dl_native,dl_native
69235,2023,GECCO,Core EC conferences,neuroevolution,2021-2025,Core EC conferences|neuroevolution|2021-2025,3.4375,110,32,0.2909090909090909,neuroevolution,hybrid
44128,2024,ESWA,Mixed journals,dl_native,2021-2025,Mixed journals|dl_native|2021-2025,5.626219,5193,923,0.17773926439437704,dl_native,dl_native
12424,2024,ASOC,Mixed journals,dl_native,2021-2025,Mixed journals|dl_native|2021-2025,5.626219,5193,923,0.17773926439437704,dl_native,dl_native
41461,2023,ESWA,Mixed journals,dl_native,2021-2025,Mixed journals|dl_native|2021-2025,5.626219,5193,923,0.17773926439437704,dl_native,other
59177,2025,EVOINT,Core EC journals,dl_native,2021-2025,Core EC journals|dl_native|2021-2025,1.0,86,86,1.0,dl_native,dl_native
101897,2019,SWEVC,Core EC journals,neuroevolution,2016-2020,Core EC journals|neuroevolution|2016-2020,1.0,8,8,1.0,neuroevolution,neuroevolution
97662,2023,SSCI,SSCI (mixed conf.),dl_native,2021-2025,SSCI (mixed conf.)|dl_native|2021-2025,4.0,160,40,0.25,dl_native,dl_native
84974,2023,INS,Mixed journals,dl_native,2021-2025,Mixed journals|dl_native|2021-2025,5.626219,5193,923,0.17773926439437704,dl_native,dl_native
60144,2019,EVOINT,Core EC journals,dl_native,2016-2020,Core EC journals|dl_native|2016-2020,1.0,2,2,1.0,dl_native,dl_native
23873,2020,ECJ,Core EC journals,neuroevolution,2016-2020,Core EC journals|neuroevolution|2016-2020,1.0,8,8,1.0,neuroevolution,neuroevolution
48006,2025,ESWA,Mixed journals,dl_native,2021-2025,Mixed journals|dl_native|2021-2025,5.626219,5193,923,0.17773926439437704,dl_native,dl_native
59933,2023,EVOINT,Core EC journals,dl_native,2021-2025,Core EC journals|dl_native|2021-2025,1.0,86,86,1.0,dl_native,dl_native
4809,2020,ASOC,Mixed journals,dl_native,2016-2020,Mixed journals|dl_native|2016-2020,5.087719,580,114,0.19655172413793104,dl_native,other
37638,2021,ESWA,Mixed journals,dl_native,2021-2025,Mixed journals|dl_native|2021-2025,5.626219,5193,923,0.17773926439437704,dl_native,dl_native
92462,2024,PPSN,Core EC conferences,hybrid,2021-2025,Core EC conferences|hybrid|2021-2025,4.351852,235,54,0.2297872340425532,neuroevolution,dl_native
48204,2025,ESWA,Mixed journals,dl_native,2021-2025,Mixed journals|dl_native|2021-2025,5.626219,5193,923,0.17773926439437704,dl_native,dl_native
43431,2024,ESWA,Mixed journals,dl_native,2021-2025,Mixed journals|dl_native|2021-2025,5.626219,5193,923,0.17773926439437704,dl_native,dl_native
84548,2024,INS,Mixed journals,dl_native,2021-2025,Mixed journals|dl_native|2021-2025,5.626219,5193,923,0.17773926439437704,dl_native,dl_native
36976,2021,ESWA,Mixed journals,dl_native,2021-2025,Mixed journals|dl_native|2021-2025,5.626219,5193,923,0.17773926439437704,dl_native,dl_native
46668,2024,ESWA,Mixed journals,dl_native,2021-2025,Mixed journals|dl_native|2021-2025,5.626219,5193,923,0.17773926439437704,dl_native,dl_native
10364,2025,ASOC,Mixed journals,dl_native,2021-2025,Mixed journals|dl_native|2021-2025,5.626219,5193,923,0.17773926439437704,dl_native,dl_native
99298,2018,SSCI,SSCI (mixed conf.),dl_native,2016-2020,SSCI (mixed conf.)|dl_native|2016-2020,4.255319,200,47,0.235,dl_native,dl_native
48823,2025,ESWA,Mixed journals,dl_native,2021-2025,Mixed journals|dl_native|2021-2025,5.626219,5193,923,0.17773926439437704,dl_native,dl_native
37697,2021,ESWA,Mixed journals,dl_native,2021-2025,Mixed journals|dl_native|2021-2025,5.626219,5193,923,0.17773926439437704,dl_native,dl_native
21800,2024,CEC,Core EC conferences,other,2021-2025,Core EC conferences|other|2021-2025,2.521739,58,23,0.39655172413793105,dl_native,dl_native
103113,2025,TETCI,Mixed journals,dl_native,2021-2025,Mixed journals|dl_native|2021-2025,5.626219,5193,923,0.17773926439437704,dl_native,dl_native
102265,2017,SWEVC,Core EC journals,other,2016-2020,Core EC journals|other|2016-2020,1.0,3,3,1.0,other,other
85552,2023,INS,Mixed journals,dl_native,2021-2025,Mixed journals|dl_native|2021-2025,5.626219,5193,923,0.17773926439437704,dl_native,other
46081,2024,ESWA,Mixed journals,dl_native,2021-2025,Mixed journals|dl_native|2021-2025,5.626219,5193,923,0.17773926439437704,dl_native,dl_native
91006,2025,MEMETIC,Core EC journals,dl_native,2021-2025,Core EC journals|dl_native|2021-2025,1.0,86,86,1.0,dl_native,other
12080,2025,ASOC,Mixed journals,dl_native,2021-2025,Mixed journals|dl_native|2021-2025,5.626219,5193,923,0.17773926439437704,dl_native,dl_native
102924,2024,TETCI,Mixed journals,dl_native,2021-2025,Mixed journals|dl_native|2021-2025,5.626219,5193,923,0.17773926439437704,dl_native,dl_native
71135,2022,ICSI,Core EC conferences,dl_native,2021-2025,Core EC conferences|dl_native|2021-2025,1.0,72,72,1.0,dl_native,dl_native
18828,2019,CEC,Core EC conferences,hybrid,2016-2020,Core EC conferences|hybrid|2016-2020,2.47619,52,21,0.40384615384615385,neuroevolution,hybrid
98114,2021,SSCI,SSCI (mixed conf.),other,2021-2025,SSCI (mixed conf.)|other|2021-2025,1.0,12,12,1.0,hybrid,other
40631,2022,ESWA,Mixed journals,dl_native,2021-2025,Mixed journals|dl_native|2021-2025,5.626219,5193,923,0.17773926439437704,dl_native,dl_native
59695,2022,EVOINT,Core EC journals,dl_native,2021-2025,Core EC journals|dl_native|2021-2025,1.0,86,86,1.0,dl_native,dl_native
10414,2025,ASOC,Mixed journals,hybrid,2021-2025,Mixed journals|hybrid|2021-2025,4.979381,483,97,0.20082815734989648,dl_native,dl_native
40679,2022,ESWA,Mixed journals,dl_native,2021-2025,Mixed journals|dl_native|2021-2025,5.626219,5193,923,0.17773926439437704,dl_native,dl_native
82960,2022,INS,Mixed journals,dl_native,2021-2025,Mixed journals|dl_native|2021-2025,5.626219,5193,923,0.17773926439437704,dl_native,dl_native
7620,2023,ASOC,Mixed journals,neuroevolution,2021-2025,Mixed journals|neuroevolution|2021-2025,3.419355,106,31,0.29245283018867924,neuroevolution,neuroevolution
66154,2018,GECCO,Core EC conferences,neuroevolution,2016-2020,Core EC conferences|neuroevolution|2016-2020,3.142857,88,28,0.3181818181818182,neuroevolution,neuroevolution
47001,2025,ESWA,Mixed journals,dl_native,2021-2025,Mixed journals|dl_native|2021-2025,5.626219,5193,923,0.17773926439437704,dl_native,dl_native
68368,2024,GECCO,Core EC conferences,hybrid,2021-2025,Core EC conferences|hybrid|2021-2025,4.351852,235,54,0.2297872340425532,neuroevolution,hybrid
99118,2019,SSCI,SSCI (mixed conf.),other,2016-2020,SSCI (mixed conf.)|other|2016-2020,1.1875,19,16,0.8421052631578947,dl_native,hybrid
103553,2023,TETCI,Mixed journals,dl_native,2021-2025,Mixed journals|dl_native|2021-2025,5.626219,5193,923,0.17773926439437704,dl_native,dl_native
42043,2023,ESWA,Mixed journals,other,2021-2025,Mixed journals|other|2021-2025,5.048077,525,104,0.1980952380952381,dl_native,other
88711,2025,INS,Mixed journals,hybrid,2021-2025,Mixed journals|hybrid|2021-2025,4.979381,483,97,0.20082815734989648,neuroevolution,hybrid
12326,2024,ASOC,Mixed journals,dl_native,2021-2025,Mixed journals|dl_native|2021-2025,5.626219,5193,923,0.17773926439437704,dl_native,dl_native
49536,2025,ESWA,Mixed journals,dl_native,2021-2025,Mixed journals|dl_native|2021-2025,5.626219,5193,923,0.17773926439437704,dl_native,other
85765,2023,INS,Mixed journals,other,2021-2025,Mixed journals|other|2021-2025,5.048077,525,104,0.1980952380952381,dl_native,dl_native
47803,2025,ESWA,Mixed journals,dl_native,2021-2025,Mixed journals|dl_native|2021-2025,5.626219,5193,923,0.17773926439437704,dl_native,dl_native
43067,2023,ESWA,Mixed journals,other,2021-2025,Mixed journals|other|2021-2025,5.048077,525,104,0.1980952380952381,other,other
8226,2022,ASOC,Mixed journals,dl_native,2021-2025,Mixed journals|dl_native|2021-2025,5.626219,5193,923,0.17773926439437704,dl_native,dl_native
41331,2023,ESWA,Mixed journals,dl_native,2021-2025,Mixed journals|dl_native|2021-2025,5.626219,5193,923,0.17773926439437704,dl_native,dl_native
22813,2020,CEC,Core EC conferences,dl_native,2016-2020,Core EC conferences|dl_native|2016-2020,1.0,42,42,1.0,dl_native,dl_native
38616,2020,ESWA,Mixed journals,other,2016-2020,Mixed journals|other|2016-2020,2.75,66,24,0.36363636363636365,other,other
85280,2024,INS,Mixed journals,dl_native,2021-2025,Mixed journals|dl_native|2021-2025,5.626219,5193,923,0.17773926439437704,dl_native,dl_native
69089,2023,GECCO,Core EC conferences,other,2021-2025,Core EC conferences|other|2021-2025,2.521739,58,23,0.39655172413793105,hybrid,other
103535,2023,TETCI,Mixed journals,dl_native,2021-2025,Mixed journals|dl_native|2021-2025,5.626219,5193,923,0.17773926439437704,dl_native,dl_native
43550,2024,ESWA,Mixed journals,dl_native,2021-2025,Mixed journals|dl_native|2021-2025,5.626219,5193,923,0.17773926439437704,dl_native,dl_native
21713,2024,CEC,Core EC conferences,other,2021-2025,Core EC conferences|other|2021-2025,2.521739,58,23,0.39655172413793105,hybrid,hybrid
10370,2025,ASOC,Mixed journals,dl_native,2021-2025,Mixed journals|dl_native|2021-2025,5.626219,5193,923,0.17773926439437704,dl_native,dl_native
41723,2023,ESWA,Mixed journals,dl_native,2021-2025,Mixed journals|dl_native|2021-2025,5.626219,5193,923,0.17773926439437704,dl_native,dl_native
45317,2024,ESWA,Mixed journals,dl_native,2021-2025,Mixed journals|dl_native|2021-2025,5.626219,5193,923,0.17773926439437704,dl_native,dl_native
44469,2024,ESWA,Mixed journals,dl_native,2021-2025,Mixed journals|dl_native|2021-2025,5.626219,5193,923,0.17773926439437704,dl_native,dl_native
65567,2020,GECCO,Core EC conferences,hybrid,2016-2020,Core EC conferences|hybrid|2016-2020,2.47619,52,21,0.40384615384615385,neuroevolution,neuroevolution
7031,2023,ASOC,Mixed journals,dl_native,2021-2025,Mixed journals|dl_native|2021-2025,5.626219,5193,923,0.17773926439437704,dl_native,dl_native
59359,2024,EVOINT,Core EC journals,dl_native,2021-2025,Core EC journals|dl_native|2021-2025,1.0,86,86,1.0,dl_native,dl_native
6906,2023,ASOC,Mixed journals,dl_native,2021-2025,Mixed journals|dl_native|2021-2025,5.626219,5193,923,0.17773926439437704,dl_native,dl_native
82515,2022,INS,Mixed journals,dl_native,2021-2025,Mixed journals|dl_native|2021-2025,5.626219,5193,923,0.17773926439437704,dl_native,dl_native
9841,2025,ASOC,Mixed journals,dl_native,2021-2025,Mixed journals|dl_native|2021-2025,5.626219,5193,923,0.17773926439437704,dl_native,dl_native
99272,2018,SSCI,SSCI (mixed conf.),dl_native,2016-2020,SSCI (mixed conf.)|dl_native|2016-2020,4.255319,200,47,0.235,dl_native,dl_native
39445,2022,ESWA,Mixed journals,dl_native,2021-2025,Mixed journals|dl_native|2021-2025,5.626219,5193,923,0.17773926439437704,dl_native,dl_native
37407,2021,ESWA,Mixed journals,dl_native,2021-2025,Mixed journals|dl_native|2021-2025,5.626219,5193,923,0.17773926439437704,dl_native,dl_native
7993,2022,ASOC,Mixed journals,dl_native,2021-2025,Mixed journals|dl_native|2021-2025,5.626219,5193,923,0.17773926439437704,dl_native,dl_native
66772,2017,GECCO,Core EC conferences,neuroevolution,2016-2020,Core EC conferences|neuroevolution|2016-2020,3.142857,88,28,0.3181818181818182,neuroevolution,neuroevolution
49430,2025,ESWA,Mixed journals,other,2021-2025,Mixed journals|other|2021-2025,5.048077,525,104,0.1980952380952381,dl_native,dl_native
10897,2025,ASOC,Mixed journals,dl_native,2021-2025,Mixed journals|dl_native|2021-2025,5.626219,5193,923,0.17773926439437704,dl_native,dl_native
67917,2025,GECCO,Core EC conferences,hybrid,2021-2025,Core EC conferences|hybrid|2021-2025,4.351852,235,54,0.2297872340425532,hybrid,hybrid
36131,2021,ESWA,Mixed journals,dl_native,2021-2025,Mixed journals|dl_native|2021-2025,5.626219,5193,923,0.17773926439437704,dl_native,dl_native
83595,2021,INS,Mixed journals,dl_native,2021-2025,Mixed journals|dl_native|2021-2025,5.626219,5193,923,0.17773926439437704,dl_native,dl_native
7455,2023,ASOC,Mixed journals,dl_native,2021-2025,Mixed journals|dl_native|2021-2025,5.626219,5193,923,0.17773926439437704,dl_native,dl_native
9524,2021,ASOC,Mixed journals,dl_native,2021-2025,Mixed journals|dl_native|2021-2025,5.626219,5193,923,0.17773926439437704,dl_native,dl_native
4831,2020,ASOC,Mixed journals,dl_native,2016-2020,Mixed journals|dl_native|2016-2020,5.087719,580,114,0.19655172413793104,dl_native,dl_native
9231,2021,ASOC,Mixed journals,dl_native,2021-2025,Mixed journals|dl_native|2021-2025,5.626219,5193,923,0.17773926439437704,dl_native,dl_native
48869,2025,ESWA,Mixed journals,other,2021-2025,Mixed journals|other|2021-2025,5.048077,525,104,0.1980952380952381,other,other
7447,2023,ASOC,Mixed journals,dl_native,2021-2025,Mixed journals|dl_native|2021-2025,5.626219,5193,923,0.17773926439437704,dl_native,other
67429,2015,GECCO,Core EC conferences,hybrid,<=2015,Core EC conferences|hybrid|<=2015,1.0,8,8,1.0,neuroevolution,neuroevolution
10362,2025,ASOC,Mixed journals,other,2021-2025,Mixed journals|other|2021-2025,5.048077,525,104,0.1980952380952381,other,other
44974,2024,ESWA,Mixed journals,dl_native,2021-2025,Mixed journals|dl_native|2021-2025,5.626219,5193,923,0.17773926439437704,dl_native,dl_native
60073,2021,EVOINT,Core EC journals,hybrid,2021-2025,Core EC journals|hybrid|2021-2025,3.185185,86,27,0.313953488372093,hybrid,hybrid
70931,2025,ICSI,Core EC conferences,dl_native,2021-2025,Core EC conferences|dl_native|2021-2025,1.0,72,72,1.0,dl_native,dl_native
103422,2023,TETCI,Mixed journals,dl_native,2021-2025,Mixed journals|dl_native|2021-2025,5.626219,5193,923,0.17773926439437704,dl_native,dl_native
82055,2022,INS,Mixed journals,dl_native,2021-2025,Mixed journals|dl_native|2021-2025,5.626219,5193,923,0.17773926439437704,dl_native,dl_native
70109,2021,GECCO,Core EC conferences,hybrid,2021-2025,Core EC conferences|hybrid|2021-2025,4.351852,235,54,0.2297872340425532,hybrid,hybrid
101043,2024,SWEVC,Core EC journals,hybrid,2021-2025,Core EC journals|hybrid|2021-2025,3.185185,86,27,0.313953488372093,dl_native,dl_native
40138,2022,ESWA,Mixed journals,other,2021-2025,Mixed journals|other|2021-2025,5.048077,525,104,0.1980952380952381,other,other
59494,2025,EVOINT,Core EC journals,other,2021-2025,Core EC journals|other|2021-2025,2.105263,40,19,0.475,neuroevolution,neuroevolution
98772,2020,SSCI,SSCI (mixed conf.),dl_native,2016-2020,SSCI (mixed conf.)|dl_native|2016-2020,4.255319,200,47,0.235,dl_native,dl_native
42939,2023,ESWA,Mixed journals,dl_native,2021-2025,Mixed journals|dl_native|2021-2025,5.626219,5193,923,0.17773926439437704,dl_native,dl_native
37909,2021,ESWA,Mixed journals,dl_native,2021-2025,Mixed journals|dl_native|2021-2025,5.626219,5193,923,0.17773926439437704,dl_native,dl_native
99156,2019,SSCI,SSCI (mixed conf.),dl_native,2016-2020,SSCI (mixed conf.)|dl_native|2016-2020,4.255319,200,47,0.235,dl_native,dl_native
43305,2024,ESWA,Mixed journals,dl_native,2021-2025,Mixed journals|dl_native|2021-2025,5.626219,5193,923,0.17773926439437704,dl_native,dl_native
101149,2024,SWEVC,Core EC journals,neuroevolution,2021-2025,Core EC journals|neuroevolution|2021-2025,2.333333,49,21,0.42857142857142855,neuroevolution,other
23232,2020,CIM,Mixed journals,dl_native,2016-2020,Mixed journals|dl_native|2016-2020,5.087719,580,114,0.19655172413793104,dl_native,dl_native
68287,2025,GECCO,Core EC conferences,hybrid,2021-2025,Core EC conferences|hybrid|2021-2025,4.351852,235,54,0.2297872340425532,hybrid,hybrid
101119,2024,SWEVC,Core EC journals,dl_native,2021-2025,Core EC journals|dl_native|2021-2025,1.0,86,86,1.0,dl_native,dl_native
4092,2020,ASOC,Mixed journals,dl_native,2016-2020,Mixed journals|dl_native|2016-2020,5.087719,580,114,0.19655172413793104,dl_native,dl_native
43954,2024,ESWA,Mixed journals,dl_native,2021-2025,Mixed journals|dl_native|2021-2025,5.626219,5193,923,0.17773926439437704,dl_native,dl_native
34157,2017,ESWA,Mixed journals,other,2016-2020,Mixed journals|other|2016-2020,2.75,66,24,0.36363636363636365,other,dl_native
11655,2024,ASOC,Mixed journals,dl_native,2021-2025,Mixed journals|dl_native|2021-2025,5.626219,5193,923,0.17773926439437704,dl_native,dl_native
49959,2025,ESWA,Mixed journals,hybrid,2021-2025,Mixed journals|hybrid|2021-2025,4.979381,483,97,0.20082815734989648,hybrid,hybrid
46632,2024,ESWA,Mixed journals,dl_native,2021-2025,Mixed journals|dl_native|2021-2025,5.626219,5193,923,0.17773926439437704,dl_native,dl_native
40702,2022,ESWA,Mixed journals,dl_native,2021-2025,Mixed journals|dl_native|2021-2025,5.626219,5193,923,0.17773926439437704,dl_native,other
26129,2009,ESWA,Mixed journals,other,<=2015,Mixed journals|other|<=2015,1.529412,26,17,0.6538461538461539,other,other
43015,2023,ESWA,Mixed journals,dl_native,2021-2025,Mixed journals|dl_native|2021-2025,5.626219,5193,923,0.17773926439437704,dl_native,dl_native
86575,2023,INS,Mixed journals,dl_native,2021-2025,Mixed journals|dl_native|2021-2025,5.626219,5193,923,0.17773926439437704,dl_native,dl_native
45078,2024,ESWA,Mixed journals,dl_native,2021-2025,Mixed journals|dl_native|2021-2025,5.626219,5193,923,0.17773926439437704,dl_native,dl_native
69623,2022,GECCO,Core EC conferences,hybrid,2021-2025,Core EC conferences|hybrid|2021-2025,4.351852,235,54,0.2297872340425532,other,hybrid
41105,2023,ESWA,Mixed journals,dl_native,2021-2025,Mixed journals|dl_native|2021-2025,5.626219,5193,923,0.17773926439437704,dl_native,dl_native
43347,2024,ESWA,Mixed journals,dl_native,2021-2025,Mixed journals|dl_native|2021-2025,5.626219,5193,923,0.17773926439437704,dl_native,dl_native
42397,2023,ESWA,Mixed journals,dl_native,2021-2025,Mixed journals|dl_native|2021-2025,5.626219,5193,923,0.17773926439437704,dl_native,dl_native
104261,2025,TEVC,Core EC journals,hybrid,2021-2025,Core EC journals|hybrid|2021-2025,3.185185,86,27,0.313953488372093,hybrid,hybrid
44405,2024,ESWA,Mixed journals,dl_native,2021-2025,Mixed journals|dl_native|2021-2025,5.626219,5193,923,0.17773926439437704,dl_native,dl_native
46989,2025,ESWA,Mixed journals,dl_native,2021-2025,Mixed journals|dl_native|2021-2025,5.626219,5193,923,0.17773926439437704,dl_native,dl_native
85010,2024,INS,Mixed journals,dl_native,2021-2025,Mixed journals|dl_native|2021-2025,5.626219,5193,923,0.17773926439437704,dl_native,dl_native
86759,2023,INS,Mixed journals,dl_native,2021-2025,Mixed journals|dl_native|2021-2025,5.626219,5193,923,0.17773926439437704,dl_native,dl_native
7015,2023,ASOC,Mixed journals,dl_native,2021-2025,Mixed journals|dl_native|2021-2025,5.626219,5193,923,0.17773926439437704,dl_native,dl_native
21838,2024,CEC,Core EC conferences,other,2021-2025,Core EC conferences|other|2021-2025,2.521739,58,23,0.39655172413793105,dl_native,dl_native
43771,2024,ESWA,Mixed journals,dl_native,2021-2025,Mixed journals|dl_native|2021-2025,5.626219,5193,923,0.17773926439437704,dl_native,dl_native
7175,2023,ASOC,Mixed journals,dl_native,2021-2025,Mixed journals|dl_native|2021-2025,5.626219,5193,923,0.17773926439437704,dl_native,dl_native
97600,2023,SSCI,SSCI (mixed conf.),dl_native,2021-2025,SSCI (mixed conf.)|dl_native|2021-2025,4.0,160,40,0.25,dl_native,dl_native
69486,2022,GECCO,Core EC conferences,dl_native,2021-2025,Core EC conferences|dl_native|2021-2025,1.0,72,72,1.0,other,dl_native
92616,2020,PPSN,Core EC conferences,dl_native,2016-2020,Core EC conferences|dl_native|2016-2020,1.0,42,42,1.0,dl_native,dl_native
8189,2023,ASOC,Mixed journals,other,2021-2025,Mixed journals|other|2021-2025,5.048077,525,104,0.1980952380952381,dl_native,other
99189,2019,SSCI,SSCI (mixed conf.),hybrid,2016-2020,SSCI (mixed conf.)|hybrid|2016-2020,1.0,8,8,1.0,hybrid,hybrid
65833,2019,GECCO,Core EC conferences,hybrid,2016-2020,Core EC conferences|hybrid|2016-2020,2.47619,52,21,0.40384615384615385,hybrid,hybrid
48331,2025,ESWA,Mixed journals,dl_native,2021-2025,Mixed journals|dl_native|2021-2025,5.626219,5193,923,0.17773926439437704,dl_native,dl_native
9478,2021,ASOC,Mixed journals,dl_native,2021-2025,Mixed journals|dl_native|2021-2025,5.626219,5193,923,0.17773926439437704,dl_native,dl_native
43200,2024,ESWA,Mixed journals,dl_native,2021-2025,Mixed journals|dl_native|2021-2025,5.626219,5193,923,0.17773926439437704,dl_native,dl_native
98888,2019,SSCI,SSCI (mixed conf.),dl_native,2016-2020,SSCI (mixed conf.)|dl_native|2016-2020,4.255319,200,47,0.235,dl_native,dl_native
42174,2023,ESWA,Mixed journals,dl_native,2021-2025,Mixed journals|dl_native|2021-2025,5.626219,5193,923,0.17773926439437704,dl_native,dl_native
41544,2023,ESWA,Mixed journals,dl_native,2021-2025,Mixed journals|dl_native|2021-2025,5.626219,5193,923,0.17773926439437704,dl_native,dl_native
67760,2025,GECCO,Core EC conferences,hybrid,2021-2025,Core EC conferences|hybrid|2021-2025,4.351852,235,54,0.2297872340425532,hybrid,hybrid
42604,2023,ESWA,Mixed journals,dl_native,2021-2025,Mixed journals|dl_native|2021-2025,5.626219,5193,923,0.17773926439437704,dl_native,dl_native
69864,2022,GECCO,Core EC conferences,other,2021-2025,Core EC conferences|other|2021-2025,2.521739,58,23,0.39655172413793105,other,other
44536,2024,ESWA,Mixed journals,dl_native,2021-2025,Mixed journals|dl_native|2021-2025,5.626219,5193,923,0.17773926439437704,dl_native,dl_native
11186,2024,ASOC,Mixed journals,hybrid,2021-2025,Mixed journals|hybrid|2021-2025,4.979381,483,97,0.20082815734989648,hybrid,hybrid
97875,2022,SSCI,SSCI (mixed conf.),dl_native,2021-2025,SSCI (mixed conf.)|dl_native|2021-2025,4.0,160,40,0.25,dl_native,dl_native
46742,2024,ESWA,Mixed journals,hybrid,2021-2025,Mixed journals|hybrid|2021-2025,4.979381,483,97,0.20082815734989648,neuroevolution,hybrid
37191,2021,ESWA,Mixed journals,dl_native,2021-2025,Mixed journals|dl_native|2021-2025,5.626219,5193,923,0.17773926439437704,dl_native,dl_native
49831,2025,ESWA,Mixed journals,dl_native,2021-2025,Mixed journals|dl_native|2021-2025,5.626219,5193,923,0.17773926439437704,dl_native,dl_native
10598,2025,ASOC,Mixed journals,dl_native,2021-2025,Mixed journals|dl_native|2021-2025,5.626219,5193,923,0.17773926439437704,dl_native,other
59625,2023,EVOINT,Core EC journals,dl_native,2021-2025,Core EC journals|dl_native|2021-2025,1.0,86,86,1.0,dl_native,dl_native
98226,2021,SSCI,SSCI (mixed conf.),hybrid,2021-2025,SSCI (mixed conf.)|hybrid|2021-2025,1.0,9,9,1.0,hybrid,hybrid
80636,2019,INS,Mixed journals,dl_native,2016-2020,Mixed journals|dl_native|2016-2020,5.087719,580,114,0.19655172413793104,dl_native,dl_native
85759,2023,INS,Mixed journals,dl_native,2021-2025,Mixed journals|dl_native|2021-2025,5.626219,5193,923,0.17773926439437704,dl_native,dl_native
40431,2022,ESWA,Mixed journals,dl_native,2021-2025,Mixed journals|dl_native|2021-2025,5.626219,5193,923,0.17773926439437704,dl_native,other
98278,2021,SSCI,SSCI (mixed conf.),dl_native,2021-2025,SSCI (mixed conf.)|dl_native|2021-2025,4.0,160,40,0.25,dl_native,dl_native
47216,2025,ESWA,Mixed journals,dl_native,2021-2025,Mixed journals|dl_native|2021-2025,5.626219,5193,923,0.17773926439437704,dl_native,dl_native
11774,2024,ASOC,Mixed journals,hybrid,2021-2025,Mixed journals|hybrid|2021-2025,4.979381,483,97,0.20082815734989648,hybrid,hybrid
86351,2023,INS,Mixed journals,dl_native,2021-2025,Mixed journals|dl_native|2021-2025,5.626219,5193,923,0.17773926439437704,dl_native,dl_native
99716,2017,SSCI,SSCI (mixed conf.),dl_native,2016-2020,SSCI (mixed conf.)|dl_native|2016-2020,4.255319,200,47,0.235,dl_native,dl_native
57662,2025,EVOAPP,Core EC conferences,hybrid,2021-2025,Core EC conferences|hybrid|2021-2025,4.351852,235,54,0.2297872340425532,other,neuroevolution
70406,2024,GPEM,Core EC journals,neuroevolution,2021-2025,Core EC journals|neuroevolution|2021-2025,2.333333,49,21,0.42857142857142855,neuroevolution,neuroevolution
60015,2021,EVOINT,Core EC journals,dl_native,2021-2025,Core EC journals|dl_native|2021-2025,1.0,86,86,1.0,dl_native,dl_native
41855,2023,ESWA,Mixed journals,dl_native,2021-2025,Mixed journals|dl_native|2021-2025,5.626219,5193,923,0.17773926439437704,dl_native,dl_native
59483,2025,EVOINT,Core EC journals,dl_native,2021-2025,Core EC journals|dl_native|2021-2025,1.0,86,86,1.0,dl_native,dl_native
44722,2024,ESWA,Mixed journals,dl_native,2021-2025,Mixed journals|dl_native|2021-2025,5.626219,5193,923,0.17773926439437704,dl_native,dl_native
46501,2024,ESWA,Mixed journals,other,2021-2025,Mixed journals|other|2021-2025,5.048077,525,104,0.1980952380952381,other,other
47886,2025,ESWA,Mixed journals,dl_native,2021-2025,Mixed journals|dl_native|2021-2025,5.626219,5193,923,0.17773926439437704,dl_native,other
103636,2022,TETCI,Mixed journals,dl_native,2021-2025,Mixed journals|dl_native|2021-2025,5.626219,5193,923,0.17773926439437704,dl_native,dl_native
40351,2022,ESWA,Mixed journals,dl_native,2021-2025,Mixed journals|dl_native|2021-2025,5.626219,5193,923,0.17773926439437704,dl_native,other
11711,2024,ASOC,Mixed journals,dl_native,2021-2025,Mixed journals|dl_native|2021-2025,5.626219,5193,923,0.17773926439437704,dl_native,dl_native
99271,2018,SSCI,SSCI (mixed conf.),dl_native,2016-2020,SSCI (mixed conf.)|dl_native|2016-2020,4.255319,200,47,0.235,dl_native,dl_native
98576,2020,SSCI,SSCI (mixed conf.),neuroevolution,2016-2020,SSCI (mixed conf.)|neuroevolution|2016-2020,1.0,15,15,1.0,neuroevolution,neuroevolution
99923,2017,SSCI,SSCI (mixed conf.),dl_native,2016-2020,SSCI (mixed conf.)|dl_native|2016-2020,4.255319,200,47,0.235,dl_native,dl_native
86478,2023,INS,Mixed journals,dl_native,2021-2025,Mixed journals|dl_native|2021-2025,5.626219,5193,923,0.17773926439437704,dl_native,dl_native
98587,2020,SSCI,SSCI (mixed conf.),hybrid,2016-2020,SSCI (mixed conf.)|hybrid|2016-2020,1.0,8,8,1.0,dl_native,hybrid
88668,2025,INS,Mixed journals,dl_native,2021-2025,Mixed journals|dl_native|2021-2025,5.626219,5193,923,0.17773926439437704,dl_native,other
59421,2024,EVOINT,Core EC journals,dl_native,2021-2025,Core EC journals|dl_native|2021-2025,1.0,86,86,1.0,dl_native,dl_native
43056,2023,ESWA,Mixed journals,dl_native,2021-2025,Mixed journals|dl_native|2021-2025,5.626219,5193,923,0.17773926439437704,dl_native,dl_native
59310,2024,EVOINT,Core EC journals,dl_native,2021-2025,Core EC journals|dl_native|2021-2025,1.0,86,86,1.0,dl_native,dl_native
49458,2025,ESWA,Mixed journals,neuroevolution,2021-2025,Mixed journals|neuroevolution|2021-2025,3.419355,106,31,0.29245283018867924,neuroevolution,neuroevolution
82358,2022,INS,Mixed journals,dl_native,2021-2025,Mixed journals|dl_native|2021-2025,5.626219,5193,923,0.17773926439437704,dl_native,dl_native
37992,2021,ESWA,Mixed journals,other,2021-2025,Mixed journals|other|2021-2025,5.048077,525,104,0.1980952380952381,other,other
57624,2025,EVOAPP,Core EC conferences,hybrid,2021-2025,Core EC conferences|hybrid|2021-2025,4.351852,235,54,0.2297872340425532,hybrid,hybrid
22893,2020,CEC,Core EC conferences,dl_native,2016-2020,Core EC conferences|dl_native|2016-2020,1.0,42,42,1.0,dl_native,dl_native
95133,2014,SSCI,SSCI (mixed conf.),dl_native,<=2015,SSCI (mixed conf.)|dl_native|<=2015,1.0,6,6,1.0,dl_native,dl_native
68965,2023,GECCO,Core EC conferences,hybrid,2021-2025,Core EC conferences|hybrid|2021-2025,4.351852,235,54,0.2297872340425532,hybrid,hybrid
47729,2025,ESWA,Mixed journals,dl_native,2021-2025,Mixed journals|dl_native|2021-2025,5.626219,5193,923,0.17773926439437704,dl_native,other
44693,2024,ESWA,Mixed journals,dl_native,2021-2025,Mixed journals|dl_native|2021-2025,5.626219,5193,923,0.17773926439437704,dl_native,dl_native
62498,2014,GECCO,Core EC conferences,neuroevolution,<=2015,Core EC conferences|neuroevolution|<=2015,1.0,6,6,1.0,neuroevolution,hybrid
46352,2024,ESWA,Mixed journals,dl_native,2021-2025,Mixed journals|dl_native|2021-2025,5.626219,5193,923,0.17773926439437704,dl_native,dl_native
80037,2020,INS,Mixed journals,hybrid,2016-2020,Mixed journals|hybrid|2016-2020,2.0,38,19,0.5,dl_native,dl_native
46589,2024,ESWA,Mixed journals,dl_native,2021-2025,Mixed journals|dl_native|2021-2025,5.626219,5193,923,0.17773926439437704,dl_native,dl_native
43651,2024,ESWA,Mixed journals,dl_native,2021-2025,Mixed journals|dl_native|2021-2025,5.626219,5193,923,0.17773926439437704,dl_native,dl_native
57570,2000,EUROGP,Core EC conferences,neuroevolution,<=2015,Core EC conferences|neuroevolution|<=2015,1.0,6,6,1.0,other,other
45412,2024,ESWA,Mixed journals,dl_native,2021-2025,Mixed journals|dl_native|2021-2025,5.626219,5193,923,0.17773926439437704,dl_native,dl_native
36857,2021,ESWA,Mixed journals,dl_native,2021-2025,Mixed journals|dl_native|2021-2025,5.626219,5193,923,0.17773926439437704,dl_native,hybrid
38925,2022,ESWA,Mixed journals,other,2021-2025,Mixed journals|other|2021-2025,5.048077,525,104,0.1980952380952381,other,other
69256,2023,GECCO,Core EC conferences,hybrid,2021-2025,Core EC conferences|hybrid|2021-2025,4.351852,235,54,0.2297872340425532,hybrid,hybrid
88519,2025,INS,Mixed journals,dl_native,2021-2025,Mixed journals|dl_native|2021-2025,5.626219,5193,923,0.17773926439437704,dl_native,other
98406,2020,SSCI,SSCI (mixed conf.),dl_native,2016-2020,SSCI (mixed conf.)|dl_native|2016-2020,4.255319,200,47,0.235,dl_native,dl_native
4757,2020,ASOC,Mixed journals,dl_native,2016-2020,Mixed journals|dl_native|2016-2020,5.087719,580,114,0.19655172413793104,dl_native,dl_native
59314,2024,EVOINT,Core EC journals,dl_native,2021-2025,Core EC journals|dl_native|2021-2025,1.0,86,86,1.0,dl_native,dl_native
28232,2011,ESWA,Mixed journals,dl_native,<=2015,Mixed journals|dl_native|<=2015,1.0,13,13,1.0,dl_native,dl_native
49221,2025,ESWA,Mixed journals,other,2021-2025,Mixed journals|other|2021-2025,5.048077,525,104,0.1980952380952381,dl_native,other
8155,2023,ASOC,Mixed journals,dl_native,2021-2025,Mixed journals|dl_native|2021-2025,5.626219,5193,923,0.17773926439437704,dl_native,dl_native
5768,2019,ASOC,Mixed journals,dl_native,2016-2020,Mixed journals|dl_native|2016-2020,5.087719,580,114,0.19655172413793104,dl_native,dl_native
21441,2025,CEC,Core EC conferences,hybrid,2021-2025,Core EC conferences|hybrid|2021-2025,4.351852,235,54,0.2297872340425532,neuroevolution,hybrid
36260,2021,ESWA,Mixed journals,other,2021-2025,Mixed journals|other|2021-2025,5.048077,525,104,0.1980952380952381,other,other
79556,2020,INS,Mixed journals,dl_native,2016-2020,Mixed journals|dl_native|2016-2020,5.087719,580,114,0.19655172413793104,dl_native,dl_native
18719,2019,CEC,Core EC conferences,neuroevolution,2016-2020,Core EC conferences|neuroevolution|2016-2020,3.142857,88,28,0.3181818181818182,neuroevolution,neuroevolution
10487,2025,ASOC,Mixed journals,dl_native,2021-2025,Mixed journals|dl_native|2021-2025,5.626219,5193,923,0.17773926439437704,dl_native,dl_native
49198,2025,ESWA,Mixed journals,dl_native,2021-2025,Mixed journals|dl_native|2021-2025,5.626219,5193,923,0.17773926439437704,dl_native,dl_native
7180,2023,ASOC,Mixed journals,other,2021-2025,Mixed journals|other|2021-2025,5.048077,525,104,0.1980952380952381,dl_native,other
49993,2025,ESWA,Mixed journals,dl_native,2021-2025,Mixed journals|dl_native|2021-2025,5.626219,5193,923,0.17773926439437704,dl_native,dl_native
59616,2024,EVOINT,Core EC journals,hybrid,2021-2025,Core EC journals|hybrid|2021-2025,3.185185,86,27,0.313953488372093,hybrid,hybrid
59372,2024,EVOINT,Core EC journals,dl_native,2021-2025,Core EC journals|dl_native|2021-2025,1.0,86,86,1.0,dl_native,dl_native
112688,2021,SOFTCOMP,Mixed journals,other,2021-2025,Mixed journals|other|2021-2025,5.048077,525,104,0.1980952380952381,other,other
67850,2025,GECCO,Core EC conferences,other,2021-2025,Core EC conferences|other|2021-2025,2.521739,58,23,0.39655172413793105,other,neuroevolution
9209,2022,ASOC,Mixed journals,dl_native,2021-2025,Mixed journals|dl_native|2021-2025,5.626219,5193,923,0.17773926439437704,dl_native,dl_native
98293,2021,SSCI,SSCI (mixed conf.),hybrid,2021-2025,SSCI (mixed conf.)|hybrid|2021-2025,1.0,9,9,1.0,dl_native,hybrid
71364,2019,ICSI,Core EC conferences,dl_native,2016-2020,Core EC conferences|dl_native|2016-2020,1.0,42,42,1.0,dl_native,dl_native
99431,2018,SSCI,SSCI (mixed conf.),dl_native,2016-2020,SSCI (mixed conf.)|dl_native|2016-2020,4.255319,200,47,0.235,dl_native,dl_native
43233,2024,ESWA,Mixed journals,dl_native,2021-2025,Mixed journals|dl_native|2021-2025,5.626219,5193,923,0.17773926439437704,dl_native,dl_native
9375,2021,ASOC,Mixed journals,dl_native,2021-2025,Mixed journals|dl_native|2021-2025,5.626219,5193,923,0.17773926439437704,dl_native,dl_native
62479,2014,GECCO,Core EC conferences,hybrid,<=2015,Core EC conferences|hybrid|<=2015,1.0,8,8,1.0,neuroevolution,neuroevolution
104956,2021,TEVC,Core EC journals,neuroevolution,2021-2025,Core EC journals|neuroevolution|2021-2025,2.333333,49,21,0.42857142857142855,neuroevolution,neuroevolution
37272,2020,ESWA,Mixed journals,dl_native,2016-2020,Mixed journals|dl_native|2016-2020,5.087719,580,114,0.19655172413793104,dl_native,dl_native
7505,2023,ASOC,Mixed journals,dl_native,2021-2025,Mixed journals|dl_native|2021-2025,5.626219,5193,923,0.17773926439437704,dl_native,dl_native
47319,2025,ESWA,Mixed journals,dl_native,2021-2025,Mixed journals|dl_native|2021-2025,5.626219,5193,923,0.17773926439437704,dl_native,dl_native
5087,2019,ASOC,Mixed journals,dl_native,2016-2020,Mixed journals|dl_native|2016-2020,5.087719,580,114,0.19655172413793104,dl_native,dl_native
42436,2023,ESWA,Mixed journals,dl_native,2021-2025,Mixed journals|dl_native|2021-2025,5.626219,5193,923,0.17773926439437704,dl_native,dl_native
49335,2025,ESWA,Mixed journals,other,2021-2025,Mixed journals|other|2021-2025,5.048077,525,104,0.1980952380952381,other,other
39155,2022,ESWA,Mixed journals,dl_native,2021-2025,Mixed journals|dl_native|2021-2025,5.626219,5193,923,0.17773926439437704,dl_native,dl_native
43010,2023,ESWA,Mixed journals,other,2021-2025,Mixed journals|other|2021-2025,5.048077,525,104,0.1980952380952381,other,other
43605,2024,ESWA,Mixed journals,dl_native,2021-2025,Mixed journals|dl_native|2021-2025,5.626219,5193,923,0.17773926439437704,dl_native,dl_native
18962,2018,CEC,Core EC conferences,dl_native,2016-2020,Core EC conferences|dl_native|2016-2020,1.0,42,42,1.0,dl_native,dl_native
44809,2024,ESWA,Mixed journals,dl_native,2021-2025,Mixed journals|dl_native|2021-2025,5.626219,5193,923,0.17773926439437704,dl_native,dl_native
81979,2022,INS,Mixed journals,dl_native,2021-2025,Mixed journals|dl_native|2021-2025,5.626219,5193,923,0.17773926439437704,dl_native,dl_native
59685,2023,EVOINT,Core EC journals,other,2021-2025,Core EC journals|other|2021-2025,2.105263,40,19,0.475,dl_native,dl_native
59332,2025,EVOINT,Core EC journals,dl_native,2021-2025,Core EC journals|dl_native|2021-2025,1.0,86,86,1.0,dl_native,dl_native
19048,2018,CEC,Core EC conferences,dl_native,2016-2020,Core EC conferences|dl_native|2016-2020,1.0,42,42,1.0,dl_native,dl_native
19028,2018,CEC,Core EC conferences,neuroevolution,2016-2020,Core EC conferences|neuroevolution|2016-2020,3.142857,88,28,0.3181818181818182,neuroevolution,neuroevolution
46537,2024,ESWA,Mixed journals,dl_native,2021-2025,Mixed journals|dl_native|2021-2025,5.626219,5193,923,0.17773926439437704,dl_native,dl_native
80342,2020,INS,Mixed journals,dl_native,2016-2020,Mixed journals|dl_native|2016-2020,5.087719,580,114,0.19655172413793104,dl_native,dl_native
21632,2024,CEC,Core EC conferences,neuroevolution,2021-2025,Core EC conferences|neuroevolution|2021-2025,3.4375,110,32,0.2909090909090909,neuroevolution,neuroevolution
71575,2018,ICSI,Core EC conferences,dl_native,2016-2020,Core EC conferences|dl_native|2016-2020,1.0,42,42,1.0,dl_native,dl_native
4843,2020,ASOC,Mixed journals,dl_native,2016-2020,Mixed journals|dl_native|2016-2020,5.087719,580,114,0.19655172413793104,dl_native,dl_native
68527,2024,GECCO,Core EC conferences,neuroevolution,2021-2025,Core EC conferences|neuroevolution|2021-2025,3.4375,110,32,0.2909090909090909,neuroevolution,neuroevolution
49692,2025,ESWA,Mixed journals,dl_native,2021-2025,Mixed journals|dl_native|2021-2025,5.626219,5193,923,0.17773926439437704,dl_native,dl_native
115971,2025,SOFTCOMP,Mixed journals,dl_native,2021-2025,Mixed journals|dl_native|2021-2025,5.626219,5193,923,0.17773926439437704,dl_native,dl_native
11749,2024,ASOC,Mixed journals,dl_native,2021-2025,Mixed journals|dl_native|2021-2025,5.626219,5193,923,0.17773926439437704,dl_native,dl_native
98713,2020,SSCI,SSCI (mixed conf.),dl_native,2016-2020,SSCI (mixed conf.)|dl_native|2016-2020,4.255319,200,47,0.235,dl_native,dl_native
46961,2025,ESWA,Mixed journals,dl_native,2021-2025,Mixed journals|dl_native|2021-2025,5.626219,5193,923,0.17773926439437704,dl_native,dl_native
45130,2024,ESWA,Mixed journals,dl_native,2021-2025,Mixed journals|dl_native|2021-2025,5.626219,5193,923,0.17773926439437704,dl_native,dl_native
5753,2019,ASOC,Mixed journals,neuroevolution,2016-2020,Mixed journals|neuroevolution|2016-2020,1.0,10,10,1.0,hybrid,hybrid
98307,2021,SSCI,SSCI (mixed conf.),neuroevolution,2021-2025,SSCI (mixed conf.)|neuroevolution|2021-2025,1.0,8,8,1.0,neuroevolution,neuroevolution
9844,2025,ASOC,Mixed journals,dl_native,2021-2025,Mixed journals|dl_native|2021-2025,5.626219,5193,923,0.17773926439437704,dl_native,dl_native
11533,2025,ASOC,Mixed journals,dl_native,2021-2025,Mixed journals|dl_native|2021-2025,5.626219,5193,923,0.17773926439437704,dl_native,dl_native
59195,2025,EVOINT,Core EC journals,dl_native,2021-2025,Core EC journals|dl_native|2021-2025,1.0,86,86,1.0,dl_native,other
84217,2024,INS,Mixed journals,dl_native,2021-2025,Mixed journals|dl_native|2021-2025,5.626219,5193,923,0.17773926439437704,dl_native,dl_native
47507,2025,ESWA,Mixed journals,dl_native,2021-2025,Mixed journals|dl_native|2021-2025,5.626219,5193,923,0.17773926439437704,dl_native,dl_native
100979,2025,SWEVC,Core EC journals,hybrid,2021-2025,Core EC journals|hybrid|2021-2025,3.185185,86,27,0.313953488372093,hybrid,hybrid
38106,2019,ESWA,Mixed journals,dl_native,2016-2020,Mixed journals|dl_native|2016-2020,5.087719,580,114,0.19655172413793104,dl_native,dl_native
97605,2023,SSCI,SSCI (mixed conf.),neuroevolution,2021-2025,SSCI (mixed conf.)|neuroevolution|2021-2025,1.0,8,8,1.0,neuroevolution,neuroevolution
84516,2024,INS,Mixed journals,dl_native,2021-2025,Mixed journals|dl_native|2021-2025,5.626219,5193,923,0.17773926439437704,dl_native,dl_native
48253,2025,ESWA,Mixed journals,dl_native,2021-2025,Mixed journals|dl_native|2021-2025,5.626219,5193,923,0.17773926439437704,dl_native,dl_native
72522,2021,IJBIC,Mixed journals,dl_native,2021-2025,Mixed journals|dl_native|2021-2025,5.626219,5193,923,0.17773926439437704,dl_native,dl_native
21915,2023,CEC,Core EC conferences,neuroevolution,2021-2025,Core EC conferences|neuroevolution|2021-2025,3.4375,110,32,0.2909090909090909,neuroevolution,neuroevolution
45094,2024,ESWA,Mixed journals,dl_native,2021-2025,Mixed journals|dl_native|2021-2025,5.626219,5193,923,0.17773926439437704,dl_native,dl_native
48513,2025,ESWA,Mixed journals,dl_native,2021-2025,Mixed journals|dl_native|2021-2025,5.626219,5193,923,0.17773926439437704,dl_native,dl_native
48960,2025,ESWA,Mixed journals,dl_native,2021-2025,Mixed journals|dl_native|2021-2025,5.626219,5193,923,0.17773926439437704,dl_native,dl_native
22447,2021,CEC,Core EC conferences,dl_native,2021-2025,Core EC conferences|dl_native|2021-2025,1.0,72,72,1.0,other,hybrid
71327,2019,ICSI,Core EC conferences,dl_native,2016-2020,Core EC conferences|dl_native|2016-2020,1.0,42,42,1.0,dl_native,dl_native
70983,2024,ICSI,Core EC conferences,hybrid,2021-2025,Core EC conferences|hybrid|2021-2025,4.351852,235,54,0.2297872340425532,hybrid,other
23316,2019,CIM,Mixed journals,dl_native,2016-2020,Mixed journals|dl_native|2016-2020,5.087719,580,114,0.19655172413793104,dl_native,dl_native
42524,2023,ESWA,Mixed journals,dl_native,2021-2025,Mixed journals|dl_native|2021-2025,5.626219,5193,923,0.17773926439437704,dl_native,other
10226,2025,ASOC,Mixed journals,dl_native,2021-2025,Mixed journals|dl_native|2021-2025,5.626219,5193,923,0.17773926439437704,dl_native,dl_native
68871,2023,GECCO,Core EC conferences,dl_native,2021-2025,Core EC conferences|dl_native|2021-2025,1.0,72,72,1.0,dl_native,dl_native
103200,2025,TETCI,Mixed journals,neuroevolution,2021-2025,Mixed journals|neuroevolution|2021-2025,3.419355,106,31,0.29245283018867924,neuroevolution,hybrid
46730,2024,ESWA,Mixed journals,hybrid,2021-2025,Mixed journals|hybrid|2021-2025,4.979381,483,97,0.20082815734989648,neuroevolution,hybrid
7965,2022,ASOC,Mixed journals,other,2021-2025,Mixed journals|other|2021-2025,5.048077,525,104,0.1980952380952381,dl_native,other
45815,2024,ESWA,Mixed journals,other,2021-2025,Mixed journals|other|2021-2025,5.048077,525,104,0.1980952380952381,other,other
12373,2024,ASOC,Mixed journals,hybrid,2021-2025,Mixed journals|hybrid|2021-2025,4.979381,483,97,0.20082815734989648,hybrid,hybrid
46636,2024,ESWA,Mixed journals,dl_native,2021-2025,Mixed journals|dl_native|2021-2025,5.626219,5193,923,0.17773926439437704,dl_native,dl_native
59738,2023,EVOINT,Core EC journals,dl_native,2021-2025,Core EC journals|dl_native|2021-2025,1.0,86,86,1.0,dl_native,dl_native
40305,2022,ESWA,Mixed journals,hybrid,2021-2025,Mixed journals|hybrid|2021-2025,4.979381,483,97,0.20082815734989648,dl_native,dl_native
99317,2018,SSCI,SSCI (mixed conf.),dl_native,2016-2020,SSCI (mixed conf.)|dl_native|2016-2020,4.255319,200,47,0.235,dl_native,dl_native
41450,2023,ESWA,Mixed journals,dl_native,2021-2025,Mixed journals|dl_native|2021-2025,5.626219,5193,923,0.17773926439437704,dl_native,dl_native
8362,2022,ASOC,Mixed journals,dl_native,2021-2025,Mixed journals|dl_native|2021-2025,5.626219,5193,923,0.17773926439437704,dl_native,dl_native
91671,2023,NATCOMP,Mixed journals,dl_native,2021-2025,Mixed journals|dl_native|2021-2025,5.626219,5193,923,0.17773926439437704,dl_native,dl_native
36023,2021,ESWA,Mixed journals,dl_native,2021-2025,Mixed journals|dl_native|2021-2025,5.626219,5193,923,0.17773926439437704,dl_native,dl_native
36777,2021,ESWA,Mixed journals,other,2021-2025,Mixed journals|other|2021-2025,5.048077,525,104,0.1980952380952381,dl_native,dl_native
86750,2023,INS,Mixed journals,dl_native,2021-2025,Mixed journals|dl_native|2021-2025,5.626219,5193,923,0.17773926439437704,dl_native,dl_native
59791,2022,EVOINT,Core EC journals,dl_native,2021-2025,Core EC journals|dl_native|2021-2025,1.0,86,86,1.0,dl_native,dl_native
68204,2025,GECCO,Core EC conferences,dl_native,2021-2025,Core EC conferences|dl_native|2021-2025,1.0,72,72,1.0,hybrid,dl_native
71398,2019,ICSI,Core EC conferences,dl_native,2016-2020,Core EC conferences|dl_native|2016-2020,1.0,42,42,1.0,dl_native,dl_native
103443,2024,TETCI,Mixed journals,dl_native,2021-2025,Mixed journals|dl_native|2021-2025,5.626219,5193,923,0.17773926439437704,dl_native,dl_native
4132,2020,ASOC,Mixed journals,dl_native,2016-2020,Mixed journals|dl_native|2016-2020,5.087719,580,114,0.19655172413793104,dl_native,dl_native
34897,2015,ESWA,Mixed journals,other,<=2015,Mixed journals|other|<=2015,1.529412,26,17,0.6538461538461539,other,other
21772,2024,CEC,Core EC conferences,dl_native,2021-2025,Core EC conferences|dl_native|2021-2025,1.0,72,72,1.0,dl_native,dl_native
10595,2025,ASOC,Mixed journals,dl_native,2021-2025,Mixed journals|dl_native|2021-2025,5.626219,5193,923,0.17773926439437704,dl_native,dl_native
69952,2021,GECCO,Core EC conferences,other,2021-2025,Core EC conferences|other|2021-2025,2.521739,58,23,0.39655172413793105,other,other
47582,2025,ESWA,Mixed journals,dl_native,2021-2025,Mixed journals|dl_native|2021-2025,5.626219,5193,923,0.17773926439437704,dl_native,dl_native
85394,2023,INS,Mixed journals,dl_native,2021-2025,Mixed journals|dl_native|2021-2025,5.626219,5193,923,0.17773926439437704,dl_native,dl_native
19662,2016,CEC,Core EC conferences,dl_native,2016-2020,Core EC conferences|dl_native|2016-2020,1.0,42,42,1.0,dl_native,dl_native
7608,2023,ASOC,Mixed journals,dl_native,2021-2025,Mixed journals|dl_native|2021-2025,5.626219,5193,923,0.17773926439437704,dl_native,dl_native
48337,2025,ESWA,Mixed journals,dl_native,2021-2025,Mixed journals|dl_native|2021-2025,5.626219,5193,923,0.17773926439437704,dl_native,dl_native
59500,2025,EVOINT,Core EC journals,dl_native,2021-2025,Core EC journals|dl_native|2021-2025,1.0,86,86,1.0,dl_native,dl_native
21552,2024,CEC,Core EC conferences,dl_native,2021-2025,Core EC conferences|dl_native|2021-2025,1.0,72,72,1.0,dl_native,other
47822,2025,ESWA,Mixed journals,other,2021-2025,Mixed journals|other|2021-2025,5.048077,525,104,0.1980952380952381,other,other
71137,2022,ICSI,Core EC conferences,dl_native,2021-2025,Core EC conferences|dl_native|2021-2025,1.0,72,72,1.0,dl_native,dl_native
59627,2023,EVOINT,Core EC journals,dl_native,2021-2025,Core EC journals|dl_native|2021-2025,1.0,86,86,1.0,dl_native,dl_native
37463,2021,ESWA,Mixed journals,dl_native,2021-2025,Mixed journals|dl_native|2021-2025,5.626219,5193,923,0.17773926439437704,dl_native,dl_native
21347,2025,CEC,Core EC conferences,neuroevolution,2021-2025,Core EC conferences|neuroevolution|2021-2025,3.4375,110,32,0.2909090909090909,neuroevolution,neuroevolution
66080,2019,GECCO,Core EC conferences,neuroevolution,2016-2020,Core EC conferences|neuroevolution|2016-2020,3.142857,88,28,0.3181818181818182,neuroevolution,neuroevolution
46669,2024,ESWA,Mixed journals,other,2021-2025,Mixed journals|other|2021-2025,5.048077,525,104,0.1980952380952381,other,other
11356,2024,ASOC,Mixed journals,dl_native,2021-2025,Mixed journals|dl_native|2021-2025,5.626219,5193,923,0.17773926439437704,dl_native,dl_native
7480,2022,ASOC,Mixed journals,dl_native,2021-2025,Mixed journals|dl_native|2021-2025,5.626219,5193,923,0.17773926439437704,dl_native,other
7269,2023,ASOC,Mixed journals,hybrid,2021-2025,Mixed journals|hybrid|2021-2025,4.979381,483,97,0.20082815734989648,hybrid,hybrid
88510,2025,INS,Mixed journals,hybrid,2021-2025,Mixed journals|hybrid|2021-2025,4.979381,483,97,0.20082815734989648,dl_native,hybrid
11438,2024,ASOC,Mixed journals,neuroevolution,2021-2025,Mixed journals|neuroevolution|2021-2025,3.419355,106,31,0.29245283018867924,dl_native,neuroevolution
80486,2019,INS,Mixed journals,dl_native,2016-2020,Mixed journals|dl_native|2016-2020,5.087719,580,114,0.19655172413793104,dl_native,dl_native
56865,2025,EUROGP,Core EC conferences,neuroevolution,2021-2025,Core EC conferences|neuroevolution|2021-2025,3.4375,110,32,0.2909090909090909,other,neuroevolution
11843,2024,ASOC,Mixed journals,dl_native,2021-2025,Mixed journals|dl_native|2021-2025,5.626219,5193,923,0.17773926439437704,dl_native,dl_native
103444,2024,TETCI,Mixed journals,dl_native,2021-2025,Mixed journals|dl_native|2021-2025,5.626219,5193,923,0.17773926439437704,dl_native,dl_native
33347,2018,ESWA,Mixed journals,dl_native,2016-2020,Mixed journals|dl_native|2016-2020,5.087719,580,114,0.19655172413793104,dl_native,dl_native
97980,2022,SSCI,SSCI (mixed conf.),hybrid,2021-2025,SSCI (mixed conf.)|hybrid|2021-2025,1.0,9,9,1.0,hybrid,hybrid
44079,2024,ESWA,Mixed journals,dl_native,2021-2025,Mixed journals|dl_native|2021-2025,5.626219,5193,923,0.17773926439437704,dl_native,dl_native
87622,2025,INS,Mixed journals,dl_native,2021-2025,Mixed journals|dl_native|2021-2025,5.626219,5193,923,0.17773926439437704,dl_native,dl_native
36659,2021,ESWA,Mixed journals,dl_native,2021-2025,Mixed journals|dl_native|2021-2025,5.626219,5193,923,0.17773926439437704,dl_native,dl_native
11760,2024,ASOC,Mixed journals,dl_native,2021-2025,Mixed journals|dl_native|2021-2025,5.626219,5193,923,0.17773926439437704,dl_native,dl_native
22050,2022,CEC,Core EC conferences,dl_native,2021-2025,Core EC conferences|dl_native|2021-2025,1.0,72,72,1.0,dl_native,dl_native
43782,2024,ESWA,Mixed journals,dl_native,2021-2025,Mixed journals|dl_native|2021-2025,5.626219,5193,923,0.17773926439437704,dl_native,dl_native
70893,2025,ICSI,Core EC conferences,dl_native,2021-2025,Core EC conferences|dl_native|2021-2025,1.0,72,72,1.0,dl_native,dl_native
36483,2021,ESWA,Mixed journals,dl_native,2021-2025,Mixed journals|dl_native|2021-2025,5.626219,5193,923,0.17773926439437704,dl_native,dl_native
21261,2022,CEC,Core EC conferences,other,2021-2025,Core EC conferences|other|2021-2025,2.521739,58,23,0.39655172413793105,other,other
44609,2024,ESWA,Mixed journals,dl_native,2021-2025,Mixed journals|dl_native|2021-2025,5.626219,5193,923,0.17773926439437704,dl_native,dl_native
59705,2023,EVOINT,Core EC journals,dl_native,2021-2025,Core EC journals|dl_native|2021-2025,1.0,86,86,1.0,dl_native,dl_native
47695,2025,ESWA,Mixed journals,dl_native,2021-2025,Mixed journals|dl_native|2021-2025,5.626219,5193,923,0.17773926439437704,dl_native,dl_native
9714,2021,ASOC,Mixed journals,dl_native,2021-2025,Mixed journals|dl_native|2021-2025,5.626219,5193,923,0.17773926439437704,dl_native,dl_native
10999,2025,ASOC,Mixed journals,dl_native,2021-2025,Mixed journals|dl_native|2021-2025,5.626219,5193,923,0.17773926439437704,dl_native,dl_native
2791,2015,ASOC,Mixed journals,dl_native,<=2015,Mixed journals|dl_native|<=2015,1.0,13,13,1.0,dl_native,dl_native
71195,2022,ICSI,Core EC conferences,dl_native,2021-2025,Core EC conferences|dl_native|2021-2025,1.0,72,72,1.0,dl_native,dl_native
21366,2025,CEC,Core EC conferences,dl_native,2021-2025,Core EC conferences|dl_native|2021-2025,1.0,72,72,1.0,hybrid,hybrid
22641,2020,CEC,Core EC conferences,hybrid,2016-2020,Core EC conferences|hybrid|2016-2020,2.47619,52,21,0.40384615384615385,neuroevolution,hybrid
19036,2018,CEC,Core EC conferences,neuroevolution,2016-2020,Core EC conferences|neuroevolution|2016-2020,3.142857,88,28,0.3181818181818182,neuroevolution,neuroevolution
21750,2024,CEC,Core EC conferences,dl_native,2021-2025,Core EC conferences|dl_native|2021-2025,1.0,72,72,1.0,dl_native,other
4752,2020,ASOC,Mixed journals,dl_native,2016-2020,Mixed journals|dl_native|2016-2020,5.087719,580,114,0.19655172413793104,dl_native,dl_native
24297,2023,EMO,Core EC conferences,dl_native,2021-2025,Core EC conferences|dl_native|2021-2025,1.0,72,72,1.0,dl_native,dl_native
45269,2024,ESWA,Mixed journals,other,2021-2025,Mixed journals|other|2021-2025,5.048077,525,104,0.1980952380952381,other,other
5378,2020,ASOC,Mixed journals,hybrid,2016-2020,Mixed journals|hybrid|2016-2020,2.0,38,19,0.5,dl_native,dl_native
68191,2025,GECCO,Core EC conferences,hybrid,2021-2025,Core EC conferences|hybrid|2021-2025,4.351852,235,54,0.2297872340425532,hybrid,hybrid
70025,2021,GECCO,Core EC conferences,hybrid,2021-2025,Core EC conferences|hybrid|2021-2025,4.351852,235,54,0.2297872340425532,hybrid,hybrid
9801,2021,ASOC,Mixed journals,dl_native,2021-2025,Mixed journals|dl_native|2021-2025,5.626219,5193,923,0.17773926439437704,dl_native,hybrid
39634,2022,ESWA,Mixed journals,dl_native,2021-2025,Mixed journals|dl_native|2021-2025,5.626219,5193,923,0.17773926439437704,dl_native,dl_native
65342,2020,GECCO,Core EC conferences,hybrid,2016-2020,Core EC conferences|hybrid|2016-2020,2.47619,52,21,0.40384615384615385,hybrid,hybrid
68486,2024,GECCO,Core EC conferences,dl_native,2021-2025,Core EC conferences|dl_native|2021-2025,1.0,72,72,1.0,dl_native,hybrid
97492,2023,SSCI,SSCI (mixed conf.),other,2021-2025,SSCI (mixed conf.)|other|2021-2025,1.0,12,12,1.0,other,other
37713,2020,ESWA,Mixed journals,hybrid,2016-2020,Mixed journals|hybrid|2016-2020,2.0,38,19,0.5,hybrid,hybrid
80309,2020,INS,Mixed journals,dl_native,2016-2020,Mixed journals|dl_native|2016-2020,5.087719,580,114,0.19655172413793104,dl_native,dl_native
102563,2025,TETCI,Mixed journals,neuroevolution,2021-2025,Mixed journals|neuroevolution|2021-2025,3.419355,106,31,0.29245283018867924,neuroevolution,neuroevolution
11317,2024,ASOC,Mixed journals,dl_native,2021-2025,Mixed journals|dl_native|2021-2025,5.626219,5193,923,0.17773926439437704,dl_native,dl_native
21617,2024,CEC,Core EC conferences,hybrid,2021-2025,Core EC conferences|hybrid|2021-2025,4.351852,235,54,0.2297872340425532,hybrid,hybrid
68880,2023,GECCO,Core EC conferences,neuroevolution,2021-2025,Core EC conferences|neuroevolution|2021-2025,3.4375,110,32,0.2909090909090909,neuroevolution,other
104529,2024,TEVC,Core EC journals,neuroevolution,2021-2025,Core EC journals|neuroevolution|2021-2025,2.333333,49,21,0.42857142857142855,neuroevolution,neuroevolution
44719,2024,ESWA,Mixed journals,dl_native,2021-2025,Mixed journals|dl_native|2021-2025,5.626219,5193,923,0.17773926439437704,dl_native,dl_native
10086,2025,ASOC,Mixed journals,dl_native,2021-2025,Mixed journals|dl_native|2021-2025,5.626219,5193,923,0.17773926439437704,dl_native,dl_native
8326,2022,ASOC,Mixed journals,dl_native,2021-2025,Mixed journals|dl_native|2021-2025,5.626219,5193,923,0.17773926439437704,dl_native,dl_native
70932,2025,ICSI,Core EC conferences,dl_native,2021-2025,Core EC conferences|dl_native|2021-2025,1.0,72,72,1.0,dl_native,dl_native
98411,2020,SSCI,SSCI (mixed conf.),other,2016-2020,SSCI (mixed conf.)|other|2016-2020,1.1875,19,16,0.8421052631578947,dl_native,dl_native
87515,2025,INS,Mixed journals,dl_native,2021-2025,Mixed journals|dl_native|2021-2025,5.626219,5193,923,0.17773926439437704,dl_native,dl_native
8269,2022,ASOC,Mixed journals,dl_native,2021-2025,Mixed journals|dl_native|2021-2025,5.626219,5193,923,0.17773926439437704,dl_native,dl_native
71023,2024,ICSI,Core EC conferences,dl_native,2021-2025,Core EC conferences|dl_native|2021-2025,1.0,72,72,1.0,dl_native,dl_native
101886,2019,SWEVC,Core EC journals,neuroevolution,2016-2020,Core EC journals|neuroevolution|2016-2020,1.0,8,8,1.0,neuroevolution,neuroevolution
67835,2025,GECCO,Core EC conferences,dl_native,2021-2025,Core EC conferences|dl_native|2021-2025,1.0,72,72,1.0,dl_native,other
6877,2023,ASOC,Mixed journals,other,2021-2025,Mixed journals|other|2021-2025,5.048077,525,104,0.1980952380952381,dl_native,other
103392,2024,TETCI,Mixed journals,dl_native,2021-2025,Mixed journals|dl_native|2021-2025,5.626219,5193,923,0.17773926439437704,dl_native,dl_native
82952,2022,INS,Mixed journals,dl_native,2021-2025,Mixed journals|dl_native|2021-2025,5.626219,5193,923,0.17773926439437704,dl_native,dl_native
4690,2020,ASOC,Mixed journals,other,2016-2020,Mixed journals|other|2016-2020,2.75,66,24,0.36363636363636365,other,other
12206,2024,ASOC,Mixed journals,neuroevolution,2021-2025,Mixed journals|neuroevolution|2021-2025,3.419355,106,31,0.29245283018867924,neuroevolution,neuroevolution
102577,2025,TETCI,Mixed journals,hybrid,2021-2025,Mixed journals|hybrid|2021-2025,4.979381,483,97,0.20082815734989648,dl_native,hybrid
46391,2024,ESWA,Mixed journals,dl_native,2021-2025,Mixed journals|dl_native|2021-2025,5.626219,5193,923,0.17773926439437704,dl_native,dl_native
103539,2023,TETCI,Mixed journals,dl_native,2021-2025,Mixed journals|dl_native|2021-2025,5.626219,5193,923,0.17773926439437704,dl_native,dl_native
100611,2025,SWEVC,Core EC journals,dl_native,2021-2025,Core EC journals|dl_native|2021-2025,1.0,86,86,1.0,dl_native,dl_native
22004,2022,CEC,Core EC conferences,neuroevolution,2021-2025,Core EC conferences|neuroevolution|2021-2025,3.4375,110,32,0.2909090909090909,neuroevolution,neuroevolution
41597,2023,ESWA,Mixed journals,dl_native,2021-2025,Mixed journals|dl_native|2021-2025,5.626219,5193,923,0.17773926439437704,dl_native,dl_native
20226,2016,CEC,Core EC conferences,other,2016-2020,Core EC conferences|other|2016-2020,1.4375,23,16,0.6956521739130435,other,other
84885,2024,INS,Mixed journals,dl_native,2021-2025,Mixed journals|dl_native|2021-2025,5.626219,5193,923,0.17773926439437704,dl_native,dl_native
71293,2020,ICSI,Core EC conferences,hybrid,2016-2020,Core EC conferences|hybrid|2016-2020,2.47619,52,21,0.40384615384615385,hybrid,hybrid
83981,2021,INS,Mixed journals,hybrid,2021-2025,Mixed journals|hybrid|2021-2025,4.979381,483,97,0.20082815734989648,hybrid,hybrid
40160,2022,ESWA,Mixed journals,dl_native,2021-2025,Mixed journals|dl_native|2021-2025,5.626219,5193,923,0.17773926439437704,dl_native,dl_native
22454,2021,CEC,Core EC conferences,neuroevolution,2021-2025,Core EC conferences|neuroevolution|2021-2025,3.4375,110,32,0.2909090909090909,neuroevolution,other
84334,2023,INS,Mixed journals,dl_native,2021-2025,Mixed journals|dl_native|2021-2025,5.626219,5193,923,0.17773926439437704,dl_native,dl_native
98034,2021,SSCI,SSCI (mixed conf.),other,2021-2025,SSCI (mixed conf.)|other|2021-2025,1.0,12,12,1.0,other,other
70921,2025,ICSI,Core EC conferences,dl_native,2021-2025,Core EC conferences|dl_native|2021-2025,1.0,72,72,1.0,dl_native,dl_native
71503,2018,ICSI,Core EC conferences,dl_native,2016-2020,Core EC conferences|dl_native|2016-2020,1.0,42,42,1.0,dl_native,dl_native
44074,2024,ESWA,Mixed journals,dl_native,2021-2025,Mixed journals|dl_native|2021-2025,5.626219,5193,923,0.17773926439437704,dl_native,dl_native
10537,2025,ASOC,Mixed journals,neuroevolution,2021-2025,Mixed journals|neuroevolution|2021-2025,3.419355,106,31,0.29245283018867924,neuroevolution,neuroevolution
70469,2021,GPEM,Core EC journals,neuroevolution,2021-2025,Core EC journals|neuroevolution|2021-2025,2.333333,49,21,0.42857142857142855,neuroevolution,neuroevolution
85033,2024,INS,Mixed journals,dl_native,2021-2025,Mixed journals|dl_native|2021-2025,5.626219,5193,923,0.17773926439437704,dl_native,dl_native
11521,2025,ASOC,Mixed journals,other,2021-2025,Mixed journals|other|2021-2025,5.048077,525,104,0.1980952380952381,other,other
44018,2024,ESWA,Mixed journals,dl_native,2021-2025,Mixed journals|dl_native|2021-2025,5.626219,5193,923,0.17773926439437704,dl_native,dl_native
18594,2019,CEC,Core EC conferences,dl_native,2016-2020,Core EC conferences|dl_native|2016-2020,1.0,42,42,1.0,dl_native,dl_native
48549,2025,ESWA,Mixed journals,dl_native,2021-2025,Mixed journals|dl_native|2021-2025,5.626219,5193,923,0.17773926439437704,dl_native,dl_native
48775,2025,ESWA,Mixed journals,dl_native,2021-2025,Mixed journals|dl_native|2021-2025,5.626219,5193,923,0.17773926439437704,dl_native,dl_native
39232,2022,ESWA,Mixed journals,dl_native,2021-2025,Mixed journals|dl_native|2021-2025,5.626219,5193,923,0.17773926439437704,dl_native,dl_native
41313,2023,ESWA,Mixed journals,dl_native,2021-2025,Mixed journals|dl_native|2021-2025,5.626219,5193,923,0.17773926439437704,dl_native,dl_native
68625,2024,GECCO,Core EC conferences,dl_native,2021-2025,Core EC conferences|dl_native|2021-2025,1.0,72,72,1.0,hybrid,hybrid
41710,2023,ESWA,Mixed journals,dl_native,2021-2025,Mixed journals|dl_native|2021-2025,5.626219,5193,923,0.17773926439437704,dl_native,dl_native
44070,2024,ESWA,Mixed journals,dl_native,2021-2025,Mixed journals|dl_native|2021-2025,5.626219,5193,923,0.17773926439437704,dl_native,dl_native
97703,2023,SSCI,SSCI (mixed conf.),dl_native,2021-2025,SSCI (mixed conf.)|dl_native|2021-2025,4.0,160,40,0.25,dl_native,other
42676,2023,ESWA,Mixed journals,dl_native,2021-2025,Mixed journals|dl_native|2021-2025,5.626219,5193,923,0.17773926439437704,dl_native,dl_native
48402,2025,ESWA,Mixed journals,dl_native,2021-2025,Mixed journals|dl_native|2021-2025,5.626219,5193,923,0.17773926439437704,dl_native,dl_native
95667,2014,SSCI,SSCI (mixed conf.),hybrid,<=2015,SSCI (mixed conf.)|hybrid|<=2015,1.0,1,1,1.0,neuroevolution,hybrid
7537,2023,ASOC,Mixed journals,dl_native,2021-2025,Mixed journals|dl_native|2021-2025,5.626219,5193,923,0.17773926439437704,dl_native,dl_native
9571,2021,ASOC,Mixed journals,hybrid,2021-2025,Mixed journals|hybrid|2021-2025,4.979381,483,97,0.20082815734989648,dl_native,other
88840,2025,INS,Mixed journals,dl_native,2021-2025,Mixed journals|dl_native|2021-2025,5.626219,5193,923,0.17773926439437704,dl_native,dl_native
35,2025,ACMTELO,Core EC journals,hybrid,2021-2025,Core EC journals|hybrid|2021-2025,3.185185,86,27,0.313953488372093,dl_native,hybrid
10620,2024,ASOC,Mixed journals,other,2021-2025,Mixed journals|other|2021-2025,5.048077,525,104,0.1980952380952381,other,other
41858,2023,ESWA,Mixed journals,dl_native,2021-2025,Mixed journals|dl_native|2021-2025,5.626219,5193,923,0.17773926439437704,dl_native,dl_native
11228,2025,ASOC,Mixed journals,dl_native,2021-2025,Mixed journals|dl_native|2021-2025,5.626219,5193,923,0.17773926439437704,dl_native,dl_native
71126,2022,ICSI,Core EC conferences,dl_native,2021-2025,Core EC conferences|dl_native|2021-2025,1.0,72,72,1.0,dl_native,dl_native
40685,2022,ESWA,Mixed journals,dl_native,2021-2025,Mixed journals|dl_native|2021-2025,5.626219,5193,923,0.17773926439437704,dl_native,hybrid
8710,2021,ASOC,Mixed journals,dl_native,2021-2025,Mixed journals|dl_native|2021-2025,5.626219,5193,923,0.17773926439437704,dl_native,dl_native
48075,2025,ESWA,Mixed journals,dl_native,2021-2025,Mixed journals|dl_native|2021-2025,5.626219,5193,923,0.17773926439437704,dl_native,dl_native
22169,2022,CEC,Core EC conferences,dl_native,2021-2025,Core EC conferences|dl_native|2021-2025,1.0,72,72,1.0,dl_native,dl_native
36754,2021,ESWA,Mixed journals,dl_native,2021-2025,Mixed journals|dl_native|2021-2025,5.626219,5193,923,0.17773926439437704,dl_native,dl_native
47394,2025,ESWA,Mixed journals,dl_native,2021-2025,Mixed journals|dl_native|2021-2025,5.626219,5193,923,0.17773926439437704,dl_native,dl_native
66181,2018,GECCO,Core EC conferences,neuroevolution,2016-2020,Core EC conferences|neuroevolution|2016-2020,3.142857,88,28,0.3181818181818182,neuroevolution,neuroevolution
21570,2024,CEC,Core EC conferences,hybrid,2021-2025,Core EC conferences|hybrid|2021-2025,4.351852,235,54,0.2297872340425532,hybrid,hybrid
43994,2024,ESWA,Mixed journals,dl_native,2021-2025,Mixed journals|dl_native|2021-2025,5.626219,5193,923,0.17773926439437704,dl_native,dl_native
60009,2021,EVOINT,Core EC journals,dl_native,2021-2025,Core EC journals|dl_native|2021-2025,1.0,86,86,1.0,dl_native,dl_native
49730,2025,ESWA,Mixed journals,dl_native,2021-2025,Mixed journals|dl_native|2021-2025,5.626219,5193,923,0.17773926439437704,dl_native,dl_native
41673,2023,ESWA,Mixed journals,dl_native,2021-2025,Mixed journals|dl_native|2021-2025,5.626219,5193,923,0.17773926439437704,dl_native,dl_native
759,2010,ASOC,Mixed journals,other,<=2015,Mixed journals|other|<=2015,1.529412,26,17,0.6538461538461539,other,other
46772,2024,ESWA,Mixed journals,dl_native,2021-2025,Mixed journals|dl_native|2021-2025,5.626219,5193,923,0.17773926439437704,dl_native,dl_native
83936,2022,INS,Mixed journals,hybrid,2021-2025,Mixed journals|hybrid|2021-2025,4.979381,483,97,0.20082815734989648,hybrid,hybrid
82310,2022,INS,Mixed journals,dl_native,2021-2025,Mixed journals|dl_native|2021-2025,5.626219,5193,923,0.17773926439437704,dl_native,dl_native
20003,2016,CEC,Core EC conferences,dl_native,2016-2020,Core EC conferences|dl_native|2016-2020,1.0,42,42,1.0,dl_native,other
59411,2024,EVOINT,Core EC journals,neuroevolution,2021-2025,Core EC journals|neuroevolution|2021-2025,2.333333,49,21,0.42857142857142855,neuroevolution,neuroevolution
40009,2022,ESWA,Mixed journals,dl_native,2021-2025,Mixed journals|dl_native|2021-2025,5.626219,5193,923,0.17773926439437704,dl_native,dl_native
67978,2025,GECCO,Core EC conferences,neuroevolution,2021-2025,Core EC conferences|neuroevolution|2021-2025,3.4375,110,32,0.2909090909090909,neuroevolution,neuroevolution
23110,2023,CIM,Mixed journals,dl_native,2021-2025,Mixed journals|dl_native|2021-2025,5.626219,5193,923,0.17773926439437704,other,dl_native
100950,2024,SWEVC,Core EC journals,dl_native,2021-2025,Core EC journals|dl_native|2021-2025,1.0,86,86,1.0,dl_native,dl_native
39770,2022,ESWA,Mixed journals,dl_native,2021-2025,Mixed journals|dl_native|2021-2025,5.626219,5193,923,0.17773926439437704,dl_native,dl_native
8446,2023,ASOC,Mixed journals,dl_native,2021-2025,Mixed journals|dl_native|2021-2025,5.626219,5193,923,0.17773926439437704,dl_native,dl_native
38337,2019,ESWA,Mixed journals,other,2016-2020,Mixed journals|other|2016-2020,2.75,66,24,0.36363636363636365,dl_native,other
82399,2022,INS,Mixed journals,dl_native,2021-2025,Mixed journals|dl_native|2021-2025,5.626219,5193,923,0.17773926439437704,dl_native,dl_native
102175,2018,SWEVC,Core EC journals,other,2016-2020,Core EC journals|other|2016-2020,1.0,3,3,1.0,other,other
49028,2025,ESWA,Mixed journals,dl_native,2021-2025,Mixed journals|dl_native|2021-2025,5.626219,5193,923,0.17773926439437704,dl_native,dl_native
83047,2021,INS,Mixed journals,other,2021-2025,Mixed journals|other|2021-2025,5.048077,525,104,0.1980952380952381,other,other
88014,2025,INS,Mixed journals,dl_native,2021-2025,Mixed journals|dl_native|2021-2025,5.626219,5193,923,0.17773926439437704,dl_native,dl_native
44407,2024,ESWA,Mixed journals,dl_native,2021-2025,Mixed journals|dl_native|2021-2025,5.626219,5193,923,0.17773926439437704,dl_native,dl_native
76851,2017,INS,Mixed journals,dl_native,2016-2020,Mixed journals|dl_native|2016-2020,5.087719,580,114,0.19655172413793104,dl_native,other
82957,2022,INS,Mixed journals,dl_native,2021-2025,Mixed journals|dl_native|2021-2025,5.626219,5193,923,0.17773926439437704,dl_native,dl_native
98863,2019,SSCI,SSCI (mixed conf.),dl_native,2016-2020,SSCI (mixed conf.)|dl_native|2016-2020,4.255319,200,47,0.235,dl_native,dl_native
40047,2022,ESWA,Mixed journals,dl_native,2021-2025,Mixed journals|dl_native|2021-2025,5.626219,5193,923,0.17773926439437704,dl_native,dl_native
88094,2025,INS,Mixed journals,dl_native,2021-2025,Mixed journals|dl_native|2021-2025,5.626219,5193,923,0.17773926439437704,dl_native,other
4788,2020,ASOC,Mixed journals,dl_native,2016-2020,Mixed journals|dl_native|2016-2020,5.087719,580,114,0.19655172413793104,dl_native,dl_native
49457,2025,ESWA,Mixed journals,dl_native,2021-2025,Mixed journals|dl_native|2021-2025,5.626219,5193,923,0.17773926439437704,dl_native,dl_native
47292,2025,ESWA,Mixed journals,dl_native,2021-2025,Mixed journals|dl_native|2021-2025,5.626219,5193,923,0.17773926439437704,dl_native,dl_native
83003,2022,INS,Mixed journals,dl_native,2021-2025,Mixed journals|dl_native|2021-2025,5.626219,5193,923,0.17773926439437704,dl_native,dl_native
41404,2023,ESWA,Mixed journals,dl_native,2021-2025,Mixed journals|dl_native|2021-2025,5.626219,5193,923,0.17773926439437704,dl_native,dl_native
44189,2024,ESWA,Mixed journals,dl_native,2021-2025,Mixed journals|dl_native|2021-2025,5.626219,5193,923,0.17773926439437704,dl_native,dl_native
45139,2024,ESWA,Mixed journals,dl_native,2021-2025,Mixed journals|dl_native|2021-2025,5.626219,5193,923,0.17773926439437704,dl_native,dl_native
60006,2022,EVOINT,Core EC journals,dl_native,2021-2025,Core EC journals|dl_native|2021-2025,1.0,86,86,1.0,dl_native,other
47186,2025,ESWA,Mixed journals,dl_native,2021-2025,Mixed journals|dl_native|2021-2025,5.626219,5193,923,0.17773926439437704,dl_native,dl_native
23545,2013,CIM,Mixed journals,dl_native,<=2015,Mixed journals|dl_native|<=2015,1.0,13,13,1.0,dl_native,dl_native
59698,2024,EVOINT,Core EC journals,dl_native,2021-2025,Core EC journals|dl_native|2021-2025,1.0,86,86,1.0,dl_native,dl_native
10835,2025,ASOC,Mixed journals,dl_native,2021-2025,Mixed journals|dl_native|2021-2025,5.626219,5193,923,0.17773926439437704,dl_native,dl_native
42911,2023,ESWA,Mixed journals,dl_native,2021-2025,Mixed journals|dl_native|2021-2025,5.626219,5193,923,0.17773926439437704,dl_native,dl_native
46176,2024,ESWA,Mixed journals,dl_native,2021-2025,Mixed journals|dl_native|2021-2025,5.626219,5193,923,0.17773926439437704,dl_native,neuroevolution
85730,2023,INS,Mixed journals,dl_native,2021-2025,Mixed journals|dl_native|2021-2025,5.626219,5193,923,0.17773926439437704,dl_native,dl_native
45071,2024,ESWA,Mixed journals,dl_native,2021-2025,Mixed journals|dl_native|2021-2025,5.626219,5193,923,0.17773926439437704,dl_native,other
23470,2015,CIM,Mixed journals,dl_native,<=2015,Mixed journals|dl_native|<=2015,1.0,13,13,1.0,dl_native,dl_native
12015,2024,ASOC,Mixed journals,dl_native,2021-2025,Mixed journals|dl_native|2021-2025,5.626219,5193,923,0.17773926439437704,dl_native,dl_native
23445,2015,CIM,Mixed journals,dl_native,<=2015,Mixed journals|dl_native|<=2015,1.0,13,13,1.0,dl_native,other
47236,2025,ESWA,Mixed journals,dl_native,2021-2025,Mixed journals|dl_native|2021-2025,5.626219,5193,923,0.17773926439437704,dl_native,dl_native
8848,2022,ASOC,Mixed journals,hybrid,2021-2025,Mixed journals|hybrid|2021-2025,4.979381,483,97,0.20082815734989648,neuroevolution,hybrid
44132,2024,ESWA,Mixed journals,dl_native,2021-2025,Mixed journals|dl_native|2021-2025,5.626219,5193,923,0.17773926439437704,dl_native,dl_native
2226,2016,ASOC,Mixed journals,other,2016-2020,Mixed journals|other|2016-2020,2.75,66,24,0.36363636363636365,other,other
8675,2022,ASOC,Mixed journals,other,2021-2025,Mixed journals|other|2021-2025,5.048077,525,104,0.1980952380952381,other,other
12229,2025,ASOC,Mixed journals,dl_native,2021-2025,Mixed journals|dl_native|2021-2025,5.626219,5193,923,0.17773926439437704,dl_native,dl_native
47785,2025,ESWA,Mixed journals,dl_native,2021-2025,Mixed journals|dl_native|2021-2025,5.626219,5193,923,0.17773926439437704,dl_native,dl_native
68452,2024,GECCO,Core EC conferences,dl_native,2021-2025,Core EC conferences|dl_native|2021-2025,1.0,72,72,1.0,dl_native,dl_native
7507,2023,ASOC,Mixed journals,dl_native,2021-2025,Mixed journals|dl_native|2021-2025,5.626219,5193,923,0.17773926439437704,dl_native,hybrid
8706,2022,ASOC,Mixed journals,dl_native,2021-2025,Mixed journals|dl_native|2021-2025,5.626219,5193,923,0.17773926439437704,dl_native,dl_native
46659,2024,ESWA,Mixed journals,dl_native,2021-2025,Mixed journals|dl_native|2021-2025,5.626219,5193,923,0.17773926439437704,dl_native,dl_native
36870,2021,ESWA,Mixed journals,dl_native,2021-2025,Mixed journals|dl_native|2021-2025,5.626219,5193,923,0.17773926439437704,dl_native,dl_native
78137,2015,INS,Mixed journals,dl_native,<=2015,Mixed journals|dl_native|<=2015,1.0,13,13,1.0,dl_native,dl_native
21799,2024,CEC,Core EC conferences,dl_native,2021-2025,Core EC conferences|dl_native|2021-2025,1.0,72,72,1.0,dl_native,dl_native
66606,2018,GECCO,Core EC conferences,hybrid,2016-2020,Core EC conferences|hybrid|2016-2020,2.47619,52,21,0.40384615384615385,hybrid,hybrid
86299,2023,INS,Mixed journals,dl_native,2021-2025,Mixed journals|dl_native|2021-2025,5.626219,5193,923,0.17773926439437704,dl_native,dl_native
43086,2023,ESWA,Mixed journals,dl_native,2021-2025,Mixed journals|dl_native|2021-2025,5.626219,5193,923,0.17773926439437704,dl_native,dl_native
7932,2023,ASOC,Mixed journals,neuroevolution,2021-2025,Mixed journals|neuroevolution|2021-2025,3.419355,106,31,0.29245283018867924,neuroevolution,neuroevolution
11128,2025,ASOC,Mixed journals,dl_native,2021-2025,Mixed journals|dl_native|2021-2025,5.626219,5193,923,0.17773926439437704,dl_native,dl_native
41538,2023,ESWA,Mixed journals,dl_native,2021-2025,Mixed journals|dl_native|2021-2025,5.626219,5193,923,0.17773926439437704,dl_native,dl_native
2609,2016,ASOC,Mixed journals,dl_native,2016-2020,Mixed journals|dl_native|2016-2020,5.087719,580,114,0.19655172413793104,dl_native,dl_native
47156,2025,ESWA,Mixed journals,other,2021-2025,Mixed journals|other|2021-2025,5.048077,525,104,0.1980952380952381,other,other
59606,2023,EVOINT,Core EC journals,dl_native,2021-2025,Core EC journals|dl_native|2021-2025,1.0,86,86,1.0,dl_native,dl_native
100418,2025,SWEVC,Core EC journals,dl_native,2021-2025,Core EC journals|dl_native|2021-2025,1.0,86,86,1.0,dl_native,hybrid
8736,2022,ASOC,Mixed journals,dl_native,2021-2025,Mixed journals|dl_native|2021-2025,5.626219,5193,923,0.17773926439437704,dl_native,dl_native
84707,2024,INS,Mixed journals,dl_native,2021-2025,Mixed journals|dl_native|2021-2025,5.626219,5193,923,0.17773926439437704,dl_native,dl_native
8397,2022,ASOC,Mixed journals,dl_native,2021-2025,Mixed journals|dl_native|2021-2025,5.626219,5193,923,0.17773926439437704,dl_native,dl_native
98316,2021,SSCI,SSCI (mixed conf.),dl_native,2021-2025,SSCI (mixed conf.)|dl_native|2021-2025,4.0,160,40,0.25,dl_native,dl_native
104227,2025,TEVC,Core EC journals,other,2021-2025,Core EC journals|other|2021-2025,2.105263,40,19,0.475,other,other
10995,2025,ASOC,Mixed journals,dl_native,2021-2025,Mixed journals|dl_native|2021-2025,5.626219,5193,923,0.17773926439437704,dl_native,dl_native
48449,2025,ESWA,Mixed journals,dl_native,2021-2025,Mixed journals|dl_native|2021-2025,5.626219,5193,923,0.17773926439437704,dl_native,dl_native
9650,2021,ASOC,Mixed journals,hybrid,2021-2025,Mixed journals|hybrid|2021-2025,4.979381,483,97,0.20082815734989648,other,other
50042,2025,ESWA,Mixed journals,dl_native,2021-2025,Mixed journals|dl_native|2021-2025,5.626219,5193,923,0.17773926439437704,dl_native,dl_native
68782,2024,GECCO,Core EC conferences,hybrid,2021-2025,Core EC conferences|hybrid|2021-2025,4.351852,235,54,0.2297872340425532,hybrid,hybrid
40167,2022,ESWA,Mixed journals,dl_native,2021-2025,Mixed journals|dl_native|2021-2025,5.626219,5193,923,0.17773926439437704,dl_native,dl_native
71551,2018,ICSI,Core EC conferences,dl_native,2016-2020,Core EC conferences|dl_native|2016-2020,1.0,42,42,1.0,dl_native,dl_native
41052,2023,ESWA,Mixed journals,dl_native,2021-2025,Mixed journals|dl_native|2021-2025,5.626219,5193,923,0.17773926439437704,dl_native,dl_native
69854,2022,GECCO,Core EC conferences,dl_native,2021-2025,Core EC conferences|dl_native|2021-2025,1.0,72,72,1.0,dl_native,dl_native
99666,2017,SSCI,SSCI (mixed conf.),hybrid,2016-2020,SSCI (mixed conf.)|hybrid|2016-2020,1.0,8,8,1.0,hybrid,hybrid
85842,2023,INS,Mixed journals,dl_native,2021-2025,Mixed journals|dl_native|2021-2025,5.626219,5193,923,0.17773926439437704,dl_native,dl_native
12328,2024,ASOC,Mixed journals,dl_native,2021-2025,Mixed journals|dl_native|2021-2025,5.626219,5193,923,0.17773926439437704,dl_native,dl_native
46224,2024,ESWA,Mixed journals,dl_native,2021-2025,Mixed journals|dl_native|2021-2025,5.626219,5193,923,0.17773926439437704,dl_native,dl_native
98025,2021,SSCI,SSCI (mixed conf.),dl_native,2021-2025,SSCI (mixed conf.)|dl_native|2021-2025,4.0,160,40,0.25,dl_native,dl_native
47565,2025,ESWA,Mixed journals,dl_native,2021-2025,Mixed journals|dl_native|2021-2025,5.626219,5193,923,0.17773926439437704,dl_native,dl_native
81981,2022,INS,Mixed journals,dl_native,2021-2025,Mixed journals|dl_native|2021-2025,5.626219,5193,923,0.17773926439437704,dl_native,dl_native
37110,2021,ESWA,Mixed journals,other,2021-2025,Mixed journals|other|2021-2025,5.048077,525,104,0.1980952380952381,other,other
98828,2019,SSCI,SSCI (mixed conf.),neuroevolution,2016-2020,SSCI (mixed conf.)|neuroevolution|2016-2020,1.0,15,15,1.0,neuroevolution,neuroevolution
79431,2020,INS,Mixed journals,dl_native,2016-2020,Mixed journals|dl_native|2016-2020,5.087719,580,114,0.19655172413793104,dl_native,dl_native
59515,2024,EVOINT,Core EC journals,dl_native,2021-2025,Core EC journals|dl_native|2021-2025,1.0,86,86,1.0,dl_native,dl_native
82618,2022,INS,Mixed journals,dl_native,2021-2025,Mixed journals|dl_native|2021-2025,5.626219,5193,923,0.17773926439437704,dl_native,dl_native
71424,2018,ICSI,Core EC conferences,dl_native,2016-2020,Core EC conferences|dl_native|2016-2020,1.0,42,42,1.0,dl_native,dl_native
49033,2025,ESWA,Mixed journals,dl_native,2021-2025,Mixed journals|dl_native|2021-2025,5.626219,5193,923,0.17773926439437704,dl_native,other
103340,2023,TETCI,Mixed journals,dl_native,2021-2025,Mixed journals|dl_native|2021-2025,5.626219,5193,923,0.17773926439437704,dl_native,dl_native
29337,2011,ESWA,Mixed journals,other,<=2015,Mixed journals|other|<=2015,1.529412,26,17,0.6538461538461539,other,other
12199,2024,ASOC,Mixed journals,dl_native,2021-2025,Mixed journals|dl_native|2021-2025,5.626219,5193,923,0.17773926439437704,dl_native,dl_native
68531,2024,GECCO,Core EC conferences,hybrid,2021-2025,Core EC conferences|hybrid|2021-2025,4.351852,235,54,0.2297872340425532,hybrid,hybrid
46479,2024,ESWA,Mixed journals,dl_native,2021-2025,Mixed journals|dl_native|2021-2025,5.626219,5193,923,0.17773926439437704,dl_native,other
11199,2025,ASOC,Mixed journals,dl_native,2021-2025,Mixed journals|dl_native|2021-2025,5.626219,5193,923,0.17773926439437704,dl_native,dl_native
10993,2025,ASOC,Mixed journals,dl_native,2021-2025,Mixed journals|dl_native|2021-2025,5.626219,5193,923,0.17773926439437704,dl_native,dl_native
39145,2022,ESWA,Mixed journals,hybrid,2021-2025,Mixed journals|hybrid|2021-2025,4.979381,483,97,0.20082815734989648,neuroevolution,hybrid
42945,2023,ESWA,Mixed journals,dl_native,2021-2025,Mixed journals|dl_native|2021-2025,5.626219,5193,923,0.17773926439437704,dl_native,other
37583,2020,ESWA,Mixed journals,dl_native,2016-2020,Mixed journals|dl_native|2016-2020,5.087719,580,114,0.19655172413793104,dl_native,dl_native
48157,2025,ESWA,Mixed journals,dl_native,2021-2025,Mixed journals|dl_native|2021-2025,5.626219,5193,923,0.17773926439437704,dl_native,dl_native
72471,2022,IJBIC,Mixed journals,dl_native,2021-2025,Mixed journals|dl_native|2021-2025,5.626219,5193,923,0.17773926439437704,dl_native,dl_native
40016,2022,ESWA,Mixed journals,dl_native,2021-2025,Mixed journals|dl_native|2021-2025,5.626219,5193,923,0.17773926439437704,dl_native,dl_native
76535,2017,INS,Mixed journals,dl_native,2016-2020,Mixed journals|dl_native|2016-2020,5.087719,580,114,0.19655172413793104,dl_native,dl_native
43910,2024,ESWA,Mixed journals,dl_native,2021-2025,Mixed journals|dl_native|2021-2025,5.626219,5193,923,0.17773926439437704,dl_native,dl_native
9258,2021,ASOC,Mixed journals,dl_native,2021-2025,Mixed journals|dl_native|2021-2025,5.626219,5193,923,0.17773926439437704,dl_native,dl_native
70062,2021,GECCO,Core EC conferences,neuroevolution,2021-2025,Core EC conferences|neuroevolution|2021-2025,3.4375,110,32,0.2909090909090909,neuroevolution,neuroevolution
9896,2025,ASOC,Mixed journals,dl_native,2021-2025,Mixed journals|dl_native|2021-2025,5.626219,5193,923,0.17773926439437704,dl_native,dl_native
97650,2023,SSCI,SSCI (mixed conf.),other,2021-2025,SSCI (mixed conf.)|other|2021-2025,1.0,12,12,1.0,other,other
40084,2022,ESWA,Mixed journals,hybrid,2021-2025,Mixed journals|hybrid|2021-2025,4.979381,483,97,0.20082815734989648,hybrid,hybrid
47573,2025,ESWA,Mixed journals,dl_native,2021-2025,Mixed journals|dl_native|2021-2025,5.626219,5193,923,0.17773926439437704,dl_native,dl_native
38094,2021,ESWA,Mixed journals,dl_native,2021-2025,Mixed journals|dl_native|2021-2025,5.626219,5193,923,0.17773926439437704,dl_native,dl_native
47136,2025,ESWA,Mixed journals,dl_native,2021-2025,Mixed journals|dl_native|2021-2025,5.626219,5193,923,0.17773926439437704,dl_native,dl_native
49049,2025,ESWA,Mixed journals,hybrid,2021-2025,Mixed journals|hybrid|2021-2025,4.979381,483,97,0.20082815734989648,neuroevolution,hybrid
49453,2025,ESWA,Mixed journals,dl_native,2021-2025,Mixed journals|dl_native|2021-2025,5.626219,5193,923,0.17773926439437704,dl_native,dl_native
11564,2025,ASOC,Mixed journals,dl_native,2021-2025,Mixed journals|dl_native|2021-2025,5.626219,5193,923,0.17773926439437704,dl_native,dl_native
46220,2024,ESWA,Mixed journals,dl_native,2021-2025,Mixed journals|dl_native|2021-2025,5.626219,5193,923,0.17773926439437704,dl_native,dl_native
71150,2022,ICSI,Core EC conferences,dl_native,2021-2025,Core EC conferences|dl_native|2021-2025,1.0,72,72,1.0,dl_native,dl_native
6756,2018,ASOC,Mixed journals,hybrid,2016-2020,Mixed journals|hybrid|2016-2020,2.0,38,19,0.5,dl_native,dl_native
103967,2018,TETCI,Mixed journals,dl_native,2016-2020,Mixed journals|dl_native|2016-2020,5.087719,580,114,0.19655172413793104,dl_native,dl_native
41081,2023,ESWA,Mixed journals,dl_native,2021-2025,Mixed journals|dl_native|2021-2025,5.626219,5193,923,0.17773926439437704,dl_native,other
47423,2025,ESWA,Mixed journals,dl_native,2021-2025,Mixed journals|dl_native|2021-2025,5.626219,5193,923,0.17773926439437704,dl_native,dl_native
49298,2025,ESWA,Mixed journals,dl_native,2021-2025,Mixed journals|dl_native|2021-2025,5.626219,5193,923,0.17773926439437704,dl_native,dl_native
86374,2023,INS,Mixed journals,dl_native,2021-2025,Mixed journals|dl_native|2021-2025,5.626219,5193,923,0.17773926439437704,dl_native,dl_native
85302,2023,INS,Mixed journals,dl_native,2021-2025,Mixed journals|dl_native|2021-2025,5.626219,5193,923,0.17773926439437704,dl_native,dl_native
7573,2023,ASOC,Mixed journals,dl_native,2021-2025,Mixed journals|dl_native|2021-2025,5.626219,5193,923,0.17773926439437704,dl_native,dl_native
46197,2024,ESWA,Mixed journals,other,2021-2025,Mixed journals|other|2021-2025,5.048077,525,104,0.1980952380952381,other,other
45990,2024,ESWA,Mixed journals,dl_native,2021-2025,Mixed journals|dl_native|2021-2025,5.626219,5193,923,0.17773926439437704,dl_native,dl_native
49012,2025,ESWA,Mixed journals,dl_native,2021-2025,Mixed journals|dl_native|2021-2025,5.626219,5193,923,0.17773926439437704,dl_native,dl_native
6874,2023,ASOC,Mixed journals,neuroevolution,2021-2025,Mixed journals|neuroevolution|2021-2025,3.419355,106,31,0.29245283018867924,neuroevolution,hybrid
39350,2022,ESWA,Mixed journals,dl_native,2021-2025,Mixed journals|dl_native|2021-2025,5.626219,5193,923,0.17773926439437704,dl_native,dl_native
10329,2025,ASOC,Mixed journals,dl_native,2021-2025,Mixed journals|dl_native|2021-2025,5.626219,5193,923,0.17773926439437704,dl_native,dl_native
8401,2022,ASOC,Mixed journals,dl_native,2021-2025,Mixed journals|dl_native|2021-2025,5.626219,5193,923,0.17773926439437704,dl_native,dl_native
104737,2022,TEVC,Core EC journals,neuroevolution,2021-2025,Core EC journals|neuroevolution|2021-2025,2.333333,49,21,0.42857142857142855,other,other
65731,2019,GECCO,Core EC conferences,other,2016-2020,Core EC conferences|other|2016-2020,1.4375,23,16,0.6956521739130435,other,neuroevolution
67891,2025,GECCO,Core EC conferences,dl_native,2021-2025,Core EC conferences|dl_native|2021-2025,1.0,72,72,1.0,dl_native,hybrid
36434,2020,ESWA,Mixed journals,neuroevolution,2016-2020,Mixed journals|neuroevolution|2016-2020,1.0,10,10,1.0,dl_native,other
104475,2025,TEVC,Core EC journals,neuroevolution,2021-2025,Core EC journals|neuroevolution|2021-2025,2.333333,49,21,0.42857142857142855,neuroevolution,neuroevolution
23924,2018,ECJ,Core EC journals,hybrid,2016-2020,Core EC journals|hybrid|2016-2020,1.0,8,8,1.0,other,neuroevolution
68755,2024,GECCO,Core EC conferences,hybrid,2021-2025,Core EC conferences|hybrid|2021-2025,4.351852,235,54,0.2297872340425532,hybrid,hybrid
45644,2024,ESWA,Mixed journals,dl_native,2021-2025,Mixed journals|dl_native|2021-2025,5.626219,5193,923,0.17773926439437704,dl_native,dl_native
103130,2024,TETCI,Mixed journals,other,2021-2025,Mixed journals|other|2021-2025,5.048077,525,104,0.1980952380952381,other,other
10863,2024,ASOC,Mixed journals,dl_native,2021-2025,Mixed journals|dl_native|2021-2025,5.626219,5193,923,0.17773926439437704,dl_native,dl_native
84362,2024,INS,Mixed journals,dl_native,2021-2025,Mixed journals|dl_native|2021-2025,5.626219,5193,923,0.17773926439437704,dl_native,dl_native
33399,2018,ESWA,Mixed journals,dl_native,2016-2020,Mixed journals|dl_native|2016-2020,5.087719,580,114,0.19655172413793104,dl_native,dl_native
22143,2022,CEC,Core EC conferences,dl_native,2021-2025,Core EC conferences|dl_native|2021-2025,1.0,72,72,1.0,dl_native,dl_native
43703,2024,ESWA,Mixed journals,dl_native,2021-2025,Mixed journals|dl_native|2021-2025,5.626219,5193,923,0.17773926439437704,dl_native,dl_native
44698,2024,ESWA,Mixed journals,dl_native,2021-2025,Mixed journals|dl_native|2021-2025,5.626219,5193,923,0.17773926439437704,dl_native,dl_native
39492,2022,ESWA,Mixed journals,dl_native,2021-2025,Mixed journals|dl_native|2021-2025,5.626219,5193,923,0.17773926439437704,dl_native,dl_native
98585,2020,SSCI,SSCI (mixed conf.),dl_native,2016-2020,SSCI (mixed conf.)|dl_native|2016-2020,4.255319,200,47,0.235,dl_native,dl_native
66019,2019,GECCO,Core EC conferences,other,2016-2020,Core EC conferences|other|2016-2020,1.4375,23,16,0.6956521739130435,other,other
71544,2018,ICSI,Core EC conferences,dl_native,2016-2020,Core EC conferences|dl_native|2016-2020,1.0,42,42,1.0,dl_native,dl_native
99945,2017,SSCI,SSCI (mixed conf.),other,2016-2020,SSCI (mixed conf.)|other|2016-2020,1.1875,19,16,0.8421052631578947,dl_native,dl_native
49447,2025,ESWA,Mixed journals,dl_native,2021-2025,Mixed journals|dl_native|2021-2025,5.626219,5193,923,0.17773926439437704,dl_native,dl_native
98545,2020,SSCI,SSCI (mixed conf.),neuroevolution,2016-2020,SSCI (mixed conf.)|neuroevolution|2016-2020,1.0,15,15,1.0,neuroevolution,neuroevolution
48848,2025,ESWA,Mixed journals,dl_native,2021-2025,Mixed journals|dl_native|2021-2025,5.626219,5193,923,0.17773926439437704,dl_native,dl_native
47456,2025,ESWA,Mixed journals,dl_native,2021-2025,Mixed journals|dl_native|2021-2025,5.626219,5193,923,0.17773926439437704,dl_native,dl_native
43005,2023,ESWA,Mixed journals,hybrid,2021-2025,Mixed journals|hybrid|2021-2025,4.979381,483,97,0.20082815734989648,hybrid,other
42571,2023,ESWA,Mixed journals,dl_native,2021-2025,Mixed journals|dl_native|2021-2025,5.626219,5193,923,0.17773926439437704,dl_native,dl_native
20335,2015,CEC,Core EC conferences,hybrid,<=2015,Core EC conferences|hybrid|<=2015,1.0,8,8,1.0,hybrid,hybrid
40686,2022,ESWA,Mixed journals,dl_native,2021-2025,Mixed journals|dl_native|2021-2025,5.626219,5193,923,0.17773926439437704,dl_native,dl_native
104934,2021,TEVC,Core EC journals,neuroevolution,2021-2025,Core EC journals|neuroevolution|2021-2025,2.333333,49,21,0.42857142857142855,neuroevolution,neuroevolution
83726,2021,INS,Mixed journals,dl_native,2021-2025,Mixed journals|dl_native|2021-2025,5.626219,5193,923,0.17773926439437704,dl_native,other
102664,2025,TETCI,Mixed journals,dl_native,2021-2025,Mixed journals|dl_native|2021-2025,5.626219,5193,923,0.17773926439437704,dl_native,dl_native
87572,2025,INS,Mixed journals,other,2021-2025,Mixed journals|other|2021-2025,5.048077,525,104,0.1980952380952381,dl_native,dl_native
50020,2025,ESWA,Mixed journals,hybrid,2021-2025,Mixed journals|hybrid|2021-2025,4.979381,483,97,0.20082815734989648,neuroevolution,hybrid
43955,2024,ESWA,Mixed journals,dl_native,2021-2025,Mixed journals|dl_native|2021-2025,5.626219,5193,923,0.17773926439437704,dl_native,dl_native
104571,2024,TEVC,Core EC journals,hybrid,2021-2025,Core EC journals|hybrid|2021-2025,3.185185,86,27,0.313953488372093,neuroevolution,hybrid
12322,2024,ASOC,Mixed journals,dl_native,2021-2025,Mixed journals|dl_native|2021-2025,5.626219,5193,923,0.17773926439437704,dl_native,dl_native
83118,2021,INS,Mixed journals,dl_native,2021-2025,Mixed journals|dl_native|2021-2025,5.626219,5193,923,0.17773926439437704,dl_native,dl_native
7671,2023,ASOC,Mixed journals,hybrid,2021-2025,Mixed journals|hybrid|2021-2025,4.979381,483,97,0.20082815734989648,neuroevolution,hybrid
86674,2024,INS,Mixed journals,dl_native,2021-2025,Mixed journals|dl_native|2021-2025,5.626219,5193,923,0.17773926439437704,dl_native,dl_native
71998,2015,ICSI,Core EC conferences,dl_native,<=2015,Core EC conferences|dl_native|<=2015,1.0,1,1,1.0,dl_native,dl_native
104497,2025,TEVC,Core EC journals,hybrid,2021-2025,Core EC journals|hybrid|2021-2025,3.185185,86,27,0.313953488372093,neuroevolution,dl_native
97816,2022,SSCI,SSCI (mixed conf.),dl_native,2021-2025,SSCI (mixed conf.)|dl_native|2021-2025,4.0,160,40,0.25,dl_native,dl_native
42873,2023,ESWA,Mixed journals,dl_native,2021-2025,Mixed journals|dl_native|2021-2025,5.626219,5193,923,0.17773926439437704,dl_native,dl_native
10893,2025,ASOC,Mixed journals,dl_native,2021-2025,Mixed journals|dl_native|2021-2025,5.626219,5193,923,0.17773926439437704,dl_native,dl_native
98186,2021,SSCI,SSCI (mixed conf.),dl_native,2021-2025,SSCI (mixed conf.)|dl_native|2021-2025,4.0,160,40,0.25,dl_native,dl_native
69818,2022,GECCO,Core EC conferences,dl_native,2021-2025,Core EC conferences|dl_native|2021-2025,1.0,72,72,1.0,dl_native,hybrid
48669,2025,ESWA,Mixed journals,dl_native,2021-2025,Mixed journals|dl_native|2021-2025,5.626219,5193,923,0.17773926439437704,dl_native,dl_native
400,2011,ASOC,Mixed journals,dl_native,<=2015,Mixed journals|dl_native|<=2015,1.0,13,13,1.0,dl_native,dl_native
97520,2023,SSCI,SSCI (mixed conf.),dl_native,2021-2025,SSCI (mixed conf.)|dl_native|2021-2025,4.0,160,40,0.25,dl_native,dl_native
49269,2025,ESWA,Mixed journals,dl_native,2021-2025,Mixed journals|dl_native|2021-2025,5.626219,5193,923,0.17773926439437704,dl_native,dl_native
34332,2017,ESWA,Mixed journals,dl_native,2016-2020,Mixed journals|dl_native|2016-2020,5.087719,580,114,0.19655172413793104,dl_native,dl_native
47384,2025,ESWA,Mixed journals,dl_native,2021-2025,Mixed journals|dl_native|2021-2025,5.626219,5193,923,0.17773926439437704,dl_native,dl_native
48943,2025,ESWA,Mixed journals,dl_native,2021-2025,Mixed journals|dl_native|2021-2025,5.626219,5193,923,0.17773926439437704,dl_native,dl_native
22885,2020,CEC,Core EC conferences,dl_native,2016-2020,Core EC conferences|dl_native|2016-2020,1.0,42,42,1.0,dl_native,dl_native
24007,2016,ECJ,Core EC journals,hybrid,2016-2020,Core EC journals|hybrid|2016-2020,1.0,8,8,1.0,hybrid,hybrid
69559,2022,GECCO,Core EC conferences,other,2021-2025,Core EC conferences|other|2021-2025,2.521739,58,23,0.39655172413793105,other,other
42015,2023,ESWA,Mixed journals,dl_native,2021-2025,Mixed journals|dl_native|2021-2025,5.626219,5193,923,0.17773926439437704,dl_native,other
48421,2025,ESWA,Mixed journals,dl_native,2021-2025,Mixed journals|dl_native|2021-2025,5.626219,5193,923,0.17773926439437704,dl_native,other
103141,2025,TETCI,Mixed journals,other,2021-2025,Mixed journals|other|2021-2025,5.048077,525,104,0.1980952380952381,dl_native,dl_native
12223,2024,ASOC,Mixed journals,dl_native,2021-2025,Mixed journals|dl_native|2021-2025,5.626219,5193,923,0.17773926439437704,dl_native,dl_native
10463,2025,ASOC,Mixed journals,other,2021-2025,Mixed journals|other|2021-2025,5.048077,525,104,0.1980952380952381,dl_native,dl_native
98812,2019,SSCI,SSCI (mixed conf.),dl_native,2016-2020,SSCI (mixed conf.)|dl_native|2016-2020,4.255319,200,47,0.235,dl_native,dl_native
39926,2022,ESWA,Mixed journals,dl_native,2021-2025,Mixed journals|dl_native|2021-2025,5.626219,5193,923,0.17773926439437704,dl_native,dl_native
103459,2024,TETCI,Mixed journals,dl_native,2021-2025,Mixed journals|dl_native|2021-2025,5.626219,5193,923,0.17773926439437704,dl_native,dl_native
68571,2024,GECCO,Core EC conferences,hybrid,2021-2025,Core EC conferences|hybrid|2021-2025,4.351852,235,54,0.2297872340425532,hybrid,hybrid
42788,2023,ESWA,Mixed journals,dl_native,2021-2025,Mixed journals|dl_native|2021-2025,5.626219,5193,923,0.17773926439437704,dl_native,dl_native
8093,2022,ASOC,Mixed journals,hybrid,2021-2025,Mixed journals|hybrid|2021-2025,4.979381,483,97,0.20082815734989648,neuroevolution,hybrid
69897,2022,GECCO,Core EC conferences,neuroevolution,2021-2025,Core EC conferences|neuroevolution|2021-2025,3.4375,110,32,0.2909090909090909,hybrid,hybrid
59487,2024,EVOINT,Core EC journals,dl_native,2021-2025,Core EC journals|dl_native|2021-2025,1.0,86,86,1.0,dl_native,dl_native
98495,2020,SSCI,SSCI (mixed conf.),dl_native,2016-2020,SSCI (mixed conf.)|dl_native|2016-2020,4.255319,200,47,0.235,dl_native,dl_native
85166,2023,INS,Mixed journals,dl_native,2021-2025,Mixed journals|dl_native|2021-2025,5.626219,5193,923,0.17773926439437704,dl_native,dl_native
81367,2018,INS,Mixed journals,dl_native,2016-2020,Mixed journals|dl_native|2016-2020,5.087719,580,114,0.19655172413793104,dl_native,dl_native
43787,2024,ESWA,Mixed journals,dl_native,2021-2025,Mixed journals|dl_native|2021-2025,5.626219,5193,923,0.17773926439437704,dl_native,dl_native
36807,2021,ESWA,Mixed journals,dl_native,2021-2025,Mixed journals|dl_native|2021-2025,5.626219,5193,923,0.17773926439437704,dl_native,dl_native
48894,2025,ESWA,Mixed journals,dl_native,2021-2025,Mixed journals|dl_native|2021-2025,5.626219,5193,923,0.17773926439437704,dl_native,dl_native
9869,2025,ASOC,Mixed journals,other,2021-2025,Mixed journals|other|2021-2025,5.048077,525,104,0.1980952380952381,dl_native,dl_native
40426,2022,ESWA,Mixed journals,dl_native,2021-2025,Mixed journals|dl_native|2021-2025,5.626219,5193,923,0.17773926439437704,dl_native,dl_native
42400,2023,ESWA,Mixed journals,dl_native,2021-2025,Mixed journals|dl_native|2021-2025,5.626219,5193,923,0.17773926439437704,dl_native,dl_native
9335,2021,ASOC,Mixed journals,dl_native,2021-2025,Mixed journals|dl_native|2021-2025,5.626219,5193,923,0.17773926439437704,dl_native,dl_native
40437,2022,ESWA,Mixed journals,dl_native,2021-2025,Mixed journals|dl_native|2021-2025,5.626219,5193,923,0.17773926439437704,dl_native,other
98889,2019,SSCI,SSCI (mixed conf.),other,2016-2020,SSCI (mixed conf.)|other|2016-2020,1.1875,19,16,0.8421052631578947,other,other
81204,2018,INS,Mixed journals,dl_native,2016-2020,Mixed journals|dl_native|2016-2020,5.087719,580,114,0.19655172413793104,dl_native,dl_native
71273,2020,ICSI,Core EC conferences,dl_native,2016-2020,Core EC conferences|dl_native|2016-2020,1.0,42,42,1.0,dl_native,dl_native
59696,2022,EVOINT,Core EC journals,dl_native,2021-2025,Core EC journals|dl_native|2021-2025,1.0,86,86,1.0,dl_native,dl_native
7309,2023,ASOC,Mixed journals,dl_native,2021-2025,Mixed journals|dl_native|2021-2025,5.626219,5193,923,0.17773926439437704,dl_native,dl_native
84041,2022,INS,Mixed journals,dl_native,2021-2025,Mixed journals|dl_native|2021-2025,5.626219,5193,923,0.17773926439437704,dl_native,dl_native
42370,2023,ESWA,Mixed journals,neuroevolution,2021-2025,Mixed journals|neuroevolution|2021-2025,3.419355,106,31,0.29245283018867924,neuroevolution,neuroevolution
59555,2024,EVOINT,Core EC journals,dl_native,2021-2025,Core EC journals|dl_native|2021-2025,1.0,86,86,1.0,dl_native,dl_native
23927,2018,ECJ,Core EC journals,neuroevolution,2016-2020,Core EC journals|neuroevolution|2016-2020,1.0,8,8,1.0,neuroevolution,neuroevolution
59523,2024,EVOINT,Core EC journals,other,2021-2025,Core EC journals|other|2021-2025,2.105263,40,19,0.475,other,other
66404,2018,GECCO,Core EC conferences,neuroevolution,2016-2020,Core EC conferences|neuroevolution|2016-2020,3.142857,88,28,0.3181818181818182,neuroevolution,neuroevolution
85348,2023,INS,Mixed journals,dl_native,2021-2025,Mixed journals|dl_native|2021-2025,5.626219,5193,923,0.17773926439437704,dl_native,dl_native
41531,2023,ESWA,Mixed journals,dl_native,2021-2025,Mixed journals|dl_native|2021-2025,5.626219,5193,923,0.17773926439437704,dl_native,dl_native
9033,2021,ASOC,Mixed journals,hybrid,2021-2025,Mixed journals|hybrid|2021-2025,4.979381,483,97,0.20082815734989648,dl_native,dl_native
40586,2022,ESWA,Mixed journals,dl_native,2021-2025,Mixed journals|dl_native|2021-2025,5.626219,5193,923,0.17773926439437704,dl_native,dl_native
98450,2020,SSCI,SSCI (mixed conf.),neuroevolution,2016-2020,SSCI (mixed conf.)|neuroevolution|2016-2020,1.0,15,15,1.0,neuroevolution,neuroevolution
70903,2025,ICSI,Core EC conferences,dl_native,2021-2025,Core EC conferences|dl_native|2021-2025,1.0,72,72,1.0,dl_native,dl_native
11527,2025,ASOC,Mixed journals,dl_native,2021-2025,Mixed journals|dl_native|2021-2025,5.626219,5193,923,0.17773926439437704,dl_native,dl_native
48674,2025,ESWA,Mixed journals,dl_native,2021-2025,Mixed journals|dl_native|2021-2025,5.626219,5193,923,0.17773926439437704,dl_native,other
48747,2025,ESWA,Mixed journals,dl_native,2021-2025,Mixed journals|dl_native|2021-2025,5.626219,5193,923,0.17773926439437704,dl_native,dl_native
97917,2022,SSCI,SSCI (mixed conf.),dl_native,2021-2025,SSCI (mixed conf.)|dl_native|2021-2025,4.0,160,40,0.25,dl_native,dl_native
10095,2025,ASOC,Mixed journals,dl_native,2021-2025,Mixed journals|dl_native|2021-2025,5.626219,5193,923,0.17773926439437704,dl_native,dl_native
42453,2023,ESWA,Mixed journals,dl_native,2021-2025,Mixed journals|dl_native|2021-2025,5.626219,5193,923,0.17773926439437704,dl_native,dl_native
35342,2015,ESWA,Mixed journals,other,<=2015,Mixed journals|other|<=2015,1.529412,26,17,0.6538461538461539,other,other
49949,2025,ESWA,Mixed journals,dl_native,2021-2025,Mixed journals|dl_native|2021-2025,5.626219,5193,923,0.17773926439437704,dl_native,dl_native
68103,2025,GECCO,Core EC conferences,hybrid,2021-2025,Core EC conferences|hybrid|2021-2025,4.351852,235,54,0.2297872340425532,neuroevolution,neuroevolution
11162,2025,ASOC,Mixed journals,dl_native,2021-2025,Mixed journals|dl_native|2021-2025,5.626219,5193,923,0.17773926439437704,dl_native,dl_native
40155,2022,ESWA,Mixed journals,other,2021-2025,Mixed journals|other|2021-2025,5.048077,525,104,0.1980952380952381,other,other
98364,2021,SSCI,SSCI (mixed conf.),other,2021-2025,SSCI (mixed conf.)|other|2021-2025,1.0,12,12,1.0,hybrid,other
45781,2024,ESWA,Mixed journals,dl_native,2021-2025,Mixed journals|dl_native|2021-2025,5.626219,5193,923,0.17773926439437704,dl_native,dl_native
80483,2019,INS,Mixed journals,dl_native,2016-2020,Mixed journals|dl_native|2016-2020,5.087719,580,114,0.19655172413793104,dl_native,dl_native
86635,2023,INS,Mixed journals,dl_native,2021-2025,Mixed journals|dl_native|2021-2025,5.626219,5193,923,0.17773926439437704,dl_native,dl_native
103402,2024,TETCI,Mixed journals,dl_native,2021-2025,Mixed journals|dl_native|2021-2025,5.626219,5193,923,0.17773926439437704,dl_native,dl_native
36880,2021,ESWA,Mixed journals,dl_native,2021-2025,Mixed journals|dl_native|2021-2025,5.626219,5193,923,0.17773926439437704,dl_native,dl_native
42761,2023,ESWA,Mixed journals,neuroevolution,2021-2025,Mixed journals|neuroevolution|2021-2025,3.419355,106,31,0.29245283018867924,neuroevolution,neuroevolution
41694,2023,ESWA,Mixed journals,dl_native,2021-2025,Mixed journals|dl_native|2021-2025,5.626219,5193,923,0.17773926439437704,dl_native,dl_native
37988,2020,ESWA,Mixed journals,dl_native,2016-2020,Mixed journals|dl_native|2016-2020,5.087719,580,114,0.19655172413793104,dl_native,dl_native
38856,2019,ESWA,Mixed journals,dl_native,2016-2020,Mixed journals|dl_native|2016-2020,5.087719,580,114,0.19655172413793104,dl_native,dl_native
10873,2025,ASOC,Mixed journals,dl_native,2021-2025,Mixed journals|dl_native|2021-2025,5.626219,5193,923,0.17773926439437704,dl_native,other
43956,2024,ESWA,Mixed journals,dl_native,2021-2025,Mixed journals|dl_native|2021-2025,5.626219,5193,923,0.17773926439437704,dl_native,dl_native
83008,2022,INS,Mixed journals,dl_native,2021-2025,Mixed journals|dl_native|2021-2025,5.626219,5193,923,0.17773926439437704,dl_native,dl_native
6391,2019,ASOC,Mixed journals,dl_native,2016-2020,Mixed journals|dl_native|2016-2020,5.087719,580,114,0.19655172413793104,dl_native,dl_native
39565,2022,ESWA,Mixed journals,dl_native,2021-2025,Mixed journals|dl_native|2021-2025,5.626219,5193,923,0.17773926439437704,dl_native,dl_native
97887,2022,SSCI,SSCI (mixed conf.),dl_native,2021-2025,SSCI (mixed conf.)|dl_native|2021-2025,4.0,160,40,0.25,dl_native,dl_native
40005,2022,ESWA,Mixed journals,other,2021-2025,Mixed journals|other|2021-2025,5.048077,525,104,0.1980952380952381,other,other
5700,2019,ASOC,Mixed journals,hybrid,2016-2020,Mixed journals|hybrid|2016-2020,2.0,38,19,0.5,hybrid,hybrid
44871,2024,ESWA,Mixed journals,dl_native,2021-2025,Mixed journals|dl_native|2021-2025,5.626219,5193,923,0.17773926439437704,dl_native,dl_native
37099,2021,ESWA,Mixed journals,dl_native,2021-2025,Mixed journals|dl_native|2021-2025,5.626219,5193,923,0.17773926439437704,dl_native,dl_native
66133,2019,GECCO,Core EC conferences,hybrid,2016-2020,Core EC conferences|hybrid|2016-2020,2.47619,52,21,0.40384615384615385,hybrid,hybrid
82916,2021,INS,Mixed journals,dl_native,2021-2025,Mixed journals|dl_native|2021-2025,5.626219,5193,923,0.17773926439437704,dl_native,dl_native
10824,2025,ASOC,Mixed journals,neuroevolution,2021-2025,Mixed journals|neuroevolution|2021-2025,3.419355,106,31,0.29245283018867924,neuroevolution,neuroevolution
45225,2024,ESWA,Mixed journals,dl_native,2021-2025,Mixed journals|dl_native|2021-2025,5.626219,5193,923,0.17773926439437704,dl_native,dl_native
40340,2022,ESWA,Mixed journals,dl_native,2021-2025,Mixed journals|dl_native|2021-2025,5.626219,5193,923,0.17773926439437704,dl_native,dl_native
66583,2018,GECCO,Core EC conferences,hybrid,2016-2020,Core EC conferences|hybrid|2016-2020,2.47619,52,21,0.40384615384615385,neuroevolution,neuroevolution
103319,2024,TETCI,Mixed journals,dl_native,2021-2025,Mixed journals|dl_native|2021-2025,5.626219,5193,923,0.17773926439437704,dl_native,dl_native
97663,2023,SSCI,SSCI (mixed conf.),dl_native,2021-2025,SSCI (mixed conf.)|dl_native|2021-2025,4.0,160,40,0.25,dl_native,dl_native
82440,2022,INS,Mixed journals,dl_native,2021-2025,Mixed journals|dl_native|2021-2025,5.626219,5193,923,0.17773926439437704,dl_native,other
59921,2021,EVOINT,Core EC journals,dl_native,2021-2025,Core EC journals|dl_native|2021-2025,1.0,86,86,1.0,dl_native,dl_native
65902,2019,GECCO,Core EC conferences,other,2016-2020,Core EC conferences|other|2016-2020,1.4375,23,16,0.6956521739130435,other,other
82704,2022,INS,Mixed journals,dl_native,2021-2025,Mixed journals|dl_native|2021-2025,5.626219,5193,923,0.17773926439437704,dl_native,dl_native
48658,2025,ESWA,Mixed journals,dl_native,2021-2025,Mixed journals|dl_native|2021-2025,5.626219,5193,923,0.17773926439437704,dl_native,dl_native
86644,2023,INS,Mixed journals,dl_native,2021-2025,Mixed journals|dl_native|2021-2025,5.626219,5193,923,0.17773926439437704,dl_native,dl_native
47707,2025,ESWA,Mixed journals,dl_native,2021-2025,Mixed journals|dl_native|2021-2025,5.626219,5193,923,0.17773926439437704,dl_native,dl_native
21502,2025,CEC,Core EC conferences,dl_native,2021-2025,Core EC conferences|dl_native|2021-2025,1.0,72,72,1.0,dl_native,dl_native
11222,2025,ASOC,Mixed journals,dl_native,2021-2025,Mixed journals|dl_native|2021-2025,5.626219,5193,923,0.17773926439437704,dl_native,dl_native
23288,2018,CIM,Mixed journals,other,2016-2020,Mixed journals|other|2016-2020,2.75,66,24,0.36363636363636365,other,other
85023,2024,INS,Mixed journals,dl_native,2021-2025,Mixed journals|dl_native|2021-2025,5.626219,5193,923,0.17773926439437704,dl_native,dl_native
48059,2025,ESWA,Mixed journals,dl_native,2021-2025,Mixed journals|dl_native|2021-2025,5.626219,5193,923,0.17773926439437704,dl_native,dl_native
11993,2024,ASOC,Mixed journals,dl_native,2021-2025,Mixed journals|dl_native|2021-2025,5.626219,5193,923,0.17773926439437704,dl_native,dl_native
43889,2024,ESWA,Mixed journals,dl_native,2021-2025,Mixed journals|dl_native|2021-2025,5.626219,5193,923,0.17773926439437704,dl_native,dl_native
95488,2014,SSCI,SSCI (mixed conf.),other,<=2015,SSCI (mixed conf.)|other|<=2015,1.0,2,2,1.0,other,dl_native
19034,2018,CEC,Core EC conferences,dl_native,2016-2020,Core EC conferences|dl_native|2016-2020,1.0,42,42,1.0,dl_native,dl_native
40810,2022,ESWA,Mixed journals,dl_native,2021-2025,Mixed journals|dl_native|2021-2025,5.626219,5193,923,0.17773926439437704,dl_native,dl_native
12394,2024,ASOC,Mixed journals,other,2021-2025,Mixed journals|other|2021-2025,5.048077,525,104,0.1980952380952381,other,other
118954,2004,CEC,Core EC conferences,neuroevolution,<=2015,Core EC conferences|neuroevolution|<=2015,1.0,6,6,1.0,neuroevolution,neuroevolution
42747,2023,ESWA,Mixed journals,hybrid,2021-2025,Mixed journals|hybrid|2021-2025,4.979381,483,97,0.20082815734989648,hybrid,hybrid
28285,2011,ESWA,Mixed journals,other,<=2015,Mixed journals|other|<=2015,1.529412,26,17,0.6538461538461539,other,other
104478,2024,TEVC,Core EC journals,neuroevolution,2021-2025,Core EC journals|neuroevolution|2021-2025,2.333333,49,21,0.42857142857142855,neuroevolution,neuroevolution
83354,2021,INS,Mixed journals,dl_native,2021-2025,Mixed journals|dl_native|2021-2025,5.626219,5193,923,0.17773926439437704,dl_native,dl_native
48180,2025,ESWA,Mixed journals,dl_native,2021-2025,Mixed journals|dl_native|2021-2025,5.626219,5193,923,0.17773926439437704,dl_native,dl_native
48168,2025,ESWA,Mixed journals,dl_native,2021-2025,Mixed journals|dl_native|2021-2025,5.626219,5193,923,0.17773926439437704,dl_native,other
11073,2025,ASOC,Mixed journals,other,2021-2025,Mixed journals|other|2021-2025,5.048077,525,104,0.1980952380952381,other,other
20530,2015,CEC,Core EC conferences,other,<=2015,Core EC conferences|other|<=2015,1.0,4,4,1.0,other,other
36313,2021,ESWA,Mixed journals,dl_native,2021-2025,Mixed journals|dl_native|2021-2025,5.626219,5193,923,0.17773926439437704,dl_native,dl_native
49713,2025,ESWA,Mixed journals,hybrid,2021-2025,Mixed journals|hybrid|2021-2025,4.979381,483,97,0.20082815734989648,neuroevolution,hybrid
59179,2025,EVOINT,Core EC journals,dl_native,2021-2025,Core EC journals|dl_native|2021-2025,1.0,86,86,1.0,dl_native,dl_native
21776,2024,CEC,Core EC conferences,hybrid,2021-2025,Core EC conferences|hybrid|2021-2025,4.351852,235,54,0.2297872340425532,hybrid,hybrid
83522,2021,INS,Mixed journals,dl_native,2021-2025,Mixed journals|dl_native|2021-2025,5.626219,5193,923,0.17773926439437704,dl_native,dl_native
43575,2024,ESWA,Mixed journals,dl_native,2021-2025,Mixed journals|dl_native|2021-2025,5.626219,5193,923,0.17773926439437704,dl_native,dl_native
37858,2020,ESWA,Mixed journals,dl_native,2016-2020,Mixed journals|dl_native|2016-2020,5.087719,580,114,0.19655172413793104,dl_native,dl_native
21662,2024,CEC,Core EC conferences,dl_native,2021-2025,Core EC conferences|dl_native|2021-2025,1.0,72,72,1.0,dl_native,dl_native
103257,2024,TETCI,Mixed journals,hybrid,2021-2025,Mixed journals|hybrid|2021-2025,4.979381,483,97,0.20082815734989648,hybrid,hybrid
41828,2023,ESWA,Mixed journals,dl_native,2021-2025,Mixed journals|dl_native|2021-2025,5.626219,5193,923,0.17773926439437704,dl_native,dl_native
49956,2025,ESWA,Mixed journals,dl_native,2021-2025,Mixed journals|dl_native|2021-2025,5.626219,5193,923,0.17773926439437704,dl_native,dl_native
49916,2025,ESWA,Mixed journals,dl_native,2021-2025,Mixed journals|dl_native|2021-2025,5.626219,5193,923,0.17773926439437704,dl_native,other
44839,2024,ESWA,Mixed journals,dl_native,2021-2025,Mixed journals|dl_native|2021-2025,5.626219,5193,923,0.17773926439437704,dl_native,dl_native
9131,2021,ASOC,Mixed journals,dl_native,2021-2025,Mixed journals|dl_native|2021-2025,5.626219,5193,923,0.17773926439437704,dl_native,dl_native
104888,2021,TEVC,Core EC journals,other,2021-2025,Core EC journals|other|2021-2025,2.105263,40,19,0.475,neuroevolution,other
48176,2025,ESWA,Mixed journals,dl_native,2021-2025,Mixed journals|dl_native|2021-2025,5.626219,5193,923,0.17773926439437704,dl_native,other
47977,2025,ESWA,Mixed journals,dl_native,2021-2025,Mixed journals|dl_native|2021-2025,5.626219,5193,923,0.17773926439437704,dl_native,dl_native
101985,2019,SWEVC,Core EC journals,hybrid,2016-2020,Core EC journals|hybrid|2016-2020,1.0,8,8,1.0,neuroevolution,neuroevolution
4295,2020,ASOC,Mixed journals,dl_native,2016-2020,Mixed journals|dl_native|2016-2020,5.087719,580,114,0.19655172413793104,dl_native,dl_native
59322,2025,EVOINT,Core EC journals,dl_native,2021-2025,Core EC journals|dl_native|2021-2025,1.0,86,86,1.0,dl_native,dl_native
65931,2019,GECCO,Core EC conferences,dl_native,2016-2020,Core EC conferences|dl_native|2016-2020,1.0,42,42,1.0,hybrid,dl_native
36427,2021,ESWA,Mixed journals,dl_native,2021-2025,Mixed journals|dl_native|2021-2025,5.626219,5193,923,0.17773926439437704,dl_native,dl_native
71533,2018,ICSI,Core EC conferences,dl_native,2016-2020,Core EC conferences|dl_native|2016-2020,1.0,42,42,1.0,dl_native,dl_native
49991,2025,ESWA,Mixed journals,dl_native,2021-2025,Mixed journals|dl_native|2021-2025,5.626219,5193,923,0.17773926439437704,dl_native,dl_native
49088,2025,ESWA,Mixed journals,other,2021-2025,Mixed journals|other|2021-2025,5.048077,525,104,0.1980952380952381,other,dl_native
8032,2022,ASOC,Mixed journals,dl_native,2021-2025,Mixed journals|dl_native|2021-2025,5.626219,5193,923,0.17773926439437704,dl_native,dl_native
99503,2018,SSCI,SSCI (mixed conf.),dl_native,2016-2020,SSCI (mixed conf.)|dl_native|2016-2020,4.255319,200,47,0.235,dl_native,dl_native
59731,2022,EVOINT,Core EC journals,hybrid,2021-2025,Core EC journals|hybrid|2021-2025,3.185185,86,27,0.313953488372093,neuroevolution,hybrid
45298,2024,ESWA,Mixed journals,dl_native,2021-2025,Mixed journals|dl_native|2021-2025,5.626219,5193,923,0.17773926439437704,dl_native,dl_native
38603,2020,ESWA,Mixed journals,dl_native,2016-2020,Mixed journals|dl_native|2016-2020,5.087719,580,114,0.19655172413793104,dl_native,dl_native
46248,2024,ESWA,Mixed journals,dl_native,2021-2025,Mixed journals|dl_native|2021-2025,5.626219,5193,923,0.17773926439437704,dl_native,dl_native
97612,2023,SSCI,SSCI (mixed conf.),dl_native,2021-2025,SSCI (mixed conf.)|dl_native|2021-2025,4.0,160,40,0.25,dl_native,dl_native
86491,2023,INS,Mixed journals,dl_native,2021-2025,Mixed journals|dl_native|2021-2025,5.626219,5193,923,0.17773926439437704,dl_native,dl_native
8244,2022,ASOC,Mixed journals,dl_native,2021-2025,Mixed journals|dl_native|2021-2025,5.626219,5193,923,0.17773926439437704,dl_native,dl_native
57876,2021,EVOAPP,Core EC conferences,neuroevolution,2021-2025,Core EC conferences|neuroevolution|2021-2025,3.4375,110,32,0.2909090909090909,neuroevolution,neuroevolution
6958,2023,ASOC,Mixed journals,dl_native,2021-2025,Mixed journals|dl_native|2021-2025,5.626219,5193,923,0.17773926439437704,dl_native,dl_native
8701,2021,ASOC,Mixed journals,dl_native,2021-2025,Mixed journals|dl_native|2021-2025,5.626219,5193,923,0.17773926439437704,dl_native,dl_native
44124,2024,ESWA,Mixed journals,dl_native,2021-2025,Mixed journals|dl_native|2021-2025,5.626219,5193,923,0.17773926439437704,dl_native,dl_native
85234,2024,INS,Mixed journals,other,2021-2025,Mixed journals|other|2021-2025,5.048077,525,104,0.1980952380952381,dl_native,dl_native
79489,2020,INS,Mixed journals,dl_native,2016-2020,Mixed journals|dl_native|2016-2020,5.087719,580,114,0.19655172413793104,dl_native,dl_native
71159,2022,ICSI,Core EC conferences,hybrid,2021-2025,Core EC conferences|hybrid|2021-2025,4.351852,235,54,0.2297872340425532,hybrid,hybrid
10176,2025,ASOC,Mixed journals,dl_native,2021-2025,Mixed journals|dl_native|2021-2025,5.626219,5193,923,0.17773926439437704,dl_native,dl_native
42321,2023,ESWA,Mixed journals,dl_native,2021-2025,Mixed journals|dl_native|2021-2025,5.626219,5193,923,0.17773926439437704,dl_native,dl_native
44922,2024,ESWA,Mixed journals,dl_native,2021-2025,Mixed journals|dl_native|2021-2025,5.626219,5193,923,0.17773926439437704,dl_native,dl_native
45194,2024,ESWA,Mixed journals,dl_native,2021-2025,Mixed journals|dl_native|2021-2025,5.626219,5193,923,0.17773926439437704,dl_native,dl_native
47264,2025,ESWA,Mixed journals,dl_native,2021-2025,Mixed journals|dl_native|2021-2025,5.626219,5193,923,0.17773926439437704,dl_native,dl_native
7184,2023,ASOC,Mixed journals,hybrid,2021-2025,Mixed journals|hybrid|2021-2025,4.979381,483,97,0.20082815734989648,hybrid,hybrid
80575,2020,INS,Mixed journals,dl_native,2016-2020,Mixed journals|dl_native|2016-2020,5.087719,580,114,0.19655172413793104,dl_native,dl_native
98342,2021,SSCI,SSCI (mixed conf.),dl_native,2021-2025,SSCI (mixed conf.)|dl_native|2021-2025,4.0,160,40,0.25,dl_native,dl_native
65706,2019,GECCO,Core EC conferences,dl_native,2016-2020,Core EC conferences|dl_native|2016-2020,1.0,42,42,1.0,dl_native,dl_native
65398,2020,GECCO,Core EC conferences,hybrid,2016-2020,Core EC conferences|hybrid|2016-2020,2.47619,52,21,0.40384615384615385,hybrid,hybrid
44903,2024,ESWA,Mixed journals,dl_native,2021-2025,Mixed journals|dl_native|2021-2025,5.626219,5193,923,0.17773926439437704,dl_native,dl_native
102675,2025,TETCI,Mixed journals,dl_native,2021-2025,Mixed journals|dl_native|2021-2025,5.626219,5193,923,0.17773926439437704,dl_native,dl_native
97958,2022,SSCI,SSCI (mixed conf.),neuroevolution,2021-2025,SSCI (mixed conf.)|neuroevolution|2021-2025,1.0,8,8,1.0,neuroevolution,neuroevolution
40516,2022,ESWA,Mixed journals,dl_native,2021-2025,Mixed journals|dl_native|2021-2025,5.626219,5193,923,0.17773926439437704,dl_native,dl_native
11062,2025,ASOC,Mixed journals,dl_native,2021-2025,Mixed journals|dl_native|2021-2025,5.626219,5193,923,0.17773926439437704,dl_native,dl_native
97630,2023,SSCI,SSCI (mixed conf.),neuroevolution,2021-2025,SSCI (mixed conf.)|neuroevolution|2021-2025,1.0,8,8,1.0,neuroevolution,other
16647,2012,CEC,Core EC conferences,hybrid,<=2015,Core EC conferences|hybrid|<=2015,1.0,8,8,1.0,other,neuroevolution
46994,2025,ESWA,Mixed journals,dl_native,2021-2025,Mixed journals|dl_native|2021-2025,5.626219,5193,923,0.17773926439437704,dl_native,dl_native
49129,2025,ESWA,Mixed journals,dl_native,2021-2025,Mixed journals|dl_native|2021-2025,5.626219,5193,923,0.17773926439437704,dl_native,dl_native
98664,2020,SSCI,SSCI (mixed conf.),neuroevolution,2016-2020,SSCI (mixed conf.)|neuroevolution|2016-2020,1.0,15,15,1.0,neuroevolution,neuroevolution
23327,2018,CIM,Mixed journals,neuroevolution,2016-2020,Mixed journals|neuroevolution|2016-2020,1.0,10,10,1.0,hybrid,hybrid
45013,2024,ESWA,Mixed journals,dl_native,2021-2025,Mixed journals|dl_native|2021-2025,5.626219,5193,923,0.17773926439437704,dl_native,dl_native
69703,2022,GECCO,Core EC conferences,hybrid,2021-2025,Core EC conferences|hybrid|2021-2025,4.351852,235,54,0.2297872340425532,hybrid,hybrid
69896,2022,GECCO,Core EC conferences,other,2021-2025,Core EC conferences|other|2021-2025,2.521739,58,23,0.39655172413793105,other,other
76761,2016,INS,Mixed journals,dl_native,2016-2020,Mixed journals|dl_native|2016-2020,5.087719,580,114,0.19655172413793104,dl_native,dl_native
49626,2025,ESWA,Mixed journals,other,2021-2025,Mixed journals|other|2021-2025,5.048077,525,104,0.1980952380952381,other,other
38284,2020,ESWA,Mixed journals,other,2016-2020,Mixed journals|other|2016-2020,2.75,66,24,0.36363636363636365,dl_native,other
97993,2022,SSCI,SSCI (mixed conf.),dl_native,2021-2025,SSCI (mixed conf.)|dl_native|2021-2025,4.0,160,40,0.25,dl_native,dl_native
97946,2022,SSCI,SSCI (mixed conf.),other,2021-2025,SSCI (mixed conf.)|other|2021-2025,1.0,12,12,1.0,other,other
38244,2020,ESWA,Mixed journals,dl_native,2016-2020,Mixed journals|dl_native|2016-2020,5.087719,580,114,0.19655172413793104,dl_native,dl_native
99373,2018,SSCI,SSCI (mixed conf.),other,2016-2020,SSCI (mixed conf.)|other|2016-2020,1.1875,19,16,0.8421052631578947,dl_native,other
10747,2025,ASOC,Mixed journals,dl_native,2021-2025,Mixed journals|dl_native|2021-2025,5.626219,5193,923,0.17773926439437704,dl_native,dl_native
104494,2025,TEVC,Core EC journals,other,2021-2025,Core EC journals|other|2021-2025,2.105263,40,19,0.475,other,other
21453,2025,CEC,Core EC conferences,hybrid,2021-2025,Core EC conferences|hybrid|2021-2025,4.351852,235,54,0.2297872340425532,neuroevolution,hybrid
41893,2023,ESWA,Mixed journals,dl_native,2021-2025,Mixed journals|dl_native|2021-2025,5.626219,5193,923,0.17773926439437704,dl_native,dl_native
46776,2024,ESWA,Mixed journals,dl_native,2021-2025,Mixed journals|dl_native|2021-2025,5.626219,5193,923,0.17773926439437704,dl_native,other
65683,2019,GECCO,Core EC conferences,dl_native,2016-2020,Core EC conferences|dl_native|2016-2020,1.0,42,42,1.0,hybrid,dl_native
5730,2019,ASOC,Mixed journals,hybrid,2016-2020,Mixed journals|hybrid|2016-2020,2.0,38,19,0.5,other,hybrid
48642,2025,ESWA,Mixed journals,dl_native,2021-2025,Mixed journals|dl_native|2021-2025,5.626219,5193,923,0.17773926439437704,dl_native,dl_native
98965,2019,SSCI,SSCI (mixed conf.),other,2016-2020,SSCI (mixed conf.)|other|2016-2020,1.1875,19,16,0.8421052631578947,dl_native,other
111577,2020,SOFTCOMP,Mixed journals,dl_native,2016-2020,Mixed journals|dl_native|2016-2020,5.087719,580,114,0.19655172413793104,dl_native,dl_native
76442,2016,INS,Mixed journals,hybrid,2016-2020,Mixed journals|hybrid|2016-2020,2.0,38,19,0.5,dl_native,dl_native
50018,2025,ESWA,Mixed journals,dl_native,2021-2025,Mixed journals|dl_native|2021-2025,5.626219,5193,923,0.17773926439437704,dl_native,dl_native
46554,2024,ESWA,Mixed journals,hybrid,2021-2025,Mixed journals|hybrid|2021-2025,4.979381,483,97,0.20082815734989648,hybrid,hybrid
42756,2023,ESWA,Mixed journals,dl_native,2021-2025,Mixed journals|dl_native|2021-2025,5.626219,5193,923,0.17773926439437704,dl_native,dl_native
7198,2023,ASOC,Mixed journals,neuroevolution,2021-2025,Mixed journals|neuroevolution|2021-2025,3.419355,106,31,0.29245283018867924,neuroevolution,neuroevolution
103610,2022,TETCI,Mixed journals,dl_native,2021-2025,Mixed journals|dl_native|2021-2025,5.626219,5193,923,0.17773926439437704,dl_native,dl_native
8845,2023,ASOC,Mixed journals,dl_native,2021-2025,Mixed journals|dl_native|2021-2025,5.626219,5193,923,0.17773926439437704,dl_native,dl_native
100040,2017,SSCI,SSCI (mixed conf.),dl_native,2016-2020,SSCI (mixed conf.)|dl_native|2016-2020,4.255319,200,47,0.235,dl_native,dl_native
24336,2021,EMO,Core EC conferences,other,2021-2025,Core EC conferences|other|2021-2025,2.521739,58,23,0.39655172413793105,other,other
49725,2025,ESWA,Mixed journals,dl_native,2021-2025,Mixed journals|dl_native|2021-2025,5.626219,5193,923,0.17773926439437704,dl_native,dl_native
9767,2021,ASOC,Mixed journals,hybrid,2021-2025,Mixed journals|hybrid|2021-2025,4.979381,483,97,0.20082815734989648,neuroevolution,neuroevolution
65206,2020,GECCO,Core EC conferences,neuroevolution,2016-2020,Core EC conferences|neuroevolution|2016-2020,3.142857,88,28,0.3181818181818182,neuroevolution,neuroevolution
71390,2019,ICSI,Core EC conferences,dl_native,2016-2020,Core EC conferences|dl_native|2016-2020,1.0,42,42,1.0,dl_native,dl_native
41395,2023,ESWA,Mixed journals,other,2021-2025,Mixed journals|other|2021-2025,5.048077,525,104,0.1980952380952381,other,other
105098,2019,TEVC,Core EC journals,neuroevolution,2016-2020,Core EC journals|neuroevolution|2016-2020,1.0,8,8,1.0,neuroevolution,neuroevolution
98413,2020,SSCI,SSCI (mixed conf.),neuroevolution,2016-2020,SSCI (mixed conf.)|neuroevolution|2016-2020,1.0,15,15,1.0,neuroevolution,neuroevolution
48963,2025,ESWA,Mixed journals,dl_native,2021-2025,Mixed journals|dl_native|2021-2025,5.626219,5193,923,0.17773926439437704,dl_native,dl_native
69645,2022,GECCO,Core EC conferences,neuroevolution,2021-2025,Core EC conferences|neuroevolution|2021-2025,3.4375,110,32,0.2909090909090909,hybrid,hybrid
71547,2018,ICSI,Core EC conferences,dl_native,2016-2020,Core EC conferences|dl_native|2016-2020,1.0,42,42,1.0,dl_native,dl_native
45885,2024,ESWA,Mixed journals,dl_native,2021-2025,Mixed journals|dl_native|2021-2025,5.626219,5193,923,0.17773926439437704,dl_native,dl_native
85795,2023,INS,Mixed journals,dl_native,2021-2025,Mixed journals|dl_native|2021-2025,5.626219,5193,923,0.17773926439437704,dl_native,dl_native
49340,2025,ESWA,Mixed journals,dl_native,2021-2025,Mixed journals|dl_native|2021-2025,5.626219,5193,923,0.17773926439437704,dl_native,dl_native
101634,2022,SWEVC,Core EC journals,other,2021-2025,Core EC journals|other|2021-2025,2.105263,40,19,0.475,other,other
103937,2019,TETCI,Mixed journals,other,2016-2020,Mixed journals|other|2016-2020,2.75,66,24,0.36363636363636365,other,other
97786,2022,SSCI,SSCI (mixed conf.),neuroevolution,2021-2025,SSCI (mixed conf.)|neuroevolution|2021-2025,1.0,8,8,1.0,neuroevolution,neuroevolution
103466,2024,TETCI,Mixed journals,dl_native,2021-2025,Mixed journals|dl_native|2021-2025,5.626219,5193,923,0.17773926439437704,dl_native,dl_native
99669,2017,SSCI,SSCI (mixed conf.),dl_native,2016-2020,SSCI (mixed conf.)|dl_native|2016-2020,4.255319,200,47,0.235,dl_native,dl_native
8618,2021,ASOC,Mixed journals,dl_native,2021-2025,Mixed journals|dl_native|2021-2025,5.626219,5193,923,0.17773926439437704,dl_native,dl_native
34293,2018,ESWA,Mixed journals,other,2016-2020,Mixed journals|other|2016-2020,2.75,66,24,0.36363636363636365,other,other
42495,2023,ESWA,Mixed journals,dl_native,2021-2025,Mixed journals|dl_native|2021-2025,5.626219,5193,923,0.17773926439437704,dl_native,dl_native
45458,2024,ESWA,Mixed journals,dl_native,2021-2025,Mixed journals|dl_native|2021-2025,5.626219,5193,923,0.17773926439437704,dl_native,dl_native
47220,2025,ESWA,Mixed journals,dl_native,2021-2025,Mixed journals|dl_native|2021-2025,5.626219,5193,923,0.17773926439437704,dl_native,dl_native
29825,2010,ESWA,Mixed journals,dl_native,<=2015,Mixed journals|dl_native|<=2015,1.0,13,13,1.0,dl_native,dl_native
6739,2018,ASOC,Mixed journals,neuroevolution,2016-2020,Mixed journals|neuroevolution|2016-2020,1.0,10,10,1.0,neuroevolution,neuroevolution
42215,2023,ESWA,Mixed journals,dl_native,2021-2025,Mixed journals|dl_native|2021-2025,5.626219,5193,923,0.17773926439437704,dl_native,dl_native
73588,2013,INS,Mixed journals,other,<=2015,Mixed journals|other|<=2015,1.529412,26,17,0.6538461538461539,other,other
11212,2025,ASOC,Mixed journals,dl_native,2021-2025,Mixed journals|dl_native|2021-2025,5.626219,5193,923,0.17773926439437704,dl_native,dl_native
39579,2022,ESWA,Mixed journals,hybrid,2021-2025,Mixed journals|hybrid|2021-2025,4.979381,483,97,0.20082815734989648,hybrid,hybrid
70885,2025,ICSI,Core EC conferences,hybrid,2021-2025,Core EC conferences|hybrid|2021-2025,4.351852,235,54,0.2297872340425532,hybrid,hybrid
86554,2023,INS,Mixed journals,dl_native,2021-2025,Mixed journals|dl_native|2021-2025,5.626219,5193,923,0.17773926439437704,dl_native,other
12031,2024,ASOC,Mixed journals,dl_native,2021-2025,Mixed journals|dl_native|2021-2025,5.626219,5193,923,0.17773926439437704,dl_native,dl_native
84412,2024,INS,Mixed journals,dl_native,2021-2025,Mixed journals|dl_native|2021-2025,5.626219,5193,923,0.17773926439437704,dl_native,dl_native
72392,2024,IJBIC,Mixed journals,neuroevolution,2021-2025,Mixed journals|neuroevolution|2021-2025,3.419355,106,31,0.29245283018867924,neuroevolution,neuroevolution
49859,2025,ESWA,Mixed journals,dl_native,2021-2025,Mixed journals|dl_native|2021-2025,5.626219,5193,923,0.17773926439437704,dl_native,dl_native
41812,2023,ESWA,Mixed journals,dl_native,2021-2025,Mixed journals|dl_native|2021-2025,5.626219,5193,923,0.17773926439437704,dl_native,dl_native
21624,2024,CEC,Core EC conferences,hybrid,2021-2025,Core EC conferences|hybrid|2021-2025,4.351852,235,54,0.2297872340425532,hybrid,hybrid
99438,2018,SSCI,SSCI (mixed conf.),dl_native,2016-2020,SSCI (mixed conf.)|dl_native|2016-2020,4.255319,200,47,0.235,dl_native,dl_native
42699,2023,ESWA,Mixed journals,other,2021-2025,Mixed journals|other|2021-2025,5.048077,525,104,0.1980952380952381,other,dl_native
4705,2020,ASOC,Mixed journals,dl_native,2016-2020,Mixed journals|dl_native|2016-2020,5.087719,580,114,0.19655172413793104,dl_native,dl_native
46363,2024,ESWA,Mixed journals,dl_native,2021-2025,Mixed journals|dl_native|2021-2025,5.626219,5193,923,0.17773926439437704,dl_native,dl_native
43166,2024,ESWA,Mixed journals,dl_native,2021-2025,Mixed journals|dl_native|2021-2025,5.626219,5193,923,0.17773926439437704,dl_native,dl_native
8217,2022,ASOC,Mixed journals,neuroevolution,2021-2025,Mixed journals|neuroevolution|2021-2025,3.419355,106,31,0.29245283018867924,neuroevolution,neuroevolution
71038,2024,ICSI,Core EC conferences,dl_native,2021-2025,Core EC conferences|dl_native|2021-2025,1.0,72,72,1.0,dl_native,other
82978,2022,INS,Mixed journals,dl_native,2021-2025,Mixed journals|dl_native|2021-2025,5.626219,5193,923,0.17773926439437704,dl_native,dl_native
48676,2025,ESWA,Mixed journals,dl_native,2021-2025,Mixed journals|dl_native|2021-2025,5.626219,5193,923,0.17773926439437704,dl_native,dl_native
38476,2019,ESWA,Mixed journals,dl_native,2016-2020,Mixed journals|dl_native|2016-2020,5.087719,580,114,0.19655172413793104,dl_native,dl_native
103525,2023,TETCI,Mixed journals,other,2021-2025,Mixed journals|other|2021-2025,5.048077,525,104,0.1980952380952381,hybrid,other
36708,2021,ESWA,Mixed journals,dl_native,2021-2025,Mixed journals|dl_native|2021-2025,5.626219,5193,923,0.17773926439437704,dl_native,dl_native
21763,2024,CEC,Core EC conferences,dl_native,2021-2025,Core EC conferences|dl_native|2021-2025,1.0,72,72,1.0,dl_native,dl_native
68600,2024,GECCO,Core EC conferences,hybrid,2021-2025,Core EC conferences|hybrid|2021-2025,4.351852,235,54,0.2297872340425532,hybrid,other
104714,2023,TEVC,Core EC journals,hybrid,2021-2025,Core EC journals|hybrid|2021-2025,3.185185,86,27,0.313953488372093,neuroevolution,hybrid
98125,2021,SSCI,SSCI (mixed conf.),hybrid,2021-2025,SSCI (mixed conf.)|hybrid|2021-2025,1.0,9,9,1.0,neuroevolution,hybrid
66231,2018,GECCO,Core EC conferences,neuroevolution,2016-2020,Core EC conferences|neuroevolution|2016-2020,3.142857,88,28,0.3181818181818182,neuroevolution,neuroevolution
97939,2022,SSCI,SSCI (mixed conf.),dl_native,2021-2025,SSCI (mixed conf.)|dl_native|2021-2025,4.0,160,40,0.25,dl_native,dl_native
103313,2024,TETCI,Mixed journals,dl_native,2021-2025,Mixed journals|dl_native|2021-2025,5.626219,5193,923,0.17773926439437704,dl_native,dl_native
97755,2023,SSCI,SSCI (mixed conf.),dl_native,2021-2025,SSCI (mixed conf.)|dl_native|2021-2025,4.0,160,40,0.25,dl_native,dl_native
19732,2016,CEC,Core EC conferences,dl_native,2016-2020,Core EC conferences|dl_native|2016-2020,1.0,42,42,1.0,dl_native,dl_native
84075,2021,INS,Mixed journals,dl_native,2021-2025,Mixed journals|dl_native|2021-2025,5.626219,5193,923,0.17773926439437704,dl_native,dl_native
97551,2023,SSCI,SSCI (mixed conf.),dl_native,2021-2025,SSCI (mixed conf.)|dl_native|2021-2025,4.0,160,40,0.25,dl_native,dl_native
10183,2025,ASOC,Mixed journals,dl_native,2021-2025,Mixed journals|dl_native|2021-2025,5.626219,5193,923,0.17773926439437704,dl_native,dl_native
59333,2025,EVOINT,Core EC journals,neuroevolution,2021-2025,Core EC journals|neuroevolution|2021-2025,2.333333,49,21,0.42857142857142855,neuroevolution,hybrid
69445,2022,GECCO,Core EC conferences,neuroevolution,2021-2025,Core EC conferences|neuroevolution|2021-2025,3.4375,110,32,0.2909090909090909,neuroevolution,hybrid
45984,2024,ESWA,Mixed journals,dl_native,2021-2025,Mixed journals|dl_native|2021-2025,5.626219,5193,923,0.17773926439437704,dl_native,dl_native
41325,2023,ESWA,Mixed journals,dl_native,2021-2025,Mixed journals|dl_native|2021-2025,5.626219,5193,923,0.17773926439437704,dl_native,dl_native
48902,2025,ESWA,Mixed journals,other,2021-2025,Mixed journals|other|2021-2025,5.048077,525,104,0.1980952380952381,other,other
8484,2021,ASOC,Mixed journals,dl_native,2021-2025,Mixed journals|dl_native|2021-2025,5.626219,5193,923,0.17773926439437704,dl_native,dl_native
7635,2023,ASOC,Mixed journals,hybrid,2021-2025,Mixed journals|hybrid|2021-2025,4.979381,483,97,0.20082815734989648,hybrid,hybrid
97661,2023,SSCI,SSCI (mixed conf.),dl_native,2021-2025,SSCI (mixed conf.)|dl_native|2021-2025,4.0,160,40,0.25,dl_native,dl_native
36205,2021,ESWA,Mixed journals,dl_native,2021-2025,Mixed journals|dl_native|2021-2025,5.626219,5193,923,0.17773926439437704,dl_native,other
59595,2023,EVOINT,Core EC journals,dl_native,2021-2025,Core EC journals|dl_native|2021-2025,1.0,86,86,1.0,dl_native,dl_native
4955,2020,ASOC,Mixed journals,other,2016-2020,Mixed journals|other|2016-2020,2.75,66,24,0.36363636363636365,other,other
62791,2014,GECCO,Core EC conferences,neuroevolution,<=2015,Core EC conferences|neuroevolution|<=2015,1.0,6,6,1.0,neuroevolution,neuroevolution
9688,2021,ASOC,Mixed journals,hybrid,2021-2025,Mixed journals|hybrid|2021-2025,4.979381,483,97,0.20082815734989648,hybrid,hybrid
88457,2025,INS,Mixed journals,dl_native,2021-2025,Mixed journals|dl_native|2021-2025,5.626219,5193,923,0.17773926439437704,dl_native,dl_native
44050,2024,ESWA,Mixed journals,dl_native,2021-2025,Mixed journals|dl_native|2021-2025,5.626219,5193,923,0.17773926439437704,dl_native,dl_native
69717,2022,GECCO,Core EC conferences,hybrid,2021-2025,Core EC conferences|hybrid|2021-2025,4.351852,235,54,0.2297872340425532,hybrid,hybrid
100996,2025,SWEVC,Core EC journals,other,2021-2025,Core EC journals|other|2021-2025,2.105263,40,19,0.475,other,other
84339,2024,INS,Mixed journals,dl_native,2021-2025,Mixed journals|dl_native|2021-2025,5.626219,5193,923,0.17773926439437704,dl_native,dl_native
100073,2017,SSCI,SSCI (mixed conf.),other,2016-2020,SSCI (mixed conf.)|other|2016-2020,1.1875,19,16,0.8421052631578947,other,other
98520,2020,SSCI,SSCI (mixed conf.),dl_native,2016-2020,SSCI (mixed conf.)|dl_native|2016-2020,4.255319,200,47,0.235,dl_native,dl_native
4411,2020,ASOC,Mixed journals,dl_native,2016-2020,Mixed journals|dl_native|2016-2020,5.087719,580,114,0.19655172413793104,dl_native,dl_native
10526,2025,ASOC,Mixed journals,other,2021-2025,Mixed journals|other|2021-2025,5.048077,525,104,0.1980952380952381,dl_native,other
48718,2025,ESWA,Mixed journals,dl_native,2021-2025,Mixed journals|dl_native|2021-2025,5.626219,5193,923,0.17773926439437704,dl_native,dl_native
80758,2019,INS,Mixed journals,dl_native,2016-2020,Mixed journals|dl_native|2016-2020,5.087719,580,114,0.19655172413793104,dl_native,dl_native
41048,2023,ESWA,Mixed journals,other,2021-2025,Mixed journals|other|2021-2025,5.048077,525,104,0.1980952380952381,dl_native,other
49975,2025,ESWA,Mixed journals,dl_native,2021-2025,Mixed journals|dl_native|2021-2025,5.626219,5193,923,0.17773926439437704,dl_native,dl_native
71094,2022,ICSI,Core EC conferences,hybrid,2021-2025,Core EC conferences|hybrid|2021-2025,4.351852,235,54,0.2297872340425532,neuroevolution,hybrid
6088,2018,ASOC,Mixed journals,other,2016-2020,Mixed journals|other|2016-2020,2.75,66,24,0.36363636363636365,other,other
95288,2014,SSCI,SSCI (mixed conf.),dl_native,<=2015,SSCI (mixed conf.)|dl_native|<=2015,1.0,6,6,1.0,dl_native,dl_native
105074,2019,TEVC,Core EC journals,hybrid,2016-2020,Core EC journals|hybrid|2016-2020,1.0,8,8,1.0,hybrid,hybrid
46028,2024,ESWA,Mixed journals,dl_native,2021-2025,Mixed journals|dl_native|2021-2025,5.626219,5193,923,0.17773926439437704,dl_native,dl_native
100075,2017,SSCI,SSCI (mixed conf.),dl_native,2016-2020,SSCI (mixed conf.)|dl_native|2016-2020,4.255319,200,47,0.235,dl_native,dl_native
46731,2024,ESWA,Mixed journals,dl_native,2021-2025,Mixed journals|dl_native|2021-2025,5.626219,5193,923,0.17773926439437704,dl_native,dl_native
40165,2022,ESWA,Mixed journals,dl_native,2021-2025,Mixed journals|dl_native|2021-2025,5.626219,5193,923,0.17773926439437704,dl_native,dl_native
59877,2022,EVOINT,Core EC journals,other,2021-2025,Core EC journals|other|2021-2025,2.105263,40,19,0.475,other,other
42248,2023,ESWA,Mixed journals,dl_native,2021-2025,Mixed journals|dl_native|2021-2025,5.626219,5193,923,0.17773926439437704,dl_native,dl_native
68689,2024,GECCO,Core EC conferences,hybrid,2021-2025,Core EC conferences|hybrid|2021-2025,4.351852,235,54,0.2297872340425532,other,hybrid
41387,2023,ESWA,Mixed journals,dl_native,2021-2025,Mixed journals|dl_native|2021-2025,5.626219,5193,923,0.17773926439437704,dl_native,dl_native
10940,2025,ASOC,Mixed journals,dl_native,2021-2025,Mixed journals|dl_native|2021-2025,5.626219,5193,923,0.17773926439437704,dl_native,other
45946,2024,ESWA,Mixed journals,dl_native,2021-2025,Mixed journals|dl_native|2021-2025,5.626219,5193,923,0.17773926439437704,dl_native,dl_native
67884,2025,GECCO,Core EC conferences,hybrid,2021-2025,Core EC conferences|hybrid|2021-2025,4.351852,235,54,0.2297872340425532,hybrid,hybrid
82171,2022,INS,Mixed journals,dl_native,2021-2025,Mixed journals|dl_native|2021-2025,5.626219,5193,923,0.17773926439437704,dl_native,dl_native
4943,2020,ASOC,Mixed journals,hybrid,2016-2020,Mixed journals|hybrid|2016-2020,2.0,38,19,0.5,hybrid,hybrid
7559,2023,ASOC,Mixed journals,dl_native,2021-2025,Mixed journals|dl_native|2021-2025,5.626219,5193,923,0.17773926439437704,dl_native,dl_native
67714,2015,GECCO,Core EC conferences,hybrid,<=2015,Core EC conferences|hybrid|<=2015,1.0,8,8,1.0,hybrid,hybrid
47654,2025,ESWA,Mixed journals,hybrid,2021-2025,Mixed journals|hybrid|2021-2025,4.979381,483,97,0.20082815734989648,hybrid,hybrid
88124,2025,INS,Mixed journals,dl_native,2021-2025,Mixed journals|dl_native|2021-2025,5.626219,5193,923,0.17773926439437704,dl_native,dl_native
65784,2019,GECCO,Core EC conferences,other,2016-2020,Core EC conferences|other|2016-2020,1.4375,23,16,0.6956521739130435,other,other
68678,2024,GECCO,Core EC conferences,other,2021-2025,Core EC conferences|other|2021-2025,2.521739,58,23,0.39655172413793105,other,neuroevolution
27903,2011,ESWA,Mixed journals,other,<=2015,Mixed journals|other|<=2015,1.529412,26,17,0.6538461538461539,other,other
105016,2020,TEVC,Core EC journals,hybrid,2016-2020,Core EC journals|hybrid|2016-2020,1.0,8,8,1.0,hybrid,hybrid
71844,2016,ICSI,Core EC conferences,hybrid,2016-2020,Core EC conferences|hybrid|2016-2020,2.47619,52,21,0.40384615384615385,hybrid,hybrid
85534,2024,INS,Mixed journals,dl_native,2021-2025,Mixed journals|dl_native|2021-2025,5.626219,5193,923,0.17773926439437704,dl_native,dl_native
19116,2018,CEC,Core EC conferences,neuroevolution,2016-2020,Core EC conferences|neuroevolution|2016-2020,3.142857,88,28,0.3181818181818182,neuroevolution,neuroevolution
10462,2024,ASOC,Mixed journals,dl_native,2021-2025,Mixed journals|dl_native|2021-2025,5.626219,5193,923,0.17773926439437704,dl_native,dl_native
8139,2023,ASOC,Mixed journals,dl_native,2021-2025,Mixed journals|dl_native|2021-2025,5.626219,5193,923,0.17773926439437704,dl_native,dl_native
22074,2022,CEC,Core EC conferences,neuroevolution,2021-2025,Core EC conferences|neuroevolution|2021-2025,3.4375,110,32,0.2909090909090909,neuroevolution,neuroevolution
48552,2025,ESWA,Mixed journals,dl_native,2021-2025,Mixed journals|dl_native|2021-2025,5.626219,5193,923,0.17773926439437704,dl_native,dl_native
7280,2023,ASOC,Mixed journals,other,2021-2025,Mixed journals|other|2021-2025,5.048077,525,104,0.1980952380952381,dl_native,other
98008,2021,SSCI,SSCI (mixed conf.),dl_native,2021-2025,SSCI (mixed conf.)|dl_native|2021-2025,4.0,160,40,0.25,dl_native,dl_native
4398,2020,ASOC,Mixed journals,other,2016-2020,Mixed journals|other|2016-2020,2.75,66,24,0.36363636363636365,other,other
99253,2019,SSCI,SSCI (mixed conf.),dl_native,2016-2020,SSCI (mixed conf.)|dl_native|2016-2020,4.255319,200,47,0.235,dl_native,dl_native
42266,2023,ESWA,Mixed journals,dl_native,2021-2025,Mixed journals|dl_native|2021-2025,5.626219,5193,923,0.17773926439437704,dl_native,dl_native
7502,2023,ASOC,Mixed journals,neuroevolution,2021-2025,Mixed journals|neuroevolution|2021-2025,3.419355,106,31,0.29245283018867924,neuroevolution,hybrid
40139,2022,ESWA,Mixed journals,dl_native,2021-2025,Mixed journals|dl_native|2021-2025,5.626219,5193,923,0.17773926439437704,dl_native,dl_native
91081,2023,MEMETIC,Core EC journals,dl_native,2021-2025,Core EC journals|dl_native|2021-2025,1.0,86,86,1.0,dl_native,dl_native
36405,2021,ESWA,Mixed journals,other,2021-2025,Mixed journals|other|2021-2025,5.048077,525,104,0.1980952380952381,other,other
9132,2021,ASOC,Mixed journals,dl_native,2021-2025,Mixed journals|dl_native|2021-2025,5.626219,5193,923,0.17773926439437704,dl_native,dl_native
48990,2025,ESWA,Mixed journals,hybrid,2021-2025,Mixed journals|hybrid|2021-2025,4.979381,483,97,0.20082815734989648,hybrid,hybrid
56984,2018,EUROGP,Core EC conferences,neuroevolution,2016-2020,Core EC conferences|neuroevolution|2016-2020,3.142857,88,28,0.3181818181818182,other,neuroevolution
47678,2025,ESWA,Mixed journals,dl_native,2021-2025,Mixed journals|dl_native|2021-2025,5.626219,5193,923,0.17773926439437704,dl_native,dl_native
18722,2019,CEC,Core EC conferences,dl_native,2016-2020,Core EC conferences|dl_native|2016-2020,1.0,42,42,1.0,dl_native,dl_native
92488,2022,PPSN,Core EC conferences,dl_native,2021-2025,Core EC conferences|dl_native|2021-2025,1.0,72,72,1.0,dl_native,hybrid
49584,2025,ESWA,Mixed journals,dl_native,2021-2025,Mixed journals|dl_native|2021-2025,5.626219,5193,923,0.17773926439437704,dl_native,dl_native
97831,2022,SSCI,SSCI (mixed conf.),dl_native,2021-2025,SSCI (mixed conf.)|dl_native|2021-2025,4.0,160,40,0.25,dl_native,dl_native
45258,2024,ESWA,Mixed journals,dl_native,2021-2025,Mixed journals|dl_native|2021-2025,5.626219,5193,923,0.17773926439437704,dl_native,dl_native
25850,2009,ESWA,Mixed journals,hybrid,<=2015,Mixed journals|hybrid|<=2015,1.0,2,2,1.0,hybrid,other
7523,2023,ASOC,Mixed journals,hybrid,2021-2025,Mixed journals|hybrid|2021-2025,4.979381,483,97,0.20082815734989648,dl_native,hybrid
98310,2021,SSCI,SSCI (mixed conf.),dl_native,2021-2025,SSCI (mixed conf.)|dl_native|2021-2025,4.0,160,40,0.25,dl_native,dl_native
48672,2025,ESWA,Mixed journals,dl_native,2021-2025,Mixed journals|dl_native|2021-2025,5.626219,5193,923,0.17773926439437704,dl_native,dl_native
43315,2024,ESWA,Mixed journals,dl_native,2021-2025,Mixed journals|dl_native|2021-2025,5.626219,5193,923,0.17773926439437704,dl_native,dl_native
103860,2020,TETCI,Mixed journals,hybrid,2016-2020,Mixed journals|hybrid|2016-2020,2.0,38,19,0.5,neuroevolution,hybrid
40663,2022,ESWA,Mixed journals,dl_native,2021-2025,Mixed journals|dl_native|2021-2025,5.626219,5193,923,0.17773926439437704,dl_native,dl_native
9580,2021,ASOC,Mixed journals,other,2021-2025,Mixed journals|other|2021-2025,5.048077,525,104,0.1980952380952381,dl_native,other
104885,2021,TEVC,Core EC journals,neuroevolution,2021-2025,Core EC journals|neuroevolution|2021-2025,2.333333,49,21,0.42857142857142855,neuroevolution,hybrid
486,2011,ASOC,Mixed journals,dl_native,<=2015,Mixed journals|dl_native|<=2015,1.0,13,13,1.0,dl_native,other
40717,2022,ESWA,Mixed journals,dl_native,2021-2025,Mixed journals|dl_native|2021-2025,5.626219,5193,923,0.17773926439437704,dl_native,dl_native
45983,2024,ESWA,Mixed journals,other,2021-2025,Mixed journals|other|2021-2025,5.048077,525,104,0.1980952380952381,other,other
48460,2025,ESWA,Mixed journals,dl_native,2021-2025,Mixed journals|dl_native|2021-2025,5.626219,5193,923,0.17773926439437704,dl_native,dl_native
98768,2020,SSCI,SSCI (mixed conf.),dl_native,2016-2020,SSCI (mixed conf.)|dl_native|2016-2020,4.255319,200,47,0.235,dl_native,dl_native
12041,2024,ASOC,Mixed journals,hybrid,2021-2025,Mixed journals|hybrid|2021-2025,4.979381,483,97,0.20082815734989648,hybrid,hybrid
4592,2020,ASOC,Mixed journals,other,2016-2020,Mixed journals|other|2016-2020,2.75,66,24,0.36363636363636365,dl_native,dl_native
36679,2021,ESWA,Mixed journals,dl_native,2021-2025,Mixed journals|dl_native|2021-2025,5.626219,5193,923,0.17773926439437704,other,dl_native
12253,2024,ASOC,Mixed journals,dl_native,2021-2025,Mixed journals|dl_native|2021-2025,5.626219,5193,923,0.17773926439437704,dl_native,dl_native
29553,2010,ESWA,Mixed journals,other,<=2015,Mixed journals|other|<=2015,1.529412,26,17,0.6538461538461539,other,other
9156,2021,ASOC,Mixed journals,dl_native,2021-2025,Mixed journals|dl_native|2021-2025,5.626219,5193,923,0.17773926439437704,dl_native,dl_native
85137,2024,INS,Mixed journals,other,2021-2025,Mixed journals|other|2021-2025,5.048077,525,104,0.1980952380952381,other,other
34611,2016,ESWA,Mixed journals,other,2016-2020,Mixed journals|other|2016-2020,2.75,66,24,0.36363636363636365,other,other
59270,2025,EVOINT,Core EC journals,dl_native,2021-2025,Core EC journals|dl_native|2021-2025,1.0,86,86,1.0,dl_native,dl_native
46411,2024,ESWA,Mixed journals,dl_native,2021-2025,Mixed journals|dl_native|2021-2025,5.626219,5193,923,0.17773926439437704,dl_native,dl_native
8394,2022,ASOC,Mixed journals,dl_native,2021-2025,Mixed journals|dl_native|2021-2025,5.626219,5193,923,0.17773926439437704,dl_native,dl_native
10988,2025,ASOC,Mixed journals,dl_native,2021-2025,Mixed journals|dl_native|2021-2025,5.626219,5193,923,0.17773926439437704,dl_native,dl_native
49751,2025,ESWA,Mixed journals,dl_native,2021-2025,Mixed journals|dl_native|2021-2025,5.626219,5193,923,0.17773926439437704,dl_native,dl_native
42038,2023,ESWA,Mixed journals,dl_native,2021-2025,Mixed journals|dl_native|2021-2025,5.626219,5193,923,0.17773926439437704,dl_native,dl_native
9874,2025,ASOC,Mixed journals,dl_native,2021-2025,Mixed journals|dl_native|2021-2025,5.626219,5193,923,0.17773926439437704,dl_native,dl_native
39363,2022,ESWA,Mixed journals,dl_native,2021-2025,Mixed journals|dl_native|2021-2025,5.626219,5193,923,0.17773926439437704,dl_native,dl_native
45931,2024,ESWA,Mixed journals,dl_native,2021-2025,Mixed journals|dl_native|2021-2025,5.626219,5193,923,0.17773926439437704,dl_native,dl_native
84702,2024,INS,Mixed journals,dl_native,2021-2025,Mixed journals|dl_native|2021-2025,5.626219,5193,923,0.17773926439437704,dl_native,dl_native
44563,2024,ESWA,Mixed journals,dl_native,2021-2025,Mixed journals|dl_native|2021-2025,5.626219,5193,923,0.17773926439437704,dl_native,dl_native
8376,2022,ASOC,Mixed journals,dl_native,2021-2025,Mixed journals|dl_native|2021-2025,5.626219,5193,923,0.17773926439437704,dl_native,dl_native
39812,2022,ESWA,Mixed journals,dl_native,2021-2025,Mixed journals|dl_native|2021-2025,5.626219,5193,923,0.17773926439437704,dl_native,dl_native
8321,2022,ASOC,Mixed journals,dl_native,2021-2025,Mixed journals|dl_native|2021-2025,5.626219,5193,923,0.17773926439437704,dl_native,dl_native
98524,2020,SSCI,SSCI (mixed conf.),neuroevolution,2016-2020,SSCI (mixed conf.)|neuroevolution|2016-2020,1.0,15,15,1.0,neuroevolution,hybrid
7149,2023,ASOC,Mixed journals,dl_native,2021-2025,Mixed journals|dl_native|2021-2025,5.626219,5193,923,0.17773926439437704,dl_native,dl_native
12398,2024,ASOC,Mixed journals,dl_native,2021-2025,Mixed journals|dl_native|2021-2025,5.626219,5193,923,0.17773926439437704,dl_native,dl_native
85851,2024,INS,Mixed journals,dl_native,2021-2025,Mixed journals|dl_native|2021-2025,5.626219,5193,923,0.17773926439437704,dl_native,dl_native
35567,2015,ESWA,Mixed journals,dl_native,<=2015,Mixed journals|dl_native|<=2015,1.0,13,13,1.0,dl_native,dl_native
72397,2024,IJBIC,Mixed journals,neuroevolution,2021-2025,Mixed journals|neuroevolution|2021-2025,3.419355,106,31,0.29245283018867924,neuroevolution,neuroevolution
42086,2023,ESWA,Mixed journals,dl_native,2021-2025,Mixed journals|dl_native|2021-2025,5.626219,5193,923,0.17773926439437704,dl_native,dl_native
95128,2015,SSCI,SSCI (mixed conf.),dl_native,<=2015,SSCI (mixed conf.)|dl_native|<=2015,1.0,6,6,1.0,dl_native,dl_native
98327,2021,SSCI,SSCI (mixed conf.),dl_native,2021-2025,SSCI (mixed conf.)|dl_native|2021-2025,4.0,160,40,0.25,dl_native,dl_native
42146,2023,ESWA,Mixed journals,hybrid,2021-2025,Mixed journals|hybrid|2021-2025,4.979381,483,97,0.20082815734989648,hybrid,hybrid
99645,2017,SSCI,SSCI (mixed conf.),dl_native,2016-2020,SSCI (mixed conf.)|dl_native|2016-2020,4.255319,200,47,0.235,dl_native,dl_native
11060,2025,ASOC,Mixed journals,dl_native,2021-2025,Mixed journals|dl_native|2021-2025,5.626219,5193,923,0.17773926439437704,dl_native,dl_native
36573,2021,ESWA,Mixed journals,dl_native,2021-2025,Mixed journals|dl_native|2021-2025,5.626219,5193,923,0.17773926439437704,dl_native,dl_native
46395,2024,ESWA,Mixed journals,dl_native,2021-2025,Mixed journals|dl_native|2021-2025,5.626219,5193,923,0.17773926439437704,dl_native,dl_native
99561,2018,SSCI,SSCI (mixed conf.),dl_native,2016-2020,SSCI (mixed conf.)|dl_native|2016-2020,4.255319,200,47,0.235,dl_native,dl_native
6149,2019,ASOC,Mixed journals,dl_native,2016-2020,Mixed journals|dl_native|2016-2020,5.087719,580,114,0.19655172413793104,dl_native,dl_native
48793,2025,ESWA,Mixed journals,dl_native,2021-2025,Mixed journals|dl_native|2021-2025,5.626219,5193,923,0.17773926439437704,dl_native,dl_native
38005,2020,ESWA,Mixed journals,dl_native,2016-2020,Mixed journals|dl_native|2016-2020,5.087719,580,114,0.19655172413793104,dl_native,dl_native
46337,2024,ESWA,Mixed journals,dl_native,2021-2025,Mixed journals|dl_native|2021-2025,5.626219,5193,923,0.17773926439437704,dl_native,dl_native
7874,2021,ASOC,Mixed journals,dl_native,2021-2025,Mixed journals|dl_native|2021-2025,5.626219,5193,923,0.17773926439437704,dl_native,dl_native
88102,2025,INS,Mixed journals,other,2021-2025,Mixed journals|other|2021-2025,5.048077,525,104,0.1980952380952381,dl_native,other
48968,2025,ESWA,Mixed journals,dl_native,2021-2025,Mixed journals|dl_native|2021-2025,5.626219,5193,923,0.17773926439437704,dl_native,dl_native
37309,2020,ESWA,Mixed journals,dl_native,2016-2020,Mixed journals|dl_native|2016-2020,5.087719,580,114,0.19655172413793104,dl_native,dl_native
43425,2024,ESWA,Mixed journals,dl_native,2021-2025,Mixed journals|dl_native|2021-2025,5.626219,5193,923,0.17773926439437704,dl_native,dl_native
103916,2018,TETCI,Mixed journals,dl_native,2016-2020,Mixed journals|dl_native|2016-2020,5.087719,580,114,0.19655172413793104,dl_native,dl_native
11209,2024,ASOC,Mixed journals,dl_native,2021-2025,Mixed journals|dl_native|2021-2025,5.626219,5193,923,0.17773926439437704,dl_native,dl_native
39481,2022,ESWA,Mixed journals,neuroevolution,2021-2025,Mixed journals|neuroevolution|2021-2025,3.419355,106,31,0.29245283018867924,dl_native,dl_native
43568,2024,ESWA,Mixed journals,dl_native,2021-2025,Mixed journals|dl_native|2021-2025,5.626219,5193,923,0.17773926439437704,dl_native,dl_native
99782,2017,SSCI,SSCI (mixed conf.),dl_native,2016-2020,SSCI (mixed conf.)|dl_native|2016-2020,4.255319,200,47,0.235,dl_native,dl_native
88751,2025,INS,Mixed journals,dl_native,2021-2025,Mixed journals|dl_native|2021-2025,5.626219,5193,923,0.17773926439437704,dl_native,dl_native
5167,2020,ASOC,Mixed journals,dl_native,2016-2020,Mixed journals|dl_native|2016-2020,5.087719,580,114,0.19655172413793104,dl_native,dl_native
44938,2024,ESWA,Mixed journals,other,2021-2025,Mixed journals|other|2021-2025,5.048077,525,104,0.1980952380952381,dl_native,other
70930,2025,ICSI,Core EC conferences,dl_native,2021-2025,Core EC conferences|dl_native|2021-2025,1.0,72,72,1.0,dl_native,dl_native
49265,2025,ESWA,Mixed journals,dl_native,2021-2025,Mixed journals|dl_native|2021-2025,5.626219,5193,923,0.17773926439437704,dl_native,dl_native
38088,2020,ESWA,Mixed journals,dl_native,2016-2020,Mixed journals|dl_native|2016-2020,5.087719,580,114,0.19655172413793104,dl_native,dl_native
81753,2022,INS,Mixed journals,dl_native,2021-2025,Mixed journals|dl_native|2021-2025,5.626219,5193,923,0.17773926439437704,dl_native,dl_native
46577,2024,ESWA,Mixed journals,dl_native,2021-2025,Mixed journals|dl_native|2021-2025,5.626219,5193,923,0.17773926439437704,dl_native,dl_native
85683,2023,INS,Mixed journals,dl_native,2021-2025,Mixed journals|dl_native|2021-2025,5.626219,5193,923,0.17773926439437704,dl_native,dl_native
11468,2024,ASOC,Mixed journals,hybrid,2021-2025,Mixed journals|hybrid|2021-2025,4.979381,483,97,0.20082815734989648,dl_native,hybrid
72724,2017,IJBIC,Mixed journals,other,2016-2020,Mixed journals|other|2016-2020,2.75,66,24,0.36363636363636365,other,other
8215,2022,ASOC,Mixed journals,dl_native,2021-2025,Mixed journals|dl_native|2021-2025,5.626219,5193,923,0.17773926439437704,dl_native,dl_native
49722,2025,ESWA,Mixed journals,dl_native,2021-2025,Mixed journals|dl_native|2021-2025,5.626219,5193,923,0.17773926439437704,dl_native,dl_native
103264,2024,TETCI,Mixed journals,hybrid,2021-2025,Mixed journals|hybrid|2021-2025,4.979381,483,97,0.20082815734989648,hybrid,hybrid
37624,2021,ESWA,Mixed journals,dl_native,2021-2025,Mixed journals|dl_native|2021-2025,5.626219,5193,923,0.17773926439437704,dl_native,dl_native
18718,2019,CEC,Core EC conferences,neuroevolution,2016-2020,Core EC conferences|neuroevolution|2016-2020,3.142857,88,28,0.3181818181818182,neuroevolution,neuroevolution
104162,2025,TEVC,Core EC journals,dl_native,2021-2025,Core EC journals|dl_native|2021-2025,1.0,86,86,1.0,hybrid,dl_native
102954,2024,TETCI,Mixed journals,dl_native,2021-2025,Mixed journals|dl_native|2021-2025,5.626219,5193,923,0.17773926439437704,dl_native,dl_native
103158,2024,TETCI,Mixed journals,dl_native,2021-2025,Mixed journals|dl_native|2021-2025,5.626219,5193,923,0.17773926439437704,dl_native,dl_native
101791,2020,SWEVC,Core EC journals,hybrid,2016-2020,Core EC journals|hybrid|2016-2020,1.0,8,8,1.0,neuroevolution,hybrid
39237,2022,ESWA,Mixed journals,dl_native,2021-2025,Mixed journals|dl_native|2021-2025,5.626219,5193,923,0.17773926439437704,dl_native,dl_native
99225,2019,SSCI,SSCI (mixed conf.),dl_native,2016-2020,SSCI (mixed conf.)|dl_native|2016-2020,4.255319,200,47,0.235,dl_native,dl_native
46713,2024,ESWA,Mixed journals,dl_native,2021-2025,Mixed journals|dl_native|2021-2025,5.626219,5193,923,0.17773926439437704,dl_native,dl_native
11887,2024,ASOC,Mixed journals,dl_native,2021-2025,Mixed journals|dl_native|2021-2025,5.626219,5193,923,0.17773926439437704,dl_native,dl_native
7788,2023,ASOC,Mixed journals,other,2021-2025,Mixed journals|other|2021-2025,5.048077,525,104,0.1980952380952381,other,other
11180,2025,ASOC,Mixed journals,dl_native,2021-2025,Mixed journals|dl_native|2021-2025,5.626219,5193,923,0.17773926439437704,dl_native,dl_native
98021,2021,SSCI,SSCI (mixed conf.),dl_native,2021-2025,SSCI (mixed conf.)|dl_native|2021-2025,4.0,160,40,0.25,dl_native,dl_native
103722,2022,TETCI,Mixed journals,dl_native,2021-2025,Mixed journals|dl_native|2021-2025,5.626219,5193,923,0.17773926439437704,dl_native,dl_native
42285,2023,ESWA,Mixed journals,other,2021-2025,Mixed journals|other|2021-2025,5.048077,525,104,0.1980952380952381,dl_native,other
43734,2024,ESWA,Mixed journals,dl_native,2021-2025,Mixed journals|dl_native|2021-2025,5.626219,5193,923,0.17773926439437704,dl_native,dl_native
10369,2025,ASOC,Mixed journals,hybrid,2021-2025,Mixed journals|hybrid|2021-2025,4.979381,483,97,0.20082815734989648,hybrid,hybrid
115875,2025,SOFTCOMP,Mixed journals,dl_native,2021-2025,Mixed journals|dl_native|2021-2025,5.626219,5193,923,0.17773926439437704,dl_native,dl_native
84381,2024,INS,Mixed journals,dl_native,2021-2025,Mixed journals|dl_native|2021-2025,5.626219,5193,923,0.17773926439437704,dl_native,dl_native
70934,2025,ICSI,Core EC conferences,dl_native,2021-2025,Core EC conferences|dl_native|2021-2025,1.0,72,72,1.0,dl_native,dl_native
12395,2024,ASOC,Mixed journals,dl_native,2021-2025,Mixed journals|dl_native|2021-2025,5.626219,5193,923,0.17773926439437704,dl_native,dl_native
46603,2024,ESWA,Mixed journals,other,2021-2025,Mixed journals|other|2021-2025,5.048077,525,104,0.1980952380952381,other,other
9443,2022,ASOC,Mixed journals,hybrid,2021-2025,Mixed journals|hybrid|2021-2025,4.979381,483,97,0.20082815734989648,hybrid,hybrid
70420,2023,GPEM,Core EC journals,hybrid,2021-2025,Core EC journals|hybrid|2021-2025,3.185185,86,27,0.313953488372093,neuroevolution,hybrid
81178,2018,INS,Mixed journals,dl_native,2016-2020,Mixed journals|dl_native|2016-2020,5.087719,580,114,0.19655172413793104,dl_native,dl_native
43982,2024,ESWA,Mixed journals,dl_native,2021-2025,Mixed journals|dl_native|2021-2025,5.626219,5193,923,0.17773926439437704,dl_native,dl_native
40406,2022,ESWA,Mixed journals,dl_native,2021-2025,Mixed journals|dl_native|2021-2025,5.626219,5193,923,0.17773926439437704,dl_native,dl_native
43391,2024,ESWA,Mixed journals,dl_native,2021-2025,Mixed journals|dl_native|2021-2025,5.626219,5193,923,0.17773926439437704,dl_native,dl_native
87126,2025,INS,Mixed journals,dl_native,2021-2025,Mixed journals|dl_native|2021-2025,5.626219,5193,923,0.17773926439437704,dl_native,dl_native
22910,2020,CEC,Core EC conferences,neuroevolution,2016-2020,Core EC conferences|neuroevolution|2016-2020,3.142857,88,28,0.3181818181818182,neuroevolution,neuroevolution
65559,2020,GECCO,Core EC conferences,hybrid,2016-2020,Core EC conferences|hybrid|2016-2020,2.47619,52,21,0.40384615384615385,hybrid,hybrid
103288,2025,TETCI,Mixed journals,dl_native,2021-2025,Mixed journals|dl_native|2021-2025,5.626219,5193,923,0.17773926439437704,dl_native,dl_native
92588,2020,PPSN,Core EC conferences,dl_native,2016-2020,Core EC conferences|dl_native|2016-2020,1.0,42,42,1.0,dl_native,dl_native
103488,2023,TETCI,Mixed journals,dl_native,2021-2025,Mixed journals|dl_native|2021-2025,5.626219,5193,923,0.17773926439437704,dl_native,dl_native
68870,2023,GECCO,Core EC conferences,neuroevolution,2021-2025,Core EC conferences|neuroevolution|2021-2025,3.4375,110,32,0.2909090909090909,hybrid,hybrid
7864,2023,ASOC,Mixed journals,dl_native,2021-2025,Mixed journals|dl_native|2021-2025,5.626219,5193,923,0.17773926439437704,dl_native,dl_native
81771,2022,INS,Mixed journals,other,2021-2025,Mixed journals|other|2021-2025,5.048077,525,104,0.1980952380952381,other,other
91015,2025,MEMETIC,Core EC journals,dl_native,2021-2025,Core EC journals|dl_native|2021-2025,1.0,86,86,1.0,dl_native,dl_native
69756,2022,GECCO,Core EC conferences,other,2021-2025,Core EC conferences|other|2021-2025,2.521739,58,23,0.39655172413793105,other,other
104569,2024,TEVC,Core EC journals,hybrid,2021-2025,Core EC journals|hybrid|2021-2025,3.185185,86,27,0.313953488372093,hybrid,hybrid
5857,2018,ASOC,Mixed journals,other,2016-2020,Mixed journals|other|2016-2020,2.75,66,24,0.36363636363636365,other,other
101286,2024,SWEVC,Core EC journals,dl_native,2021-2025,Core EC journals|dl_native|2021-2025,1.0,86,86,1.0,dl_native,dl_native
5213,2019,ASOC,Mixed journals,dl_native,2016-2020,Mixed journals|dl_native|2016-2020,5.087719,580,114,0.19655172413793104,dl_native,dl_native
3128,2014,ASOC,Mixed journals,dl_native,<=2015,Mixed journals|dl_native|<=2015,1.0,13,13,1.0,dl_native,dl_native
42916,2023,ESWA,Mixed journals,dl_native,2021-2025,Mixed journals|dl_native|2021-2025,5.626219,5193,923,0.17773926439437704,dl_native,dl_native
11178,2025,ASOC,Mixed journals,dl_native,2021-2025,Mixed journals|dl_native|2021-2025,5.626219,5193,923,0.17773926439437704,dl_native,dl_native
43471,2024,ESWA,Mixed journals,dl_native,2021-2025,Mixed journals|dl_native|2021-2025,5.626219,5193,923,0.17773926439437704,dl_native,dl_native
11320,2024,ASOC,Mixed journals,dl_native,2021-2025,Mixed journals|dl_native|2021-2025,5.626219,5193,923,0.17773926439437704,dl_native,dl_native
45353,2024,ESWA,Mixed journals,dl_native,2021-2025,Mixed journals|dl_native|2021-2025,5.626219,5193,923,0.17773926439437704,dl_native,dl_native
48555,2025,ESWA,Mixed journals,dl_native,2021-2025,Mixed journals|dl_native|2021-2025,5.626219,5193,923,0.17773926439437704,dl_native,other
79516,2020,INS,Mixed journals,dl_native,2016-2020,Mixed journals|dl_native|2016-2020,5.087719,580,114,0.19655172413793104,dl_native,other
98911,2019,SSCI,SSCI (mixed conf.),dl_native,2016-2020,SSCI (mixed conf.)|dl_native|2016-2020,4.255319,200,47,0.235,dl_native,dl_native
22186,2022,CEC,Core EC conferences,dl_native,2021-2025,Core EC conferences|dl_native|2021-2025,1.0,72,72,1.0,dl_native,dl_native
99070,2019,SSCI,SSCI (mixed conf.),dl_native,2016-2020,SSCI (mixed conf.)|dl_native|2016-2020,4.255319,200,47,0.235,dl_native,dl_native
57988,2018,EVOAPP,Core EC conferences,dl_native,2016-2020,Core EC conferences|dl_native|2016-2020,1.0,42,42,1.0,dl_native,dl_native
88048,2025,INS,Mixed journals,dl_native,2021-2025,Mixed journals|dl_native|2021-2025,5.626219,5193,923,0.17773926439437704,dl_native,dl_native
9617,2022,ASOC,Mixed journals,dl_native,2021-2025,Mixed journals|dl_native|2021-2025,5.626219,5193,923,0.17773926439437704,dl_native,other
81001,2018,INS,Mixed journals,dl_native,2016-2020,Mixed journals|dl_native|2016-2020,5.087719,580,114,0.19655172413793104,dl_native,dl_native
91018,2025,MEMETIC,Core EC journals,dl_native,2021-2025,Core EC journals|dl_native|2021-2025,1.0,86,86,1.0,dl_native,dl_native
92499,2022,PPSN,Core EC conferences,hybrid,2021-2025,Core EC conferences|hybrid|2021-2025,4.351852,235,54,0.2297872340425532,hybrid,hybrid
49328,2025,ESWA,Mixed journals,dl_native,2021-2025,Mixed journals|dl_native|2021-2025,5.626219,5193,923,0.17773926439437704,dl_native,dl_native
65761,2019,GECCO,Core EC conferences,neuroevolution,2016-2020,Core EC conferences|neuroevolution|2016-2020,3.142857,88,28,0.3181818181818182,neuroevolution,hybrid
45052,2024,ESWA,Mixed journals,dl_native,2021-2025,Mixed journals|dl_native|2021-2025,5.626219,5193,923,0.17773926439437704,dl_native,dl_native
10267,2025,ASOC,Mixed journals,dl_native,2021-2025,Mixed journals|dl_native|2021-2025,5.626219,5193,923,0.17773926439437704,dl_native,dl_native
40865,2023,ESWA,Mixed journals,dl_native,2021-2025,Mixed journals|dl_native|2021-2025,5.626219,5193,923,0.17773926439437704,dl_native,dl_native
59513,2024,EVOINT,Core EC journals,dl_native,2021-2025,Core EC journals|dl_native|2021-2025,1.0,86,86,1.0,dl_native,dl_native
40079,2022,ESWA,Mixed journals,other,2021-2025,Mixed journals|other|2021-2025,5.048077,525,104,0.1980952380952381,other,other
11087,2025,ASOC,Mixed journals,dl_native,2021-2025,Mixed journals|dl_native|2021-2025,5.626219,5193,923,0.17773926439437704,dl_native,dl_native
46700,2024,ESWA,Mixed journals,other,2021-2025,Mixed journals|other|2021-2025,5.048077,525,104,0.1980952380952381,dl_native,dl_native
57797,2022,EVOAPP,Core EC conferences,other,2021-2025,Core EC conferences|other|2021-2025,2.521739,58,23,0.39655172413793105,other,other
7680,2023,ASOC,Mixed journals,other,2021-2025,Mixed journals|other|2021-2025,5.048077,525,104,0.1980952380952381,other,other
46166,2024,ESWA,Mixed journals,dl_native,2021-2025,Mixed journals|dl_native|2021-2025,5.626219,5193,923,0.17773926439437704,dl_native,dl_native
36311,2021,ESWA,Mixed journals,dl_native,2021-2025,Mixed journals|dl_native|2021-2025,5.626219,5193,923,0.17773926439437704,dl_native,dl_native
10590,2025,ASOC,Mixed journals,other,2021-2025,Mixed journals|other|2021-2025,5.048077,525,104,0.1980952380952381,other,other
40176,2022,ESWA,Mixed journals,dl_native,2021-2025,Mixed journals|dl_native|2021-2025,5.626219,5193,923,0.17773926439437704,dl_native,dl_native
104744,2023,TEVC,Core EC journals,neuroevolution,2021-2025,Core EC journals|neuroevolution|2021-2025,2.333333,49,21,0.42857142857142855,neuroevolution,neuroevolution
98167,2021,SSCI,SSCI (mixed conf.),other,2021-2025,SSCI (mixed conf.)|other|2021-2025,1.0,12,12,1.0,other,other
6897,2023,ASOC,Mixed journals,dl_native,2021-2025,Mixed journals|dl_native|2021-2025,5.626219,5193,923,0.17773926439437704,dl_native,dl_native
97808,2022,SSCI,SSCI (mixed conf.),dl_native,2021-2025,SSCI (mixed conf.)|dl_native|2021-2025,4.0,160,40,0.25,dl_native,dl_native
65338,2020,GECCO,Core EC conferences,other,2016-2020,Core EC conferences|other|2016-2020,1.4375,23,16,0.6956521739130435,hybrid,other
7631,2023,ASOC,Mixed journals,dl_native,2021-2025,Mixed journals|dl_native|2021-2025,5.626219,5193,923,0.17773926439437704,dl_native,dl_native
22838,2020,CEC,Core EC conferences,neuroevolution,2016-2020,Core EC conferences|neuroevolution|2016-2020,3.142857,88,28,0.3181818181818182,neuroevolution,neuroevolution
21745,2024,CEC,Core EC conferences,hybrid,2021-2025,Core EC conferences|hybrid|2021-2025,4.351852,235,54,0.2297872340425532,dl_native,hybrid
9716,2021,ASOC,Mixed journals,hybrid,2021-2025,Mixed journals|hybrid|2021-2025,4.979381,483,97,0.20082815734989648,hybrid,hybrid
39543,2022,ESWA,Mixed journals,dl_native,2021-2025,Mixed journals|dl_native|2021-2025,5.626219,5193,923,0.17773926439437704,dl_native,dl_native
105048,2019,TEVC,Core EC journals,hybrid,2016-2020,Core EC journals|hybrid|2016-2020,1.0,8,8,1.0,hybrid,hybrid
81977,2022,INS,Mixed journals,dl_native,2021-2025,Mixed journals|dl_native|2021-2025,5.626219,5193,923,0.17773926439437704,dl_native,other
49760,2025,ESWA,Mixed journals,dl_native,2021-2025,Mixed journals|dl_native|2021-2025,5.626219,5193,923,0.17773926439437704,dl_native,dl_native
98642,2020,SSCI,SSCI (mixed conf.),dl_native,2016-2020,SSCI (mixed conf.)|dl_native|2016-2020,4.255319,200,47,0.235,dl_native,dl_native
43214,2024,ESWA,Mixed journals,other,2021-2025,Mixed journals|other|2021-2025,5.048077,525,104,0.1980952380952381,dl_native,other
84815,2024,INS,Mixed journals,dl_native,2021-2025,Mixed journals|dl_native|2021-2025,5.626219,5193,923,0.17773926439437704,dl_native,dl_native
38281,2020,ESWA,Mixed journals,dl_native,2016-2020,Mixed journals|dl_native|2016-2020,5.087719,580,114,0.19655172413793104,dl_native,dl_native
11015,2024,ASOC,Mixed journals,dl_native,2021-2025,Mixed journals|dl_native|2021-2025,5.626219,5193,923,0.17773926439437704,dl_native,other
102570,2025,TETCI,Mixed journals,dl_native,2021-2025,Mixed journals|dl_native|2021-2025,5.626219,5193,923,0.17773926439437704,hybrid,dl_native
43725,2024,ESWA,Mixed journals,dl_native,2021-2025,Mixed journals|dl_native|2021-2025,5.626219,5193,923,0.17773926439437704,dl_native,dl_native
84550,2024,INS,Mixed journals,dl_native,2021-2025,Mixed journals|dl_native|2021-2025,5.626219,5193,923,0.17773926439437704,dl_native,dl_native
97595,2023,SSCI,SSCI (mixed conf.),dl_native,2021-2025,SSCI (mixed conf.)|dl_native|2021-2025,4.0,160,40,0.25,dl_native,dl_native
6857,2023,ASOC,Mixed journals,hybrid,2021-2025,Mixed journals|hybrid|2021-2025,4.979381,483,97,0.20082815734989648,hybrid,hybrid
72368,2024,IJBIC,Mixed journals,dl_native,2021-2025,Mixed journals|dl_native|2021-2025,5.626219,5193,923,0.17773926439437704,dl_native,dl_native
22716,2020,CEC,Core EC conferences,neuroevolution,2016-2020,Core EC conferences|neuroevolution|2016-2020,3.142857,88,28,0.3181818181818182,neuroevolution,neuroevolution
71514,2018,ICSI,Core EC conferences,dl_native,2016-2020,Core EC conferences|dl_native|2016-2020,1.0,42,42,1.0,dl_native,dl_native
49083,2025,ESWA,Mixed journals,dl_native,2021-2025,Mixed journals|dl_native|2021-2025,5.626219,5193,923,0.17773926439437704,dl_native,dl_native
4577,2020,ASOC,Mixed journals,dl_native,2016-2020,Mixed journals|dl_native|2016-2020,5.087719,580,114,0.19655172413793104,dl_native,dl_native
85325,2023,INS,Mixed journals,dl_native,2021-2025,Mixed journals|dl_native|2021-2025,5.626219,5193,923,0.17773926439437704,dl_native,dl_native
10102,2025,ASOC,Mixed journals,dl_native,2021-2025,Mixed journals|dl_native|2021-2025,5.626219,5193,923,0.17773926439437704,dl_native,dl_native
98403,2020,SSCI,SSCI (mixed conf.),other,2016-2020,SSCI (mixed conf.)|other|2016-2020,1.1875,19,16,0.8421052631578947,other,other
23101,2022,CIM,Mixed journals,dl_native,2021-2025,Mixed journals|dl_native|2021-2025,5.626219,5193,923,0.17773926439437704,dl_native,dl_native
70179,2021,GECCO,Core EC conferences,dl_native,2021-2025,Core EC conferences|dl_native|2021-2025,1.0,72,72,1.0,dl_native,dl_native
46845,2025,ESWA,Mixed journals,dl_native,2021-2025,Mixed journals|dl_native|2021-2025,5.626219,5193,923,0.17773926439437704,dl_native,other
86615,2023,INS,Mixed journals,dl_native,2021-2025,Mixed journals|dl_native|2021-2025,5.626219,5193,923,0.17773926439437704,dl_native,dl_native
37970,2020,ESWA,Mixed journals,dl_native,2016-2020,Mixed journals|dl_native|2016-2020,5.087719,580,114,0.19655172413793104,dl_native,dl_native
11345,2024,ASOC,Mixed journals,dl_native,2021-2025,Mixed journals|dl_native|2021-2025,5.626219,5193,923,0.17773926439437704,dl_native,dl_native
49208,2025,ESWA,Mixed journals,dl_native,2021-2025,Mixed journals|dl_native|2021-2025,5.626219,5193,923,0.17773926439437704,dl_native,other
69122,2023,GECCO,Core EC conferences,neuroevolution,2021-2025,Core EC conferences|neuroevolution|2021-2025,3.4375,110,32,0.2909090909090909,neuroevolution,neuroevolution
22923,2020,CEC,Core EC conferences,dl_native,2016-2020,Core EC conferences|dl_native|2016-2020,1.0,42,42,1.0,dl_native,dl_native
59208,2025,EVOINT,Core EC journals,dl_native,2021-2025,Core EC journals|dl_native|2021-2025,1.0,86,86,1.0,dl_native,dl_native
83094,2021,INS,Mixed journals,dl_native,2021-2025,Mixed journals|dl_native|2021-2025,5.626219,5193,923,0.17773926439437704,dl_native,dl_native
100457,2025,SWEVC,Core EC journals,dl_native,2021-2025,Core EC journals|dl_native|2021-2025,1.0,86,86,1.0,dl_native,dl_native
49540,2025,ESWA,Mixed journals,dl_native,2021-2025,Mixed journals|dl_native|2021-2025,5.626219,5193,923,0.17773926439437704,dl_native,other
68598,2024,GECCO,Core EC conferences,hybrid,2021-2025,Core EC conferences|hybrid|2021-2025,4.351852,235,54,0.2297872340425532,hybrid,hybrid
8071,2022,ASOC,Mixed journals,dl_native,2021-2025,Mixed journals|dl_native|2021-2025,5.626219,5193,923,0.17773926439437704,dl_native,dl_native
66262,2018,GECCO,Core EC conferences,dl_native,2016-2020,Core EC conferences|dl_native|2016-2020,1.0,42,42,1.0,dl_native,dl_native
103380,2024,TETCI,Mixed journals,dl_native,2021-2025,Mixed journals|dl_native|2021-2025,5.626219,5193,923,0.17773926439437704,dl_native,dl_native
98775,2020,SSCI,SSCI (mixed conf.),dl_native,2016-2020,SSCI (mixed conf.)|dl_native|2016-2020,4.255319,200,47,0.235,dl_native,dl_native
39191,2022,ESWA,Mixed journals,dl_native,2021-2025,Mixed journals|dl_native|2021-2025,5.626219,5193,923,0.17773926439437704,dl_native,other
47884,2025,ESWA,Mixed journals,dl_native,2021-2025,Mixed journals|dl_native|2021-2025,5.626219,5193,923,0.17773926439437704,dl_native,dl_native
30384,2014,ESWA,Mixed journals,dl_native,<=2015,Mixed journals|dl_native|<=2015,1.0,13,13,1.0,dl_native,other
45788,2024,ESWA,Mixed journals,dl_native,2021-2025,Mixed journals|dl_native|2021-2025,5.626219,5193,923,0.17773926439437704,dl_native,dl_native
42654,2023,ESWA,Mixed journals,dl_native,2021-2025,Mixed journals|dl_native|2021-2025,5.626219,5193,923,0.17773926439437704,dl_native,dl_native
72379,2024,IJBIC,Mixed journals,hybrid,2021-2025,Mixed journals|hybrid|2021-2025,4.979381,483,97,0.20082815734989648,hybrid,hybrid
98227,2021,SSCI,SSCI (mixed conf.),dl_native,2021-2025,SSCI (mixed conf.)|dl_native|2021-2025,4.0,160,40,0.25,dl_native,dl_native
4149,2020,ASOC,Mixed journals,dl_native,2016-2020,Mixed journals|dl_native|2016-2020,5.087719,580,114,0.19655172413793104,dl_native,dl_native
98508,2020,SSCI,SSCI (mixed conf.),neuroevolution,2016-2020,SSCI (mixed conf.)|neuroevolution|2016-2020,1.0,15,15,1.0,neuroevolution,neuroevolution
7852,2023,ASOC,Mixed journals,dl_native,2021-2025,Mixed journals|dl_native|2021-2025,5.626219,5193,923,0.17773926439437704,dl_native,dl_native
7937,2022,ASOC,Mixed journals,dl_native,2021-2025,Mixed journals|dl_native|2021-2025,5.626219,5193,923,0.17773926439437704,dl_native,dl_native
70290,2021,GECCO,Core EC conferences,hybrid,2021-2025,Core EC conferences|hybrid|2021-2025,4.351852,235,54,0.2297872340425532,neuroevolution,hybrid
9315,2021,ASOC,Mixed journals,other,2021-2025,Mixed journals|other|2021-2025,5.048077,525,104,0.1980952380952381,dl_native,other
84950,2024,INS,Mixed journals,dl_native,2021-2025,Mixed journals|dl_native|2021-2025,5.626219,5193,923,0.17773926439437704,dl_native,dl_native
9898,2025,ASOC,Mixed journals,dl_native,2021-2025,Mixed journals|dl_native|2021-2025,5.626219,5193,923,0.17773926439437704,dl_native,other
49025,2025,ESWA,Mixed journals,dl_native,2021-2025,Mixed journals|dl_native|2021-2025,5.626219,5193,923,0.17773926439437704,dl_native,dl_native
37224,2020,ESWA,Mixed journals,other,2016-2020,Mixed journals|other|2016-2020,2.75,66,24,0.36363636363636365,dl_native,other
37811,2020,ESWA,Mixed journals,dl_native,2016-2020,Mixed journals|dl_native|2016-2020,5.087719,580,114,0.19655172413793104,dl_native,dl_native
9613,2022,ASOC,Mixed journals,dl_native,2021-2025,Mixed journals|dl_native|2021-2025,5.626219,5193,923,0.17773926439437704,dl_native,dl_native
59687,2024,EVOINT,Core EC journals,other,2021-2025,Core EC journals|other|2021-2025,2.105263,40,19,0.475,other,other
9765,2021,ASOC,Mixed journals,hybrid,2021-2025,Mixed journals|hybrid|2021-2025,4.979381,483,97,0.20082815734989648,hybrid,hybrid
103704,2022,TETCI,Mixed journals,dl_native,2021-2025,Mixed journals|dl_native|2021-2025,5.626219,5193,923,0.17773926439437704,dl_native,dl_native
42566,2023,ESWA,Mixed journals,dl_native,2021-2025,Mixed journals|dl_native|2021-2025,5.626219,5193,923,0.17773926439437704,dl_native,dl_native
68138,2025,GECCO,Core EC conferences,neuroevolution,2021-2025,Core EC conferences|neuroevolution|2021-2025,3.4375,110,32,0.2909090909090909,neuroevolution,neuroevolution
71241,2020,ICSI,Core EC conferences,dl_native,2016-2020,Core EC conferences|dl_native|2016-2020,1.0,42,42,1.0,dl_native,dl_native
47687,2025,ESWA,Mixed journals,dl_native,2021-2025,Mixed journals|dl_native|2021-2025,5.626219,5193,923,0.17773926439437704,dl_native,dl_native
101702,2020,SWEVC,Core EC journals,other,2016-2020,Core EC journals|other|2016-2020,1.0,3,3,1.0,other,other
11595,2024,ASOC,Mixed journals,dl_native,2021-2025,Mixed journals|dl_native|2021-2025,5.626219,5193,923,0.17773926439437704,dl_native,dl_native
18814,2019,CEC,Core EC conferences,other,2016-2020,Core EC conferences|other|2016-2020,1.4375,23,16,0.6956521739130435,dl_native,dl_native
47616,2025,ESWA,Mixed journals,dl_native,2021-2025,Mixed journals|dl_native|2021-2025,5.626219,5193,923,0.17773926439437704,dl_native,dl_native
10735,2025,ASOC,Mixed journals,dl_native,2021-2025,Mixed journals|dl_native|2021-2025,5.626219,5193,923,0.17773926439437704,dl_native,dl_native
91161,2021,MEMETIC,Core EC journals,dl_native,2021-2025,Core EC journals|dl_native|2021-2025,1.0,86,86,1.0,dl_native,dl_native
84617,2024,INS,Mixed journals,dl_native,2021-2025,Mixed journals|dl_native|2021-2025,5.626219,5193,923,0.17773926439437704,dl_native,dl_native
87625,2025,INS,Mixed journals,dl_native,2021-2025,Mixed journals|dl_native|2021-2025,5.626219,5193,923,0.17773926439437704,dl_native,dl_native
48271,2025,ESWA,Mixed journals,dl_native,2021-2025,Mixed journals|dl_native|2021-2025,5.626219,5193,923,0.17773926439437704,dl_native,dl_native
59584,2023,EVOINT,Core EC journals,dl_native,2021-2025,Core EC journals|dl_native|2021-2025,1.0,86,86,1.0,dl_native,dl_native
86507,2023,INS,Mixed journals,dl_native,2021-2025,Mixed journals|dl_native|2021-2025,5.626219,5193,923,0.17773926439437704,dl_native,dl_native
45860,2024,ESWA,Mixed journals,dl_native,2021-2025,Mixed journals|dl_native|2021-2025,5.626219,5193,923,0.17773926439437704,dl_native,dl_native
9378,2021,ASOC,Mixed journals,neuroevolution,2021-2025,Mixed journals|neuroevolution|2021-2025,3.419355,106,31,0.29245283018867924,neuroevolution,neuroevolution
18702,2019,CEC,Core EC conferences,hybrid,2016-2020,Core EC conferences|hybrid|2016-2020,2.47619,52,21,0.40384615384615385,hybrid,hybrid
48589,2025,ESWA,Mixed journals,neuroevolution,2021-2025,Mixed journals|neuroevolution|2021-2025,3.419355,106,31,0.29245283018867924,neuroevolution,neuroevolution
41584,2023,ESWA,Mixed journals,dl_native,2021-2025,Mixed journals|dl_native|2021-2025,5.626219,5193,923,0.17773926439437704,dl_native,dl_native
48444,2025,ESWA,Mixed journals,dl_native,2021-2025,Mixed journals|dl_native|2021-2025,5.626219,5193,923,0.17773926439437704,dl_native,dl_native
49232,2025,ESWA,Mixed journals,dl_native,2021-2025,Mixed journals|dl_native|2021-2025,5.626219,5193,923,0.17773926439437704,dl_native,dl_native
69230,2023,GECCO,Core EC conferences,dl_native,2021-2025,Core EC conferences|dl_native|2021-2025,1.0,72,72,1.0,dl_native,dl_native
9634,2021,ASOC,Mixed journals,dl_native,2021-2025,Mixed journals|dl_native|2021-2025,5.626219,5193,923,0.17773926439437704,dl_native,dl_native
59440,2025,EVOINT,Core EC journals,dl_native,2021-2025,Core EC journals|dl_native|2021-2025,1.0,86,86,1.0,dl_native,dl_native
36344,2021,ESWA,Mixed journals,dl_native,2021-2025,Mixed journals|dl_native|2021-2025,5.626219,5193,923,0.17773926439437704,dl_native,dl_native
59345,2025,EVOINT,Core EC journals,other,2021-2025,Core EC journals|other|2021-2025,2.105263,40,19,0.475,other,other
57940,2020,EVOAPP,Core EC conferences,hybrid,2016-2020,Core EC conferences|hybrid|2016-2020,2.47619,52,21,0.40384615384615385,neuroevolution,hybrid
49588,2025,ESWA,Mixed journals,hybrid,2021-2025,Mixed journals|hybrid|2021-2025,4.979381,483,97,0.20082815734989648,neuroevolution,hybrid
9919,2025,ASOC,Mixed journals,dl_native,2021-2025,Mixed journals|dl_native|2021-2025,5.626219,5193,923,0.17773926439437704,dl_native,dl_native
36726,2021,ESWA,Mixed journals,other,2021-2025,Mixed journals|other|2021-2025,5.048077,525,104,0.1980952380952381,other,other
85740,2023,INS,Mixed journals,dl_native,2021-2025,Mixed journals|dl_native|2021-2025,5.626219,5193,923,0.17773926439437704,dl_native,other
87706,2025,INS,Mixed journals,dl_native,2021-2025,Mixed journals|dl_native|2021-2025,5.626219,5193,923,0.17773926439437704,dl_native,dl_native
48148,2025,ESWA,Mixed journals,dl_native,2021-2025,Mixed journals|dl_native|2021-2025,5.626219,5193,923,0.17773926439437704,dl_native,dl_native
43609,2024,ESWA,Mixed journals,dl_native,2021-2025,Mixed journals|dl_native|2021-2025,5.626219,5193,923,0.17773926439437704,dl_native,dl_native
49930,2025,ESWA,Mixed journals,dl_native,2021-2025,Mixed journals|dl_native|2021-2025,5.626219,5193,923,0.17773926439437704,dl_native,dl_native
36838,2021,ESWA,Mixed journals,dl_native,2021-2025,Mixed journals|dl_native|2021-2025,5.626219,5193,923,0.17773926439437704,dl_native,hybrid
