corpus_id,year,venue_abbr,label_MiniMax-M3,label_GLM-5.3,label_DeepSeek-V4.1-Flash,label_Claude-Sonnet-5,era,N1,n1,pi1,candidate,sampling_label
93802,1996,PPSN,improve,hybrid,propose_new,improve,1990-1999,947,333,0.35163674762407604,True,improve
118298,2002,CEC,improve,improve,propose_new,propose_new,2000-2004,4013,333,0.08298031397956641,True,improve
93695,1998,PPSN,propose_new,propose_new,propose_new,propose_new,1990-1999,947,333,0.35163674762407604,True,propose_new
119047,2004,CEC,apply,apply,apply,apply,2000-2004,4013,333,0.08298031397956641,True,apply
33150,2012,ESWA,improve,improve,improve,improve,2010-2014,20442,333,0.016289991194599354,True,improve
120569,2011,SSCI,improve,improve,propose_new,improve,2010-2014,20442,333,0.016289991194599354,True,improve
106099,2000,TEVC,apply,apply,apply,apply,2000-2004,4013,333,0.08298031397956641,True,apply
39820,2022,ESWA,benchmark,benchmark,benchmark,benchmark,2020-2025,40240,333,0.008275347912524851,True,benchmark
89920,1998,INS,theory,other,other,theory,1990-1999,947,333,0.35163674762407604,True,theory
4625,2019,ASOC,propose_new,propose_new,propose_new,propose_new,2015-2019,20521,333,0.016227279372350276,True,propose_new
89673,1999,INS,apply,apply,other,theory,1990-1999,947,333,0.35163674762407604,True,apply
65505,2020,GECCO,propose_new,propose_new,propose_new,propose_new,2020-2025,40240,333,0.008275347912524851,True,propose_new
18399,2014,CEC,improve,propose_new,propose_new,propose_new,2010-2014,20442,333,0.016289991194599354,True,propose_new
105994,2003,TEVC,apply,apply,apply,apply,2000-2004,4013,333,0.08298031397956641,True,apply
74219,2011,INS,review,review,review,review,2010-2014,20442,333,0.016289991194599354,True,review
93970,1994,PPSN,improve,propose_new,hybrid,propose_new,1990-1999,947,333,0.35163674762407604,True,propose_new
25261,2009,ESWA,other,propose_new,propose_new,other,2005-2009,13159,333,0.02530587430655825,True,other
93842,1996,PPSN,improve,benchmark,benchmark,improve,1990-1999,947,333,0.35163674762407604,True,improve
5572,2018,ASOC,propose_new,hybrid,propose_new,apply,2015-2019,20521,333,0.016227279372350276,True,propose_new
80184,2019,INS,propose_new,propose_new,propose_new,improve,2015-2019,20521,333,0.016227279372350276,True,propose_new
97889,2022,SSCI,propose_new,apply,improve,improve,2020-2025,40240,333,0.008275347912524851,True,improve
122555,2005,INS,other,propose_new,propose_new,other,2005-2009,13159,333,0.02530587430655825,True,other
89519,2001,INS,other,other,other,theory,2000-2004,4013,333,0.08298031397956641,True,other
82763,2021,INS,propose_new,propose_new,other,propose_new,2020-2025,40240,333,0.008275347912524851,True,propose_new
1313,2003,ASOC,improve,improve,improve,propose_new,2000-2004,4013,333,0.08298031397956641,True,improve
93879,1996,PPSN,benchmark,benchmark,benchmark,benchmark,1990-1999,947,333,0.35163674762407604,True,benchmark
93587,2000,PPSN,review,review,review,review,2000-2004,4013,333,0.08298031397956641,True,review
122836,2005,INS,other,other,other,other,2005-2009,13159,333,0.02530587430655825,True,other
90013,1997,INS,review,review,review,other,1990-1999,947,333,0.35163674762407604,True,review
90930,1997,JOH,theory,propose_new,propose_new,propose_new,1990-1999,947,333,0.35163674762407604,True,propose_new
118237,2002,CEC,apply,apply,apply,apply,2000-2004,4013,333,0.08298031397956641,True,apply
88770,2025,INS,propose_new,improve,propose_new,improve,2020-2025,40240,333,0.008275347912524851,True,propose_new
62339,2003,GECCO,theory,theory,theory,theory,2000-2004,4013,333,0.08298031397956641,True,theory
60653,2007,GECCO,propose_new,propose_new,propose_new,propose_new,2005-2009,13159,333,0.02530587430655825,True,propose_new
95118,2015,SSCI,improve,improve,propose_new,apply,2015-2019,20521,333,0.016227279372350276,True,improve
15714,2013,CEC,hybrid,hybrid,hybrid,hybrid,2010-2014,20442,333,0.016289991194599354,True,hybrid
26417,2008,ESWA,propose_new,propose_new,propose_new,propose_new,2005-2009,13159,333,0.02530587430655825,True,propose_new
29527,2011,ESWA,other,apply,other,apply,2010-2014,20442,333,0.016289991194599354,True,other
14438,2007,CEC,improve,propose_new,propose_new,propose_new,2005-2009,13159,333,0.02530587430655825,True,propose_new
38174,2019,ESWA,propose_new,propose_new,propose_new,propose_new,2015-2019,20521,333,0.016227279372350276,True,propose_new
93806,1996,PPSN,benchmark,benchmark,benchmark,benchmark,1990-1999,947,333,0.35163674762407604,True,benchmark
67161,2016,GECCO,improve,improve,improve,improve,2015-2019,20521,333,0.016227279372350276,True,improve
61919,2003,GECCO,theory,theory,theory,theory,2000-2004,4013,333,0.08298031397956641,True,theory
74648,2009,INS,other,propose_new,propose_new,other,2005-2009,13159,333,0.02530587430655825,True,other
77784,2015,INS,apply,propose_new,propose_new,other,2015-2019,20521,333,0.016227279372350276,True,propose_new
93936,1996,PPSN,apply,apply,apply,other,1990-1999,947,333,0.35163674762407604,True,apply
80461,2018,INS,other,propose_new,theory,propose_new,2015-2019,20521,333,0.016227279372350276,True,propose_new
64643,2009,GECCO,improve,propose_new,propose_new,propose_new,2005-2009,13159,333,0.02530587430655825,True,propose_new
93790,1996,PPSN,theory,theory,theory,theory,1990-1999,947,333,0.35163674762407604,True,theory
62286,2003,GECCO,theory,theory,theory,theory,2000-2004,4013,333,0.08298031397956641,True,theory
94981,2015,SSCI,benchmark,benchmark,benchmark,benchmark,2015-2019,20521,333,0.016227279372350276,True,benchmark
20582,2015,CEC,apply,apply,propose_new,apply,2015-2019,20521,333,0.016227279372350276,True,apply
75703,2008,INS,propose_new,propose_new,other,other,2005-2009,13159,333,0.02530587430655825,True,propose_new
94124,1992,PPSN,improve,improve,improve,other,1990-1999,947,333,0.35163674762407604,True,improve
89497,2001,INS,other,other,other,other,2000-2004,4013,333,0.08298031397956641,True,other
17510,2009,CEC,theory,theory,theory,theory,2005-2009,13159,333,0.02530587430655825,True,theory
1044,2007,ASOC,hybrid,propose_new,hybrid,propose_new,2005-2009,13159,333,0.02530587430655825,True,hybrid
90933,1997,JOH,apply,apply,apply,apply,1990-1999,947,333,0.35163674762407604,True,apply
30034,2010,ESWA,propose_new,propose_new,propose_new,propose_new,2010-2014,20442,333,0.016289991194599354,True,propose_new
118939,2004,CEC,apply,apply,benchmark,apply,2000-2004,4013,333,0.08298031397956641,True,apply
12451,2024,ASOC,propose_new,hybrid,propose_new,propose_new,2020-2025,40240,333,0.008275347912524851,True,propose_new
71286,2019,ICSI,benchmark,benchmark,benchmark,benchmark,2015-2019,20521,333,0.016227279372350276,True,benchmark
118617,2003,CEC,apply,apply,apply,apply,2000-2004,4013,333,0.08298031397956641,True,apply
90922,1997,JOH,apply,apply,benchmark,benchmark,1990-1999,947,333,0.35163674762407604,True,apply
76772,2015,INS,other,theory,other,theory,2015-2019,20521,333,0.016227279372350276,True,other
102934,2025,TETCI,propose_new,improve,propose_new,propose_new,2020-2025,40240,333,0.008275347912524851,True,propose_new
2023,2016,ASOC,hybrid,hybrid,hybrid,hybrid,2015-2019,20521,333,0.016227279372350276,True,hybrid
88079,2025,INS,propose_new,propose_new,propose_new,propose_new,2020-2025,40240,333,0.008275347912524851,True,propose_new
93946,1996,PPSN,apply,apply,apply,other,1990-1999,947,333,0.35163674762407604,True,apply
124601,2010,INS,apply,improve,propose_new,propose_new,2010-2014,20442,333,0.016289991194599354,True,propose_new
118176,2002,CEC,apply,apply,apply,apply,2000-2004,4013,333,0.08298031397956641,True,apply
80517,2019,INS,propose_new,propose_new,propose_new,propose_new,2015-2019,20521,333,0.016227279372350276,True,propose_new
94270,2018,SOFTCOMP,propose_new,propose_new,propose_new,propose_new,2015-2019,20521,333,0.016227279372350276,True,propose_new
63911,2010,GECCO,propose_new,propose_new,propose_new,propose_new,2010-2014,20442,333,0.016289991194599354,True,propose_new
64624,2009,GECCO,apply,benchmark,apply,apply,2005-2009,13159,333,0.02530587430655825,True,apply
32183,2012,ESWA,hybrid,hybrid,hybrid,hybrid,2010-2014,20442,333,0.016289991194599354,True,hybrid
38370,2019,ESWA,hybrid,propose_new,hybrid,propose_new,2015-2019,20521,333,0.016227279372350276,True,hybrid
30569,2014,ESWA,improve,hybrid,propose_new,propose_new,2010-2014,20442,333,0.016289991194599354,True,propose_new
89157,2004,INS,other,apply,other,other,2000-2004,4013,333,0.08298031397956641,True,other
27106,2006,ESWA,other,propose_new,other,other,2005-2009,13159,333,0.02530587430655825,True,other
94103,1992,PPSN,theory,other,other,other,1990-1999,947,333,0.35163674762407604,True,other
4832,2020,ASOC,propose_new,propose_new,propose_new,propose_new,2020-2025,40240,333,0.008275347912524851,True,propose_new
57859,2021,EVOAPP,improve,improve,improve,improve,2020-2025,40240,333,0.008275347912524851,True,improve
22236,2021,CEC,propose_new,propose_new,propose_new,propose_new,2020-2025,40240,333,0.008275347912524851,True,propose_new
17131,2010,CEC,improve,improve,improve,improve,2010-2014,20442,333,0.016289991194599354,True,improve
6585,2018,ASOC,propose_new,propose_new,propose_new,propose_new,2015-2019,20521,333,0.016227279372350276,True,propose_new
93557,2004,PPSN,improve,improve,improve,improve,2000-2004,4013,333,0.08298031397956641,True,improve
96280,2014,SSCI,propose_new,propose_new,propose_new,propose_new,2010-2014,20442,333,0.016289991194599354,True,propose_new
25231,2009,ESWA,propose_new,propose_new,other,propose_new,2005-2009,13159,333,0.02530587430655825,True,propose_new
90755,2004,JOH,improve,hybrid,improve,improve,2000-2004,4013,333,0.08298031397956641,True,improve
122861,2005,INS,review,other,other,other,2005-2009,13159,333,0.02530587430655825,True,other
57536,2000,EUROGP,improve,improve,improve,improve,2000-2004,4013,333,0.08298031397956641,True,improve
105468,2012,TEVC,improve,improve,improve,apply,2010-2014,20442,333,0.016289991194599354,True,improve
75130,2008,INS,propose_new,propose_new,propose_new,propose_new,2005-2009,13159,333,0.02530587430655825,True,propose_new
34779,2016,ESWA,propose_new,propose_new,other,propose_new,2015-2019,20521,333,0.016227279372350276,True,propose_new
32384,2012,ESWA,apply,apply,apply,apply,2010-2014,20442,333,0.016289991194599354,True,apply
97603,2023,SSCI,propose_new,propose_new,propose_new,propose_new,2020-2025,40240,333,0.008275347912524851,True,propose_new
27482,2004,ESWA,hybrid,hybrid,hybrid,propose_new,2000-2004,4013,333,0.08298031397956641,True,hybrid
37343,2021,ESWA,improve,improve,improve,propose_new,2020-2025,40240,333,0.008275347912524851,True,improve
46094,2024,ESWA,improve,propose_new,propose_new,propose_new,2020-2025,40240,333,0.008275347912524851,True,propose_new
37250,2020,ESWA,apply,apply,propose_new,apply,2020-2025,40240,333,0.008275347912524851,True,apply
94649,2015,SSCI,other,other,other,other,2015-2019,20521,333,0.016227279372350276,True,other
96436,2013,SSCI,review,review,propose_new,other,2010-2014,20442,333,0.016289991194599354,True,review
30740,2014,ESWA,propose_new,improve,propose_new,improve,2010-2014,20442,333,0.016289991194599354,True,propose_new
90063,1997,INS,improve,improve,improve,improve,1990-1999,947,333,0.35163674762407604,True,improve
50013,2025,ESWA,hybrid,hybrid,propose_new,propose_new,2020-2025,40240,333,0.008275347912524851,True,hybrid
89221,2002,INS,apply,apply,apply,apply,2000-2004,4013,333,0.08298031397956641,True,apply
89919,1998,INS,other,propose_new,propose_new,propose_new,1990-1999,947,333,0.35163674762407604,True,propose_new
94207,1991,PPSN,propose_new,propose_new,propose_new,propose_new,1990-1999,947,333,0.35163674762407604,True,propose_new
118311,2002,CEC,hybrid,hybrid,hybrid,improve,2000-2004,4013,333,0.08298031397956641,True,hybrid
3015,2014,ASOC,propose_new,propose_new,propose_new,propose_new,2010-2014,20442,333,0.016289991194599354,True,propose_new
61556,2005,GECCO,theory,theory,theory,theory,2005-2009,13159,333,0.02530587430655825,True,theory
31525,2012,ESWA,apply,propose_new,benchmark,apply,2010-2014,20442,333,0.016289991194599354,True,apply
117995,2001,CEC,apply,propose_new,propose_new,propose_new,2000-2004,4013,333,0.08298031397956641,True,propose_new
57410,2003,EUROGP,improve,improve,improve,propose_new,2000-2004,4013,333,0.08298031397956641,True,improve
27671,2011,ESWA,apply,propose_new,propose_new,other,2010-2014,20442,333,0.016289991194599354,True,propose_new
125168,2012,INS,other,other,other,other,2010-2014,20442,333,0.016289991194599354,True,other
94779,2016,SSCI,propose_new,propose_new,other,propose_new,2015-2019,20521,333,0.016227279372350276,True,propose_new
96971,2007,SSCI,other,propose_new,propose_new,propose_new,2005-2009,13159,333,0.02530587430655825,True,propose_new
9295,2021,ASOC,propose_new,propose_new,propose_new,propose_new,2020-2025,40240,333,0.008275347912524851,True,propose_new
105773,2008,TEVC,improve,improve,improve,improve,2005-2009,13159,333,0.02530587430655825,True,improve
118094,2002,CEC,hybrid,hybrid,propose_new,propose_new,2000-2004,4013,333,0.08298031397956641,True,hybrid
90893,1999,JOH,improve,apply,apply,propose_new,1990-1999,947,333,0.35163674762407604,True,apply
24006,2016,ECJ,apply,apply,apply,apply,2015-2019,20521,333,0.016227279372350276,True,apply
90928,1997,JOH,improve,improve,improve,improve,1990-1999,947,333,0.35163674762407604,True,improve
100389,2025,SWEVC,hybrid,hybrid,hybrid,propose_new,2020-2025,40240,333,0.008275347912524851,True,hybrid
93572,2004,PPSN,improve,apply,improve,apply,2000-2004,4013,333,0.08298031397956641,True,improve
15132,2006,CEC,improve,improve,propose_new,improve,2005-2009,13159,333,0.02530587430655825,True,improve
27293,2005,ESWA,apply,apply,apply,apply,2005-2009,13159,333,0.02530587430655825,True,apply
5758,2019,ASOC,hybrid,hybrid,hybrid,propose_new,2015-2019,20521,333,0.016227279372350276,True,hybrid
11351,2024,ASOC,propose_new,propose_new,propose_new,propose_new,2020-2025,40240,333,0.008275347912524851,True,propose_new
124457,2010,INS,other,review,other,other,2010-2014,20442,333,0.016289991194599354,True,other
8782,2023,ASOC,propose_new,propose_new,propose_new,propose_new,2020-2025,40240,333,0.008275347912524851,True,propose_new
93786,1996,PPSN,theory,theory,theory,theory,1990-1999,947,333,0.35163674762407604,True,theory
76157,2017,INS,propose_new,propose_new,propose_new,other,2015-2019,20521,333,0.016227279372350276,True,propose_new
1597,2016,ASOC,improve,propose_new,propose_new,propose_new,2015-2019,20521,333,0.016227279372350276,True,propose_new
89511,2000,INS,theory,theory,theory,theory,2000-2004,4013,333,0.08298031397956641,True,theory
78351,2014,INS,apply,benchmark,benchmark,benchmark,2010-2014,20442,333,0.016289991194599354,True,benchmark
95893,2013,SSCI,propose_new,propose_new,propose_new,propose_new,2010-2014,20442,333,0.016289991194599354,True,propose_new
118050,2002,CEC,improve,apply,propose_new,propose_new,2000-2004,4013,333,0.08298031397956641,True,propose_new
99200,2019,SSCI,apply,propose_new,propose_new,apply,2015-2019,20521,333,0.016227279372350276,True,apply
93964,1994,PPSN,improve,improve,improve,improve,1990-1999,947,333,0.35163674762407604,True,improve
2431,2016,ASOC,propose_new,propose_new,propose_new,propose_new,2015-2019,20521,333,0.016227279372350276,True,propose_new
94527,2016,SSCI,apply,apply,other,apply,2015-2019,20521,333,0.016227279372350276,True,apply
60726,2007,GECCO,propose_new,propose_new,propose_new,propose_new,2005-2009,13159,333,0.02530587430655825,True,propose_new
60796,2007,GECCO,theory,theory,theory,theory,2005-2009,13159,333,0.02530587430655825,True,theory
24877,2001,EMO,propose_new,propose_new,propose_new,propose_new,2000-2004,4013,333,0.08298031397956641,True,propose_new
8824,2022,ASOC,improve,propose_new,propose_new,propose_new,2020-2025,40240,333,0.008275347912524851,True,propose_new
28164,2011,ESWA,apply,propose_new,propose_new,apply,2010-2014,20442,333,0.016289991194599354,True,apply
94013,1994,PPSN,propose_new,propose_new,propose_new,propose_new,1990-1999,947,333,0.35163674762407604,True,propose_new
99600,2017,SSCI,other,propose_new,propose_new,propose_new,2015-2019,20521,333,0.016227279372350276,True,propose_new
93399,2004,PPSN,apply,apply,propose_new,propose_new,2000-2004,4013,333,0.08298031397956641,True,apply
17026,2009,CEC,apply,apply,improve,apply,2005-2009,13159,333,0.02530587430655825,True,apply
15953,2013,CEC,apply,apply,apply,apply,2010-2014,20442,333,0.016289991194599354,True,apply
89971,1997,INS,other,propose_new,propose_new,propose_new,1990-1999,947,333,0.35163674762407604,True,propose_new
93758,1998,PPSN,propose_new,improve,propose_new,propose_new,1990-1999,947,333,0.35163674762407604,True,propose_new
24163,2004,ECJ,propose_new,propose_new,propose_new,propose_new,2000-2004,4013,333,0.08298031397956641,True,propose_new
106051,2001,TEVC,hybrid,hybrid,apply,hybrid,2000-2004,4013,333,0.08298031397956641,True,hybrid
118867,2004,CEC,propose_new,propose_new,propose_new,propose_new,2000-2004,4013,333,0.08298031397956641,True,propose_new
89156,2004,INS,other,propose_new,propose_new,other,2000-2004,4013,333,0.08298031397956641,True,other
65619,2019,GECCO,other,other,other,other,2015-2019,20521,333,0.016227279372350276,True,other
17564,2009,CEC,improve,improve,improve,apply,2005-2009,13159,333,0.02530587430655825,True,improve
90075,1997,INS,apply,propose_new,hybrid,propose_new,1990-1999,947,333,0.35163674762407604,True,propose_new
22342,2021,CEC,hybrid,hybrid,hybrid,hybrid,2020-2025,40240,333,0.008275347912524851,True,hybrid
105157,2018,TEVC,improve,hybrid,hybrid,propose_new,2015-2019,20521,333,0.016227279372350276,True,hybrid
93713,1998,PPSN,hybrid,hybrid,hybrid,propose_new,1990-1999,947,333,0.35163674762407604,True,hybrid
60312,2008,EVOINT,review,review,review,review,2005-2009,13159,333,0.02530587430655825,True,review
70844,2003,GPEM,benchmark,benchmark,benchmark,benchmark,2000-2004,4013,333,0.08298031397956641,True,benchmark
37257,2020,ESWA,propose_new,propose_new,propose_new,propose_new,2020-2025,40240,333,0.008275347912524851,True,propose_new
31929,2013,ESWA,propose_new,propose_new,propose_new,propose_new,2010-2014,20442,333,0.016289991194599354,True,propose_new
76373,2016,INS,improve,improve,propose_new,improve,2015-2019,20521,333,0.016227279372350276,True,improve
27223,2006,ESWA,apply,propose_new,propose_new,other,2005-2009,13159,333,0.02530587430655825,True,propose_new
24830,2005,EMO,improve,apply,improve,apply,2005-2009,13159,333,0.02530587430655825,True,improve
64614,2009,GECCO,other,propose_new,propose_new,other,2005-2009,13159,333,0.02530587430655825,True,other
97980,2022,SSCI,propose_new,hybrid,hybrid,propose_new,2020-2025,40240,333,0.008275347912524851,True,propose_new
8528,2022,ASOC,hybrid,hybrid,propose_new,propose_new,2020-2025,40240,333,0.008275347912524851,True,hybrid
99748,2017,SSCI,improve,propose_new,hybrid,propose_new,2015-2019,20521,333,0.016227279372350276,True,propose_new
77084,2015,INS,other,propose_new,propose_new,other,2015-2019,20521,333,0.016227279372350276,True,other
44196,2024,ESWA,propose_new,propose_new,propose_new,propose_new,2020-2025,40240,333,0.008275347912524851,True,propose_new
3736,2013,ASOC,propose_new,propose_new,propose_new,propose_new,2010-2014,20442,333,0.016289991194599354,True,propose_new
26861,2007,ESWA,apply,apply,apply,apply,2005-2009,13159,333,0.02530587430655825,True,apply
71534,2018,ICSI,apply,apply,apply,other,2015-2019,20521,333,0.016227279372350276,True,apply
60629,2007,GECCO,improve,improve,improve,improve,2005-2009,13159,333,0.02530587430655825,True,improve
99423,2018,SSCI,apply,apply,apply,apply,2015-2019,20521,333,0.016227279372350276,True,apply
89891,1998,INS,propose_new,propose_new,propose_new,propose_new,1990-1999,947,333,0.35163674762407604,True,propose_new
41482,2023,ESWA,propose_new,propose_new,propose_new,propose_new,2020-2025,40240,333,0.008275347912524851,True,propose_new
75737,2007,INS,improve,improve,propose_new,improve,2005-2009,13159,333,0.02530587430655825,True,improve
34377,2017,ESWA,apply,propose_new,propose_new,propose_new,2015-2019,20521,333,0.016227279372350276,True,propose_new
71950,2015,ICSI,other,propose_new,propose_new,propose_new,2015-2019,20521,333,0.016227279372350276,True,propose_new
89592,2000,INS,improve,improve,improve,improve,2000-2004,4013,333,0.08298031397956641,True,improve
61023,2006,GECCO,improve,improve,propose_new,improve,2005-2009,13159,333,0.02530587430655825,True,improve
33284,2018,ESWA,hybrid,hybrid,hybrid,propose_new,2015-2019,20521,333,0.016227279372350276,True,hybrid
93841,1996,PPSN,propose_new,propose_new,propose_new,propose_new,1990-1999,947,333,0.35163674762407604,True,propose_new
101566,2022,SWEVC,propose_new,propose_new,propose_new,propose_new,2020-2025,40240,333,0.008275347912524851,True,propose_new
89005,2003,INS,review,review,review,review,2000-2004,4013,333,0.08298031397956641,True,review
45671,2024,ESWA,improve,improve,propose_new,propose_new,2020-2025,40240,333,0.008275347912524851,True,improve
31151,2013,ESWA,other,propose_new,other,propose_new,2010-2014,20442,333,0.016289991194599354,True,other
85128,2024,INS,propose_new,improve,propose_new,propose_new,2020-2025,40240,333,0.008275347912524851,True,propose_new
95889,2013,SSCI,apply,apply,apply,other,2010-2014,20442,333,0.016289991194599354,True,apply
123130,2006,INS,other,other,other,other,2005-2009,13159,333,0.02530587430655825,True,other
94201,1991,PPSN,theory,theory,theory,theory,1990-1999,947,333,0.35163674762407604,True,theory
15082,2006,CEC,propose_new,propose_new,propose_new,propose_new,2005-2009,13159,333,0.02530587430655825,True,propose_new
123186,2006,INS,other,other,other,other,2005-2009,13159,333,0.02530587430655825,True,other
58389,2013,EVOAPP,improve,improve,improve,improve,2010-2014,20442,333,0.016289991194599354,True,improve
95964,2013,SSCI,theory,theory,theory,theory,2010-2014,20442,333,0.016289991194599354,True,theory
103184,2025,TETCI,propose_new,propose_new,propose_new,propose_new,2020-2025,40240,333,0.008275347912524851,True,propose_new
89849,1999,INS,other,propose_new,other,other,1990-1999,947,333,0.35163674762407604,True,other
94147,1992,PPSN,propose_new,propose_new,propose_new,other,1990-1999,947,333,0.35163674762407604,True,propose_new
44752,2024,ESWA,improve,propose_new,improve,propose_new,2020-2025,40240,333,0.008275347912524851,True,improve
89632,1999,INS,other,other,other,other,1990-1999,947,333,0.35163674762407604,True,other
45399,2024,ESWA,improve,propose_new,propose_new,propose_new,2020-2025,40240,333,0.008275347912524851,True,propose_new
89890,1998,INS,improve,improve,improve,improve,1990-1999,947,333,0.35163674762407604,True,improve
91930,2018,NATCOMP,propose_new,propose_new,propose_new,propose_new,2015-2019,20521,333,0.016227279372350276,True,propose_new
93228,2008,PPSN,theory,theory,theory,theory,2005-2009,13159,333,0.02530587430655825,True,theory
43003,2023,ESWA,propose_new,propose_new,propose_new,propose_new,2020-2025,40240,333,0.008275347912524851,True,propose_new
118699,2003,CEC,propose_new,propose_new,propose_new,propose_new,2000-2004,4013,333,0.08298031397956641,True,propose_new
18894,2018,CEC,improve,improve,propose_new,improve,2015-2019,20521,333,0.016227279372350276,True,improve
26421,2008,ESWA,apply,propose_new,propose_new,apply,2005-2009,13159,333,0.02530587430655825,True,apply
85270,2023,INS,propose_new,propose_new,propose_new,propose_new,2020-2025,40240,333,0.008275347912524851,True,propose_new
89981,1997,INS,propose_new,propose_new,,propose_new,1990-1999,947,333,0.35163674762407604,True,propose_new
89472,2001,INS,improve,hybrid,propose_new,apply,2000-2004,4013,333,0.08298031397956641,True,improve
118597,2003,CEC,apply,apply,apply,propose_new,2000-2004,4013,333,0.08298031397956641,True,apply
30014,2010,ESWA,propose_new,propose_new,propose_new,propose_new,2010-2014,20442,333,0.016289991194599354,True,propose_new
95376,2014,SSCI,apply,apply,apply,apply,2010-2014,20442,333,0.016289991194599354,True,apply
93505,2004,PPSN,propose_new,propose_new,propose_new,propose_new,2000-2004,4013,333,0.08298031397956641,True,propose_new
90085,1997,INS,propose_new,propose_new,propose_new,propose_new,1990-1999,947,333,0.35163674762407604,True,propose_new
80297,2018,INS,other,theory,theory,theory,2015-2019,20521,333,0.016227279372350276,True,theory
118801,2004,CEC,hybrid,hybrid,hybrid,hybrid,2000-2004,4013,333,0.08298031397956641,True,hybrid
11426,2024,ASOC,propose_new,propose_new,propose_new,propose_new,2020-2025,40240,333,0.008275347912524851,True,propose_new
94111,1992,PPSN,improve,propose_new,propose_new,other,1990-1999,947,333,0.35163674762407604,True,propose_new
1052,2008,ASOC,apply,hybrid,propose_new,improve,2005-2009,13159,333,0.02530587430655825,True,apply
27680,2011,ESWA,apply,apply,apply,apply,2010-2014,20442,333,0.016289991194599354,True,apply
24014,2014,ECJ,apply,propose_new,propose_new,propose_new,2010-2014,20442,333,0.016289991194599354,True,propose_new
56853,2025,EUROGP,benchmark,benchmark,benchmark,benchmark,2020-2025,40240,333,0.008275347912524851,True,benchmark
24988,2009,ESWA,propose_new,propose_new,propose_new,propose_new,2005-2009,13159,333,0.02530587430655825,True,propose_new
93625,2000,PPSN,improve,improve,improve,improve,2000-2004,4013,333,0.08298031397956641,True,improve
21478,2025,CEC,propose_new,propose_new,propose_new,propose_new,2020-2025,40240,333,0.008275347912524851,True,propose_new
5442,2017,ASOC,hybrid,hybrid,hybrid,hybrid,2015-2019,20521,333,0.016227279372350276,True,hybrid
124034,2009,INS,other,other,other,other,2005-2009,13159,333,0.02530587430655825,True,other
95895,2013,SSCI,propose_new,propose_new,propose_new,propose_new,2010-2014,20442,333,0.016289991194599354,True,propose_new
838,2009,ASOC,apply,propose_new,propose_new,propose_new,2005-2009,13159,333,0.02530587430655825,True,propose_new
25102,2009,ESWA,review,review,review,review,2005-2009,13159,333,0.02530587430655825,True,review
79677,2020,INS,propose_new,propose_new,propose_new,propose_new,2020-2025,40240,333,0.008275347912524851,True,propose_new
94212,1991,PPSN,improve,improve,improve,improve,1990-1999,947,333,0.35163674762407604,True,improve
117698,2000,CEC,propose_new,propose_new,propose_new,propose_new,2000-2004,4013,333,0.08298031397956641,True,propose_new
124208,2009,INS,other,other,other,apply,2005-2009,13159,333,0.02530587430655825,True,other
99694,2017,SSCI,other,other,apply,other,2015-2019,20521,333,0.016227279372350276,True,other
9968,2025,ASOC,propose_new,propose_new,propose_new,propose_new,2020-2025,40240,333,0.008275347912524851,True,propose_new
20757,2014,CEC,propose_new,propose_new,propose_new,propose_new,2010-2014,20442,333,0.016289991194599354,True,propose_new
106019,2003,TEVC,apply,apply,apply,apply,2000-2004,4013,333,0.08298031397956641,True,apply
97756,2023,SSCI,propose_new,propose_new,propose_new,improve,2020-2025,40240,333,0.008275347912524851,True,propose_new
61694,2005,GECCO,apply,apply,apply,apply,2005-2009,13159,333,0.02530587430655825,True,apply
29318,2010,ESWA,hybrid,hybrid,propose_new,propose_new,2010-2014,20442,333,0.016289991194599354,True,hybrid
75071,2009,INS,other,propose_new,propose_new,other,2005-2009,13159,333,0.02530587430655825,True,other
113766,2022,SOFTCOMP,other,theory,other,propose_new,2020-2025,40240,333,0.008275347912524851,True,other
70247,2021,GECCO,propose_new,propose_new,propose_new,propose_new,2020-2025,40240,333,0.008275347912524851,True,propose_new
57380,2004,EUROGP,benchmark,benchmark,benchmark,benchmark,2000-2004,4013,333,0.08298031397956641,True,benchmark
123404,2007,INS,review,other,other,other,2005-2009,13159,333,0.02530587430655825,True,other
15943,2013,CEC,improve,improve,propose_new,improve,2010-2014,20442,333,0.016289991194599354,True,improve
89841,1998,INS,theory,other,other,other,1990-1999,947,333,0.35163674762407604,True,other
73912,2011,INS,propose_new,propose_new,propose_new,other,2010-2014,20442,333,0.016289991194599354,True,propose_new
94215,1991,PPSN,apply,apply,apply,apply,1990-1999,947,333,0.35163674762407604,True,apply
1178,2007,ASOC,propose_new,propose_new,propose_new,propose_new,2005-2009,13159,333,0.02530587430655825,True,propose_new
78145,2015,INS,propose_new,propose_new,propose_new,propose_new,2015-2019,20521,333,0.016227279372350276,True,propose_new
66317,2018,GECCO,apply,apply,apply,apply,2015-2019,20521,333,0.016227279372350276,True,apply
89176,2003,INS,hybrid,propose_new,propose_new,propose_new,2000-2004,4013,333,0.08298031397956641,True,propose_new
93980,1994,PPSN,apply,apply,improve,other,1990-1999,947,333,0.35163674762407604,True,apply
89839,1998,INS,benchmark,benchmark,benchmark,benchmark,1990-1999,947,333,0.35163674762407604,True,benchmark
97115,2007,SSCI,improve,apply,apply,propose_new,2005-2009,13159,333,0.02530587430655825,True,apply
89784,1999,INS,propose_new,propose_new,propose_new,other,1990-1999,947,333,0.35163674762407604,True,propose_new
18249,2008,CEC,propose_new,propose_new,propose_new,propose_new,2005-2009,13159,333,0.02530587430655825,True,propose_new
49174,2025,ESWA,propose_new,propose_new,propose_new,propose_new,2020-2025,40240,333,0.008275347912524851,True,propose_new
118819,2004,CEC,propose_new,propose_new,propose_new,apply,2000-2004,4013,333,0.08298031397956641,True,propose_new
11125,2025,ASOC,propose_new,propose_new,propose_new,propose_new,2020-2025,40240,333,0.008275347912524851,True,propose_new
123298,2007,INS,other,other,other,other,2005-2009,13159,333,0.02530587430655825,True,other
122764,2005,INS,other,other,other,other,2005-2009,13159,333,0.02530587430655825,True,other
117904,2001,CEC,hybrid,apply,apply,hybrid,2000-2004,4013,333,0.08298031397956641,True,hybrid
81574,2022,INS,propose_new,propose_new,propose_new,propose_new,2020-2025,40240,333,0.008275347912524851,True,propose_new
89728,1999,INS,other,other,other,other,1990-1999,947,333,0.35163674762407604,True,other
48711,2025,ESWA,apply,apply,propose_new,apply,2020-2025,40240,333,0.008275347912524851,True,apply
11823,2025,ASOC,propose_new,propose_new,propose_new,propose_new,2020-2025,40240,333,0.008275347912524851,True,propose_new
57571,2000,EUROGP,apply,apply,propose_new,propose_new,2000-2004,4013,333,0.08298031397956641,True,apply
78859,2014,INS,theory,theory,theory,theory,2010-2014,20442,333,0.016289991194599354,True,theory
25276,2009,ESWA,review,review,review,review,2005-2009,13159,333,0.02530587430655825,True,review
89996,1997,INS,other,propose_new,propose_new,other,1990-1999,947,333,0.35163674762407604,True,other
60496,1990,OTHER,apply,apply,review,apply,1990-1999,947,333,0.35163674762407604,True,apply
70647,2013,GPEM,improve,improve,propose_new,apply,2010-2014,20442,333,0.016289991194599354,True,improve
93679,1998,PPSN,apply,benchmark,benchmark,theory,1990-1999,947,333,0.35163674762407604,True,benchmark
94091,1992,PPSN,propose_new,apply,other,other,1990-1999,947,333,0.35163674762407604,True,other
29320,2011,ESWA,hybrid,hybrid,hybrid,hybrid,2010-2014,20442,333,0.016289991194599354,True,hybrid
86502,2023,INS,apply,improve,,propose_new,2020-2025,40240,333,0.008275347912524851,True,apply
62320,2003,GECCO,improve,improve,propose_new,propose_new,2000-2004,4013,333,0.08298031397956641,True,improve
82610,2022,INS,propose_new,propose_new,propose_new,propose_new,2020-2025,40240,333,0.008275347912524851,True,propose_new
29992,2010,ESWA,propose_new,propose_new,propose_new,propose_new,2010-2014,20442,333,0.016289991194599354,True,propose_new
83018,2022,INS,propose_new,propose_new,propose_new,propose_new,2020-2025,40240,333,0.008275347912524851,True,propose_new
93870,1996,PPSN,improve,hybrid,,improve,1990-1999,947,333,0.35163674762407604,True,improve
58765,2018,EVOCOP,propose_new,propose_new,propose_new,propose_new,2015-2019,20521,333,0.016227279372350276,True,propose_new
15789,2013,CEC,apply,apply,apply,apply,2010-2014,20442,333,0.016289991194599354,True,apply
89650,2001,INS,propose_new,propose_new,propose_new,propose_new,2000-2004,4013,333,0.08298031397956641,True,propose_new
67100,2016,GECCO,apply,propose_new,propose_new,propose_new,2015-2019,20521,333,0.016227279372350276,True,propose_new
94115,1992,PPSN,improve,apply,propose_new,other,1990-1999,947,333,0.35163674762407604,True,improve
69404,2023,GECCO,propose_new,propose_new,propose_new,propose_new,2020-2025,40240,333,0.008275347912524851,True,propose_new
77898,2015,INS,propose_new,improve,propose_new,propose_new,2015-2019,20521,333,0.016227279372350276,True,propose_new
66082,2019,GECCO,benchmark,benchmark,benchmark,propose_new,2015-2019,20521,333,0.016227279372350276,True,benchmark
89337,2002,INS,apply,apply,other,apply,2000-2004,4013,333,0.08298031397956641,True,apply
16582,2012,CEC,propose_new,propose_new,propose_new,propose_new,2010-2014,20442,333,0.016289991194599354,True,propose_new
65566,2020,GECCO,improve,improve,improve,improve,2020-2025,40240,333,0.008275347912524851,True,improve
17076,2009,CEC,improve,improve,improve,propose_new,2005-2009,13159,333,0.02530587430655825,True,improve
90020,1997,INS,theory,theory,theory,other,1990-1999,947,333,0.35163674762407604,True,theory
31132,2014,ESWA,hybrid,hybrid,hybrid,propose_new,2010-2014,20442,333,0.016289991194599354,True,hybrid
15327,2006,CEC,theory,theory,benchmark,benchmark,2005-2009,13159,333,0.02530587430655825,True,theory
18715,2019,CEC,improve,improve,improve,propose_new,2015-2019,20521,333,0.016227279372350276,True,improve
14327,2007,CEC,propose_new,propose_new,propose_new,propose_new,2005-2009,13159,333,0.02530587430655825,True,propose_new
15971,2013,CEC,apply,propose_new,propose_new,propose_new,2010-2014,20442,333,0.016289991194599354,True,propose_new
29633,2011,ESWA,hybrid,propose_new,propose_new,propose_new,2010-2014,20442,333,0.016289991194599354,True,propose_new
67365,2015,GECCO,propose_new,propose_new,propose_new,propose_new,2015-2019,20521,333,0.016227279372350276,True,propose_new
94990,2015,SSCI,apply,apply,apply,propose_new,2015-2019,20521,333,0.016227279372350276,True,apply
32390,2012,ESWA,apply,propose_new,apply,other,2010-2014,20442,333,0.016289991194599354,True,apply
18521,2019,CEC,propose_new,propose_new,propose_new,propose_new,2015-2019,20521,333,0.016227279372350276,True,propose_new
93684,1998,PPSN,review,benchmark,benchmark,benchmark,1990-1999,947,333,0.35163674762407604,True,benchmark
3743,2012,ASOC,apply,apply,apply,apply,2010-2014,20442,333,0.016289991194599354,True,apply
90863,1999,JOH,propose_new,propose_new,propose_new,propose_new,1990-1999,947,333,0.35163674762407604,True,propose_new
106172,1997,TEVC,propose_new,propose_new,propose_new,propose_new,1990-1999,947,333,0.35163674762407604,True,propose_new
90927,1996,JOH,hybrid,propose_new,propose_new,propose_new,1990-1999,947,333,0.35163674762407604,True,propose_new
116618,2000,ECJ,propose_new,propose_new,propose_new,propose_new,2000-2004,4013,333,0.08298031397956641,True,propose_new
9912,2025,ASOC,propose_new,propose_new,propose_new,propose_new,2020-2025,40240,333,0.008275347912524851,True,propose_new
75892,2006,INS,other,propose_new,propose_new,other,2005-2009,13159,333,0.02530587430655825,True,other
15074,2006,CEC,propose_new,propose_new,propose_new,propose_new,2005-2009,13159,333,0.02530587430655825,True,propose_new
117712,2000,CEC,propose_new,propose_new,propose_new,propose_new,2000-2004,4013,333,0.08298031397956641,True,propose_new
44220,2024,ESWA,propose_new,propose_new,propose_new,propose_new,2020-2025,40240,333,0.008275347912524851,True,propose_new
1121,2008,ASOC,hybrid,hybrid,propose_new,propose_new,2005-2009,13159,333,0.02530587430655825,True,hybrid
97949,2022,SSCI,apply,apply,propose_new,apply,2020-2025,40240,333,0.008275347912524851,True,apply
14595,2007,CEC,improve,improve,propose_new,improve,2005-2009,13159,333,0.02530587430655825,True,improve
74867,2008,INS,propose_new,propose_new,propose_new,propose_new,2005-2009,13159,333,0.02530587430655825,True,propose_new
63603,2011,GECCO,improve,improve,improve,propose_new,2010-2014,20442,333,0.016289991194599354,True,improve
89446,2002,INS,propose_new,propose_new,propose_new,propose_new,2000-2004,4013,333,0.08298031397956641,True,propose_new
93733,1998,PPSN,theory,theory,theory,apply,1990-1999,947,333,0.35163674762407604,True,theory
27158,2004,ESWA,other,other,other,other,2000-2004,4013,333,0.08298031397956641,True,other
83586,2021,INS,propose_new,propose_new,propose_new,propose_new,2020-2025,40240,333,0.008275347912524851,True,propose_new
91435,2010,MEMETIC,apply,improve,improve,apply,2010-2014,20442,333,0.016289991194599354,True,apply
118700,2003,CEC,apply,apply,propose_new,propose_new,2000-2004,4013,333,0.08298031397956641,True,apply
45063,2024,ESWA,propose_new,propose_new,propose_new,propose_new,2020-2025,40240,333,0.008275347912524851,True,propose_new
60898,2007,GECCO,benchmark,benchmark,benchmark,benchmark,2005-2009,13159,333,0.02530587430655825,True,benchmark
73217,2013,INS,propose_new,other,propose_new,propose_new,2010-2014,20442,333,0.016289991194599354,True,propose_new
42628,2023,ESWA,propose_new,propose_new,propose_new,apply,2020-2025,40240,333,0.008275347912524851,True,propose_new
104979,2020,TEVC,propose_new,propose_new,propose_new,hybrid,2020-2025,40240,333,0.008275347912524851,True,propose_new
41617,2023,ESWA,improve,improve,improve,improve,2020-2025,40240,333,0.008275347912524851,True,improve
43088,2023,ESWA,apply,hybrid,,hybrid,2020-2025,40240,333,0.008275347912524851,True,hybrid
64982,2008,GECCO,theory,theory,improve,theory,2005-2009,13159,333,0.02530587430655825,True,theory
90942,1996,JOH,propose_new,propose_new,propose_new,apply,1990-1999,947,333,0.35163674762407604,True,propose_new
89411,2004,INS,apply,propose_new,apply,apply,2000-2004,4013,333,0.08298031397956641,True,apply
47261,2025,ESWA,propose_new,propose_new,propose_new,propose_new,2020-2025,40240,333,0.008275347912524851,True,propose_new
38142,2019,ESWA,apply,propose_new,propose_new,propose_new,2015-2019,20521,333,0.016227279372350276,True,propose_new
106175,1997,TEVC,propose_new,propose_new,propose_new,propose_new,1990-1999,947,333,0.35163674762407604,True,propose_new
93507,2004,PPSN,propose_new,propose_new,propose_new,propose_new,2000-2004,4013,333,0.08298031397956641,True,propose_new
69562,2022,GECCO,propose_new,propose_new,propose_new,propose_new,2020-2025,40240,333,0.008275347912524851,True,propose_new
106018,2001,TEVC,apply,benchmark,benchmark,benchmark,2000-2004,4013,333,0.08298031397956641,True,benchmark
58524,2010,EVOAPP,review,other,other,other,2010-2014,20442,333,0.016289991194599354,True,other
93468,2004,PPSN,hybrid,hybrid,hybrid,hybrid,2000-2004,4013,333,0.08298031397956641,True,hybrid
118330,2002,CEC,theory,theory,theory,theory,2000-2004,4013,333,0.08298031397956641,True,theory
94158,1991,PPSN,improve,other,other,other,1990-1999,947,333,0.35163674762407604,True,other
76882,2017,INS,theory,theory,theory,theory,2015-2019,20521,333,0.016227279372350276,True,theory
94109,1992,PPSN,improve,improve,improve,other,1990-1999,947,333,0.35163674762407604,True,improve
71134,2022,ICSI,benchmark,apply,apply,apply,2020-2025,40240,333,0.008275347912524851,True,apply
61915,2003,GECCO,propose_new,propose_new,propose_new,propose_new,2000-2004,4013,333,0.08298031397956641,True,propose_new
91770,2020,NATCOMP,review,other,other,other,2020-2025,40240,333,0.008275347912524851,True,other
94180,1991,PPSN,theory,theory,theory,theory,1990-1999,947,333,0.35163674762407604,True,theory
88721,2025,INS,propose_new,propose_new,propose_new,propose_new,2020-2025,40240,333,0.008275347912524851,True,propose_new
94159,1991,PPSN,propose_new,propose_new,propose_new,other,1990-1999,947,333,0.35163674762407604,True,propose_new
35231,2015,ESWA,review,review,review,review,2015-2019,20521,333,0.016227279372350276,True,review
2349,2015,ASOC,propose_new,propose_new,propose_new,propose_new,2015-2019,20521,333,0.016227279372350276,True,propose_new
89910,1998,INS,other,propose_new,other,other,1990-1999,947,333,0.35163674762407604,True,other
25585,2009,ESWA,apply,apply,apply,apply,2005-2009,13159,333,0.02530587430655825,True,apply
118275,2002,CEC,propose_new,propose_new,propose_new,propose_new,2000-2004,4013,333,0.08298031397956641,True,propose_new
26687,2008,ESWA,propose_new,propose_new,propose_new,propose_new,2005-2009,13159,333,0.02530587430655825,True,propose_new
61938,2003,GECCO,theory,theory,theory,theory,2000-2004,4013,333,0.08298031397956641,True,theory
86445,2023,INS,propose_new,propose_new,propose_new,propose_new,2020-2025,40240,333,0.008275347912524851,True,propose_new
94431,2016,SSCI,apply,propose_new,propose_new,apply,2015-2019,20521,333,0.016227279372350276,True,apply
1306,2003,ASOC,propose_new,propose_new,propose_new,propose_new,2000-2004,4013,333,0.08298031397956641,True,propose_new
118007,2002,CEC,apply,propose_new,propose_new,propose_new,2000-2004,4013,333,0.08298031397956641,True,propose_new
2907,2015,ASOC,propose_new,apply,propose_new,propose_new,2015-2019,20521,333,0.016227279372350276,True,propose_new
37298,2020,ESWA,propose_new,propose_new,propose_new,improve,2020-2025,40240,333,0.008275347912524851,True,propose_new
35353,2016,ESWA,propose_new,propose_new,propose_new,propose_new,2015-2019,20521,333,0.016227279372350276,True,propose_new
17648,2009,CEC,apply,apply,apply,apply,2005-2009,13159,333,0.02530587430655825,True,apply
104162,2025,TEVC,hybrid,hybrid,propose_new,propose_new,2020-2025,40240,333,0.008275347912524851,True,hybrid
17638,2009,CEC,propose_new,propose_new,propose_new,propose_new,2005-2009,13159,333,0.02530587430655825,True,propose_new
61807,2004,GECCO,apply,apply,apply,other,2000-2004,4013,333,0.08298031397956641,True,apply
105945,2004,TEVC,improve,improve,improve,improve,2000-2004,4013,333,0.08298031397956641,True,improve
21834,2024,CEC,propose_new,propose_new,propose_new,,2020-2025,40240,333,0.008275347912524851,True,propose_new
39829,2022,ESWA,propose_new,propose_new,propose_new,propose_new,2020-2025,40240,333,0.008275347912524851,True,propose_new
67496,2015,GECCO,benchmark,benchmark,benchmark,other,2015-2019,20521,333,0.016227279372350276,True,benchmark
17765,2008,CEC,apply,apply,apply,apply,2005-2009,13159,333,0.02530587430655825,True,apply
76630,2017,INS,improve,improve,propose_new,improve,2015-2019,20521,333,0.016227279372350276,True,improve
89240,2003,INS,propose_new,propose_new,hybrid,propose_new,2000-2004,4013,333,0.08298031397956641,True,propose_new
19378,2017,CEC,apply,propose_new,propose_new,propose_new,2015-2019,20521,333,0.016227279372350276,True,propose_new
118643,2003,CEC,hybrid,hybrid,hybrid,hybrid,2000-2004,4013,333,0.08298031397956641,True,hybrid
91293,2016,MEMETIC,propose_new,propose_new,propose_new,propose_new,2015-2019,20521,333,0.016227279372350276,True,propose_new
89598,1999,INS,review,review,review,review,1990-1999,947,333,0.35163674762407604,True,review
28535,2011,ESWA,propose_new,propose_new,propose_new,apply,2010-2014,20442,333,0.016289991194599354,True,propose_new
97210,2007,SSCI,propose_new,propose_new,propose_new,improve,2005-2009,13159,333,0.02530587430655825,True,propose_new
90072,1997,INS,propose_new,propose_new,propose_new,propose_new,1990-1999,947,333,0.35163674762407604,True,propose_new
14728,2007,CEC,hybrid,hybrid,hybrid,propose_new,2005-2009,13159,333,0.02530587430655825,True,hybrid
96454,2011,SSCI,other,propose_new,propose_new,propose_new,2010-2014,20442,333,0.016289991194599354,True,propose_new
29900,2011,ESWA,propose_new,propose_new,propose_new,propose_new,2010-2014,20442,333,0.016289991194599354,True,propose_new
28473,2011,ESWA,improve,improve,improve,improve,2010-2014,20442,333,0.016289991194599354,True,improve
62150,2004,GECCO,apply,apply,apply,apply,2000-2004,4013,333,0.08298031397956641,True,apply
118936,2004,CEC,propose_new,propose_new,propose_new,propose_new,2000-2004,4013,333,0.08298031397956641,True,propose_new
98799,2019,SSCI,apply,benchmark,apply,apply,2015-2019,20521,333,0.016227279372350276,True,apply
70718,2010,GPEM,theory,benchmark,benchmark,theory,2010-2014,20442,333,0.016289991194599354,True,theory
18626,2019,CEC,apply,apply,apply,apply,2015-2019,20521,333,0.016227279372350276,True,apply
6287,2017,ASOC,propose_new,hybrid,propose_new,propose_new,2015-2019,20521,333,0.016227279372350276,True,propose_new
1738,2016,ASOC,propose_new,propose_new,propose_new,propose_new,2015-2019,20521,333,0.016227279372350276,True,propose_new
877,2009,ASOC,apply,apply,improve,propose_new,2005-2009,13159,333,0.02530587430655825,True,apply
89721,1999,INS,propose_new,propose_new,propose_new,propose_new,1990-1999,947,333,0.35163674762407604,True,propose_new
16045,2013,CEC,apply,apply,propose_new,improve,2010-2014,20442,333,0.016289991194599354,True,apply
106129,1998,TEVC,review,improve,review,improve,1990-1999,947,333,0.35163674762407604,True,review
90935,1997,JOH,hybrid,hybrid,hybrid,hybrid,1990-1999,947,333,0.35163674762407604,True,hybrid
89863,1998,INS,propose_new,propose_new,propose_new,other,1990-1999,947,333,0.35163674762407604,True,propose_new
3426,2014,ASOC,improve,improve,propose_new,propose_new,2010-2014,20442,333,0.016289991194599354,True,improve
86056,2023,INS,apply,propose_new,propose_new,apply,2020-2025,40240,333,0.008275347912524851,True,apply
106139,1998,TEVC,theory,theory,theory,theory,1990-1999,947,333,0.35163674762407604,True,theory
19628,2016,CEC,hybrid,hybrid,hybrid,hybrid,2015-2019,20521,333,0.016227279372350276,True,hybrid
89600,2000,INS,propose_new,propose_new,propose_new,propose_new,2000-2004,4013,333,0.08298031397956641,True,propose_new
117595,2000,CEC,hybrid,hybrid,propose_new,hybrid,2000-2004,4013,333,0.08298031397956641,True,hybrid
90347,2018,JOH,propose_new,apply,propose_new,propose_new,2015-2019,20521,333,0.016227279372350276,True,propose_new
36903,2021,ESWA,apply,apply,apply,apply,2020-2025,40240,333,0.008275347912524851,True,apply
20676,2015,CEC,benchmark,benchmark,benchmark,improve,2015-2019,20521,333,0.016227279372350276,True,benchmark
85285,2024,INS,hybrid,hybrid,hybrid,hybrid,2020-2025,40240,333,0.008275347912524851,True,hybrid
103637,2022,TETCI,propose_new,propose_new,propose_new,propose_new,2020-2025,40240,333,0.008275347912524851,True,propose_new
106086,2001,TEVC,propose_new,propose_new,propose_new,propose_new,2000-2004,4013,333,0.08298031397956641,True,propose_new
101772,2021,SWEVC,improve,improve,improve,improve,2020-2025,40240,333,0.008275347912524851,True,improve
65638,2019,GECCO,apply,apply,apply,apply,2015-2019,20521,333,0.016227279372350276,True,apply
1326,2002,ASOC,propose_new,propose_new,propose_new,propose_new,2000-2004,4013,333,0.08298031397956641,True,propose_new
90607,2009,JOH,propose_new,propose_new,propose_new,propose_new,2005-2009,13159,333,0.02530587430655825,True,propose_new
104569,2024,TEVC,propose_new,propose_new,propose_new,propose_new,2020-2025,40240,333,0.008275347912524851,True,propose_new
23889,2019,ECJ,theory,theory,theory,theory,2015-2019,20521,333,0.016227279372350276,True,theory
818,2009,ASOC,propose_new,propose_new,propose_new,propose_new,2005-2009,13159,333,0.02530587430655825,True,propose_new
118992,2004,CEC,apply,apply,apply,apply,2000-2004,4013,333,0.08298031397956641,True,apply
62338,2003,GECCO,theory,theory,theory,theory,2000-2004,4013,333,0.08298031397956641,True,theory
117607,2000,CEC,propose_new,propose_new,propose_new,propose_new,2000-2004,4013,333,0.08298031397956641,True,propose_new
89897,1998,INS,benchmark,benchmark,benchmark,benchmark,1990-1999,947,333,0.35163674762407604,True,benchmark
66894,2017,GECCO,improve,improve,improve,improve,2015-2019,20521,333,0.016227279372350276,True,improve
97105,2007,SSCI,other,propose_new,propose_new,other,2005-2009,13159,333,0.02530587430655825,True,other
10375,2025,ASOC,propose_new,propose_new,propose_new,propose_new,2020-2025,40240,333,0.008275347912524851,True,propose_new
118551,2003,CEC,propose_new,propose_new,propose_new,propose_new,2000-2004,4013,333,0.08298031397956641,True,propose_new
21691,2024,CEC,propose_new,propose_new,propose_new,propose_new,2020-2025,40240,333,0.008275347912524851,True,propose_new
35188,2015,ESWA,propose_new,propose_new,propose_new,propose_new,2015-2019,20521,333,0.016227279372350276,True,propose_new
82636,2022,INS,propose_new,hybrid,hybrid,propose_new,2020-2025,40240,333,0.008275347912524851,True,propose_new
89725,1999,INS,theory,theory,other,other,1990-1999,947,333,0.35163674762407604,True,theory
25646,2009,ESWA,improve,propose_new,propose_new,propose_new,2005-2009,13159,333,0.02530587430655825,True,propose_new
93978,1994,PPSN,propose_new,hybrid,propose_new,propose_new,1990-1999,947,333,0.35163674762407604,True,propose_new
65189,2020,GECCO,hybrid,propose_new,propose_new,apply,2020-2025,40240,333,0.008275347912524851,True,propose_new
36356,2021,ESWA,hybrid,propose_new,propose_new,propose_new,2020-2025,40240,333,0.008275347912524851,True,propose_new
28891,2011,ESWA,apply,benchmark,benchmark,benchmark,2010-2014,20442,333,0.016289991194599354,True,benchmark
61839,2003,GECCO,propose_new,propose_new,propose_new,propose_new,2000-2004,4013,333,0.08298031397956641,True,propose_new
118847,2004,CEC,improve,propose_new,propose_new,propose_new,2000-2004,4013,333,0.08298031397956641,True,propose_new
117679,2000,CEC,apply,propose_new,propose_new,apply,2000-2004,4013,333,0.08298031397956641,True,apply
106115,2000,TEVC,theory,theory,theory,improve,2000-2004,4013,333,0.08298031397956641,True,theory
93703,1998,PPSN,improve,improve,improve,improve,1990-1999,947,333,0.35163674762407604,True,improve
62197,2004,GECCO,apply,apply,apply,apply,2000-2004,4013,333,0.08298031397956641,True,apply
12129,2024,ASOC,apply,apply,apply,apply,2020-2025,40240,333,0.008275347912524851,True,apply
98774,2019,SSCI,review,review,review,review,2015-2019,20521,333,0.016227279372350276,True,review
89078,2003,INS,propose_new,propose_new,propose_new,propose_new,2000-2004,4013,333,0.08298031397956641,True,propose_new
89676,1999,INS,other,other,other,other,1990-1999,947,333,0.35163674762407604,True,other
94183,1991,PPSN,propose_new,propose_new,propose_new,propose_new,1990-1999,947,333,0.35163674762407604,True,propose_new
97413,2007,SSCI,improve,improve,improve,improve,2005-2009,13159,333,0.02530587430655825,True,improve
93814,1996,PPSN,improve,apply,apply,propose_new,1990-1999,947,333,0.35163674762407604,True,apply
118616,2003,CEC,apply,apply,propose_new,apply,2000-2004,4013,333,0.08298031397956641,True,apply
89595,2000,INS,propose_new,propose_new,propose_new,propose_new,2000-2004,4013,333,0.08298031397956641,True,propose_new
63493,2011,GECCO,propose_new,propose_new,propose_new,propose_new,2010-2014,20442,333,0.016289991194599354,True,propose_new
20223,2016,CEC,apply,apply,apply,apply,2015-2019,20521,333,0.016227279372350276,True,apply
123756,2008,INS,other,other,other,other,2005-2009,13159,333,0.02530587430655825,True,other
123517,2007,INS,other,other,apply,other,2005-2009,13159,333,0.02530587430655825,True,other
42895,2023,ESWA,propose_new,propose_new,propose_new,propose_new,2020-2025,40240,333,0.008275347912524851,True,propose_new
75346,2008,INS,other,other,other,other,2005-2009,13159,333,0.02530587430655825,True,other
117843,2001,CEC,improve,benchmark,improve,propose_new,2000-2004,4013,333,0.08298031397956641,True,improve
93686,1998,PPSN,improve,improve,improve,improve,1990-1999,947,333,0.35163674762407604,True,improve
11385,2024,ASOC,propose_new,propose_new,propose_new,propose_new,2020-2025,40240,333,0.008275347912524851,True,propose_new
78148,2015,INS,propose_new,propose_new,hybrid,hybrid,2015-2019,20521,333,0.016227279372350276,True,propose_new
19175,2018,CEC,propose_new,apply,propose_new,apply,2015-2019,20521,333,0.016227279372350276,True,propose_new
93706,1998,PPSN,improve,propose_new,propose_new,propose_new,1990-1999,947,333,0.35163674762407604,True,propose_new
118329,2002,CEC,other,other,other,theory,2000-2004,4013,333,0.08298031397956641,True,other
118440,2003,CEC,apply,apply,apply,propose_new,2000-2004,4013,333,0.08298031397956641,True,apply
20927,2014,CEC,apply,propose_new,propose_new,apply,2010-2014,20442,333,0.016289991194599354,True,apply
119005,2004,CEC,improve,propose_new,propose_new,propose_new,2000-2004,4013,333,0.08298031397956641,True,propose_new
89856,1999,INS,propose_new,improve,propose_new,propose_new,1990-1999,947,333,0.35163674762407604,True,propose_new
34339,2016,ESWA,propose_new,propose_new,propose_new,propose_new,2015-2019,20521,333,0.016227279372350276,True,propose_new
118533,2003,CEC,improve,benchmark,improve,improve,2000-2004,4013,333,0.08298031397956641,True,improve
81928,2022,INS,benchmark,benchmark,benchmark,benchmark,2020-2025,40240,333,0.008275347912524851,True,benchmark
1277,2003,ASOC,apply,apply,propose_new,theory,2000-2004,4013,333,0.08298031397956641,True,apply
89012,2004,INS,theory,theory,theory,other,2000-2004,4013,333,0.08298031397956641,True,theory
70658,2013,GPEM,benchmark,benchmark,benchmark,benchmark,2010-2014,20442,333,0.016289991194599354,True,benchmark
124742,2011,INS,other,propose_new,propose_new,other,2010-2014,20442,333,0.016289991194599354,True,other
90230,2021,JOH,propose_new,apply,propose_new,apply,2020-2025,40240,333,0.008275347912524851,True,propose_new
62062,2004,GECCO,hybrid,hybrid,hybrid,propose_new,2000-2004,4013,333,0.08298031397956641,True,hybrid
19518,2017,CEC,improve,propose_new,propose_new,improve,2015-2019,20521,333,0.016227279372350276,True,improve
60645,2007,GECCO,improve,improve,propose_new,improve,2005-2009,13159,333,0.02530587430655825,True,improve
65579,2019,GECCO,review,review,review,review,2015-2019,20521,333,0.016227279372350276,True,review
97319,2007,SSCI,other,other,apply,apply,2005-2009,13159,333,0.02530587430655825,True,other
63897,2010,GECCO,theory,theory,theory,theory,2010-2014,20442,333,0.016289991194599354,True,theory
32811,2012,ESWA,other,propose_new,propose_new,propose_new,2010-2014,20442,333,0.016289991194599354,True,propose_new
30116,2010,ESWA,apply,apply,apply,apply,2010-2014,20442,333,0.016289991194599354,True,apply
16958,2010,CEC,propose_new,propose_new,propose_new,propose_new,2010-2014,20442,333,0.016289991194599354,True,propose_new
117727,2000,CEC,benchmark,benchmark,benchmark,benchmark,2000-2004,4013,333,0.08298031397956641,True,benchmark
89892,1998,INS,propose_new,propose_new,propose_new,other,1990-1999,947,333,0.35163674762407604,True,propose_new
94436,2016,SSCI,apply,apply,apply,apply,2015-2019,20521,333,0.016227279372350276,True,apply
74055,2013,INS,improve,improve,improve,improve,2010-2014,20442,333,0.016289991194599354,True,improve
90896,1999,JOH,propose_new,hybrid,propose_new,propose_new,1990-1999,947,333,0.35163674762407604,True,propose_new
93875,1996,PPSN,improve,benchmark,improve,improve,1990-1999,947,333,0.35163674762407604,True,improve
84267,2024,INS,improve,improve,propose_new,improve,2020-2025,40240,333,0.008275347912524851,True,improve
57387,2004,EUROGP,apply,apply,apply,apply,2000-2004,4013,333,0.08298031397956641,True,apply
93895,1996,PPSN,improve,improve,other,other,1990-1999,947,333,0.35163674762407604,True,improve
7988,2022,ASOC,improve,improve,improve,improve,2020-2025,40240,333,0.008275347912524851,True,improve
38813,2019,ESWA,propose_new,propose_new,hybrid,propose_new,2015-2019,20521,333,0.016227279372350276,True,propose_new
124914,2011,INS,review,review,review,other,2010-2014,20442,333,0.016289991194599354,True,review
89871,1998,INS,other,propose_new,other,other,1990-1999,947,333,0.35163674762407604,True,other
34895,2016,ESWA,propose_new,hybrid,hybrid,propose_new,2015-2019,20521,333,0.016227279372350276,True,propose_new
75524,2008,INS,apply,propose_new,propose_new,propose_new,2005-2009,13159,333,0.02530587430655825,True,propose_new
97148,2007,SSCI,apply,apply,propose_new,improve,2005-2009,13159,333,0.02530587430655825,True,apply
105984,2003,TEVC,review,propose_new,propose_new,theory,2000-2004,4013,333,0.08298031397956641,True,propose_new
102106,2018,SWEVC,improve,improve,improve,improve,2015-2019,20521,333,0.016227279372350276,True,improve
41111,2023,ESWA,apply,apply,apply,apply,2020-2025,40240,333,0.008275347912524851,True,apply
74856,2009,INS,other,improve,other,other,2005-2009,13159,333,0.02530587430655825,True,other
77463,2016,INS,other,propose_new,propose_new,propose_new,2015-2019,20521,333,0.016227279372350276,True,propose_new
117847,2001,CEC,hybrid,hybrid,hybrid,propose_new,2000-2004,4013,333,0.08298031397956641,True,hybrid
89282,2003,INS,apply,propose_new,propose_new,improve,2000-2004,4013,333,0.08298031397956641,True,propose_new
75484,2008,INS,propose_new,propose_new,propose_new,apply,2005-2009,13159,333,0.02530587430655825,True,propose_new
3823,2012,ASOC,apply,apply,apply,apply,2010-2014,20442,333,0.016289991194599354,True,apply
48854,2025,ESWA,propose_new,propose_new,propose_new,propose_new,2020-2025,40240,333,0.008275347912524851,True,propose_new
118122,2002,CEC,propose_new,propose_new,propose_new,apply,2000-2004,4013,333,0.08298031397956641,True,propose_new
93868,1996,PPSN,hybrid,propose_new,propose_new,propose_new,1990-1999,947,333,0.35163674762407604,True,propose_new
32211,2012,ESWA,apply,apply,apply,apply,2010-2014,20442,333,0.016289991194599354,True,apply
18598,2019,CEC,hybrid,propose_new,improve,improve,2015-2019,20521,333,0.016227279372350276,True,improve
68124,2025,GECCO,propose_new,propose_new,propose_new,propose_new,2020-2025,40240,333,0.008275347912524851,True,propose_new
5613,2018,ASOC,apply,apply,propose_new,other,2015-2019,20521,333,0.016227279372350276,True,apply
18099,2008,CEC,improve,improve,improve,improve,2005-2009,13159,333,0.02530587430655825,True,improve
57551,2000,EUROGP,propose_new,hybrid,propose_new,propose_new,2000-2004,4013,333,0.08298031397956641,True,propose_new
96679,2009,SSCI,apply,apply,benchmark,apply,2005-2009,13159,333,0.02530587430655825,True,apply
94154,1991,PPSN,improve,hybrid,other,other,1990-1999,947,333,0.35163674762407604,True,other
32492,2012,ESWA,improve,improve,improve,improve,2010-2014,20442,333,0.016289991194599354,True,improve
73909,2012,INS,theory,theory,theory,theory,2010-2014,20442,333,0.016289991194599354,True,theory
88067,2025,INS,improve,hybrid,hybrid,propose_new,2020-2025,40240,333,0.008275347912524851,True,hybrid
28573,2011,ESWA,improve,improve,propose_new,improve,2010-2014,20442,333,0.016289991194599354,True,improve
93024,2012,PPSN,apply,benchmark,benchmark,propose_new,2010-2014,20442,333,0.016289991194599354,True,benchmark
98892,2019,SSCI,propose_new,propose_new,propose_new,propose_new,2015-2019,20521,333,0.016227279372350276,True,propose_new
34537,2016,ESWA,apply,apply,apply,apply,2015-2019,20521,333,0.016227279372350276,True,apply
84320,2024,INS,improve,improve,improve,improve,2020-2025,40240,333,0.008275347912524851,True,improve
120259,2012,GECCO,benchmark,benchmark,benchmark,apply,2010-2014,20442,333,0.016289991194599354,True,benchmark
6796,2017,ASOC,apply,propose_new,propose_new,apply,2015-2019,20521,333,0.016227279372350276,True,apply
93947,1996,PPSN,propose_new,propose_new,propose_new,other,1990-1999,947,333,0.35163674762407604,True,propose_new
89959,1998,INS,propose_new,hybrid,propose_new,propose_new,1990-1999,947,333,0.35163674762407604,True,propose_new
22481,2021,CEC,improve,improve,improve,improve,2020-2025,40240,333,0.008275347912524851,True,improve
89749,1999,INS,theory,other,other,theory,1990-1999,947,333,0.35163674762407604,True,theory
78285,2016,INS,propose_new,propose_new,propose_new,propose_new,2015-2019,20521,333,0.016227279372350276,True,propose_new
25725,2009,ESWA,apply,apply,propose_new,apply,2005-2009,13159,333,0.02530587430655825,True,apply
95132,2014,SSCI,other,other,other,other,2010-2014,20442,333,0.016289991194599354,True,other
89928,1998,INS,improve,theory,propose_new,propose_new,1990-1999,947,333,0.35163674762407604,True,propose_new
35832,2016,ESWA,apply,apply,apply,apply,2015-2019,20521,333,0.016227279372350276,True,apply
93521,2004,PPSN,apply,apply,apply,apply,2000-2004,4013,333,0.08298031397956641,True,apply
40001,2022,ESWA,propose_new,propose_new,propose_new,propose_new,2020-2025,40240,333,0.008275347912524851,True,propose_new
61591,2005,GECCO,propose_new,hybrid,hybrid,propose_new,2005-2009,13159,333,0.02530587430655825,True,propose_new
2972,2014,ASOC,review,review,review,review,2010-2014,20442,333,0.016289991194599354,True,review
89186,2004,INS,other,propose_new,propose_new,other,2000-2004,4013,333,0.08298031397956641,True,other
73833,2013,INS,apply,propose_new,propose_new,propose_new,2010-2014,20442,333,0.016289991194599354,True,propose_new
2313,2015,ASOC,propose_new,propose_new,propose_new,propose_new,2015-2019,20521,333,0.016227279372350276,True,propose_new
118415,2003,CEC,theory,theory,propose_new,theory,2000-2004,4013,333,0.08298031397956641,True,theory
15350,2005,CEC,theory,theory,theory,theory,2005-2009,13159,333,0.02530587430655825,True,theory
106149,1998,TEVC,propose_new,propose_new,propose_new,propose_new,1990-1999,947,333,0.35163674762407604,True,propose_new
30558,2014,ESWA,apply,propose_new,apply,other,2010-2014,20442,333,0.016289991194599354,True,apply
38165,2019,ESWA,propose_new,propose_new,propose_new,propose_new,2015-2019,20521,333,0.016227279372350276,True,propose_new
73179,2013,INS,propose_new,propose_new,propose_new,other,2010-2014,20442,333,0.016289991194599354,True,propose_new
3831,2012,ASOC,hybrid,hybrid,propose_new,propose_new,2010-2014,20442,333,0.016289991194599354,True,hybrid
61992,2003,GECCO,theory,theory,theory,other,2000-2004,4013,333,0.08298031397956641,True,theory
3188,2014,ASOC,propose_new,propose_new,propose_new,propose_new,2010-2014,20442,333,0.016289991194599354,True,propose_new
106102,2000,TEVC,propose_new,propose_new,propose_new,propose_new,2000-2004,4013,333,0.08298031397956641,True,propose_new
30366,2014,ESWA,other,propose_new,propose_new,other,2010-2014,20442,333,0.016289991194599354,True,other
75593,2008,INS,apply,apply,apply,apply,2005-2009,13159,333,0.02530587430655825,True,apply
10448,2025,ASOC,propose_new,propose_new,propose_new,propose_new,2020-2025,40240,333,0.008275347912524851,True,propose_new
71815,2016,ICSI,apply,propose_new,propose_new,apply,2015-2019,20521,333,0.016227279372350276,True,apply
19062,2018,CEC,improve,improve,improve,improve,2015-2019,20521,333,0.016227279372350276,True,improve
105636,2010,TEVC,hybrid,hybrid,hybrid,propose_new,2010-2014,20442,333,0.016289991194599354,True,hybrid
94020,1994,PPSN,improve,improve,improve,improve,1990-1999,947,333,0.35163674762407604,True,improve
2497,2015,ASOC,propose_new,propose_new,propose_new,apply,2015-2019,20521,333,0.016227279372350276,True,propose_new
117941,2001,CEC,propose_new,improve,propose_new,apply,2000-2004,4013,333,0.08298031397956641,True,propose_new
4899,2018,ASOC,propose_new,propose_new,propose_new,propose_new,2015-2019,20521,333,0.016227279372350276,True,propose_new
11365,2024,ASOC,propose_new,propose_new,propose_new,propose_new,2020-2025,40240,333,0.008275347912524851,True,propose_new
94117,1992,PPSN,theory,,other,other,1990-1999,947,333,0.35163674762407604,True,other
90003,1998,INS,other,propose_new,propose_new,other,1990-1999,947,333,0.35163674762407604,True,other
83146,2021,INS,propose_new,propose_new,propose_new,propose_new,2020-2025,40240,333,0.008275347912524851,True,propose_new
63023,2013,GECCO,hybrid,hybrid,hybrid,propose_new,2010-2014,20442,333,0.016289991194599354,True,hybrid
5127,2019,ASOC,improve,improve,propose_new,propose_new,2015-2019,20521,333,0.016227279372350276,True,improve
31715,2012,ESWA,apply,apply,apply,apply,2010-2014,20442,333,0.016289991194599354,True,apply
23549,2011,CIM,other,other,other,other,2010-2014,20442,333,0.016289991194599354,True,other
89818,1999,INS,theory,propose_new,propose_new,theory,1990-1999,947,333,0.35163674762407604,True,theory
91612,2022,NATCOMP,review,review,review,review,2020-2025,40240,333,0.008275347912524851,True,review
65046,2008,GECCO,propose_new,propose_new,propose_new,propose_new,2005-2009,13159,333,0.02530587430655825,True,propose_new
60776,2007,GECCO,apply,apply,apply,apply,2005-2009,13159,333,0.02530587430655825,True,apply
17993,2008,CEC,propose_new,propose_new,propose_new,propose_new,2005-2009,13159,333,0.02530587430655825,True,propose_new
61657,2005,GECCO,apply,apply,apply,apply,2005-2009,13159,333,0.02530587430655825,True,apply
57406,2003,EUROGP,improve,improve,improve,improve,2000-2004,4013,333,0.08298031397956641,True,improve
118172,2002,CEC,apply,apply,apply,apply,2000-2004,4013,333,0.08298031397956641,True,apply
75059,2009,INS,apply,other,other,other,2005-2009,13159,333,0.02530587430655825,True,other
2028,2016,ASOC,improve,benchmark,benchmark,apply,2015-2019,20521,333,0.016227279372350276,True,benchmark
99435,2018,SSCI,propose_new,propose_new,propose_new,propose_new,2015-2019,20521,333,0.016227279372350276,True,propose_new
31802,2012,ESWA,apply,apply,apply,apply,2010-2014,20442,333,0.016289991194599354,True,apply
46828,2025,ESWA,propose_new,propose_new,propose_new,propose_new,2020-2025,40240,333,0.008275347912524851,True,propose_new
94106,1992,PPSN,benchmark,benchmark,benchmark,other,1990-1999,947,333,0.35163674762407604,True,benchmark
5974,2019,ASOC,apply,apply,apply,propose_new,2015-2019,20521,333,0.016227279372350276,True,apply
15260,2006,CEC,improve,improve,propose_new,improve,2005-2009,13159,333,0.02530587430655825,True,improve
61927,2003,GECCO,hybrid,hybrid,hybrid,apply,2000-2004,4013,333,0.08298031397956641,True,hybrid
18075,2008,CEC,propose_new,propose_new,propose_new,propose_new,2005-2009,13159,333,0.02530587430655825,True,propose_new
17873,2008,CEC,improve,propose_new,propose_new,propose_new,2005-2009,13159,333,0.02530587430655825,True,propose_new
66314,2018,GECCO,improve,improve,improve,improve,2015-2019,20521,333,0.016227279372350276,True,improve
12186,2024,ASOC,propose_new,propose_new,propose_new,propose_new,2020-2025,40240,333,0.008275347912524851,True,propose_new
58806,2016,EVOCOP,propose_new,apply,propose_new,apply,2015-2019,20521,333,0.016227279372350276,True,propose_new
2443,2014,ASOC,apply,apply,apply,apply,2010-2014,20442,333,0.016289991194599354,True,apply
37573,2020,ESWA,propose_new,propose_new,propose_new,propose_new,2020-2025,40240,333,0.008275347912524851,True,propose_new
38399,2019,ESWA,propose_new,propose_new,propose_new,propose_new,2015-2019,20521,333,0.016227279372350276,True,propose_new
3134,2014,ASOC,propose_new,propose_new,,propose_new,2010-2014,20442,333,0.016289991194599354,True,propose_new
57000,2018,EUROGP,propose_new,propose_new,propose_new,propose_new,2015-2019,20521,333,0.016227279372350276,True,propose_new
26614,2009,ESWA,apply,apply,apply,apply,2005-2009,13159,333,0.02530587430655825,True,apply
118301,2002,CEC,improve,improve,improve,improve,2000-2004,4013,333,0.08298031397956641,True,improve
31107,2013,ESWA,other,propose_new,propose_new,propose_new,2010-2014,20442,333,0.016289991194599354,True,propose_new
79066,2020,INS,propose_new,propose_new,propose_new,propose_new,2020-2025,40240,333,0.008275347912524851,True,propose_new
81375,2018,INS,improve,propose_new,theory,theory,2015-2019,20521,333,0.016227279372350276,True,theory
101375,2023,SWEVC,propose_new,improve,propose_new,propose_new,2020-2025,40240,333,0.008275347912524851,True,propose_new
106088,2000,TEVC,propose_new,propose_new,propose_new,propose_new,2000-2004,4013,333,0.08298031397956641,True,propose_new
3765,2013,ASOC,improve,propose_new,propose_new,propose_new,2010-2014,20442,333,0.016289991194599354,True,propose_new
93694,1998,PPSN,theory,theory,theory,theory,1990-1999,947,333,0.35163674762407604,True,theory
43165,2024,ESWA,other,other,other,other,2020-2025,40240,333,0.008275347912524851,True,other
93445,2002,PPSN,improve,improve,hybrid,hybrid,2000-2004,4013,333,0.08298031397956641,True,improve
72086,2015,ICSI,other,other,other,apply,2015-2019,20521,333,0.016227279372350276,True,other
90938,1996,JOH,review,review,review,review,1990-1999,947,333,0.35163674762407604,True,review
62312,2003,GECCO,apply,apply,apply,apply,2000-2004,4013,333,0.08298031397956641,True,apply
9258,2021,ASOC,propose_new,propose_new,propose_new,propose_new,2020-2025,40240,333,0.008275347912524851,True,propose_new
6852,2023,ASOC,propose_new,propose_new,propose_new,propose_new,2020-2025,40240,333,0.008275347912524851,True,propose_new
89983,1997,INS,propose_new,propose_new,propose_new,other,1990-1999,947,333,0.35163674762407604,True,propose_new
101933,2019,SWEVC,improve,apply,propose_new,improve,2015-2019,20521,333,0.016227279372350276,True,improve
91265,2017,MEMETIC,propose_new,propose_new,hybrid,hybrid,2015-2019,20521,333,0.016227279372350276,True,propose_new
90031,1997,INS,other,propose_new,other,other,1990-1999,947,333,0.35163674762407604,True,other
89518,2000,INS,apply,apply,apply,apply,2000-2004,4013,333,0.08298031397956641,True,apply
101913,2019,SWEVC,propose_new,improve,propose_new,propose_new,2015-2019,20521,333,0.016227279372350276,True,propose_new
59590,2023,EVOINT,improve,improve,propose_new,propose_new,2020-2025,40240,333,0.008275347912524851,True,improve
66404,2018,GECCO,hybrid,propose_new,,propose_new,2015-2019,20521,333,0.016227279372350276,True,propose_new
117974,2001,CEC,propose_new,propose_new,propose_new,propose_new,2000-2004,4013,333,0.08298031397956641,True,propose_new
118235,2002,CEC,apply,apply,apply,apply,2000-2004,4013,333,0.08298031397956641,True,apply
28538,2010,ESWA,apply,propose_new,apply,apply,2010-2014,20442,333,0.016289991194599354,True,apply
63892,2010,GECCO,benchmark,benchmark,benchmark,benchmark,2010-2014,20442,333,0.016289991194599354,True,benchmark
24457,2017,EMO,theory,benchmark,benchmark,improve,2015-2019,20521,333,0.016227279372350276,True,benchmark
99498,2018,SSCI,apply,apply,apply,apply,2015-2019,20521,333,0.016227279372350276,True,apply
58164,2016,EVOAPP,improve,improve,improve,improve,2015-2019,20521,333,0.016227279372350276,True,improve
83825,2021,INS,propose_new,propose_new,propose_new,propose_new,2020-2025,40240,333,0.008275347912524851,True,propose_new
60481,2009,FOGA,theory,theory,theory,theory,2005-2009,13159,333,0.02530587430655825,True,theory
93720,1998,PPSN,theory,propose_new,theory,propose_new,1990-1999,947,333,0.35163674762407604,True,theory
32815,2012,ESWA,propose_new,propose_new,propose_new,propose_new,2010-2014,20442,333,0.016289991194599354,True,propose_new
122794,2005,INS,other,other,other,other,2005-2009,13159,333,0.02530587430655825,True,other
24906,2003,EMO,propose_new,propose_new,propose_new,propose_new,2000-2004,4013,333,0.08298031397956641,True,propose_new
89352,2003,INS,other,propose_new,propose_new,propose_new,2000-2004,4013,333,0.08298031397956641,True,propose_new
89842,1998,INS,theory,other,other,theory,1990-1999,947,333,0.35163674762407604,True,theory
71751,2016,ICSI,other,propose_new,propose_new,theory,2015-2019,20521,333,0.016227279372350276,True,propose_new
44440,2024,ESWA,propose_new,propose_new,propose_new,propose_new,2020-2025,40240,333,0.008275347912524851,True,propose_new
118979,2004,CEC,theory,theory,theory,theory,2000-2004,4013,333,0.08298031397956641,True,theory
78179,2014,INS,review,review,review,review,2010-2014,20442,333,0.016289991194599354,True,review
60362,2025,FOGA,propose_new,propose_new,propose_new,propose_new,2020-2025,40240,333,0.008275347912524851,True,propose_new
93874,1996,PPSN,theory,theory,theory,theory,1990-1999,947,333,0.35163674762407604,True,theory
10407,2025,ASOC,propose_new,propose_new,propose_new,propose_new,2020-2025,40240,333,0.008275347912524851,True,propose_new
93979,1994,PPSN,propose_new,propose_new,propose_new,propose_new,1990-1999,947,333,0.35163674762407604,True,propose_new
94004,1994,PPSN,theory,theory,theory,theory,1990-1999,947,333,0.35163674762407604,True,theory
64461,2009,GECCO,benchmark,benchmark,benchmark,benchmark,2005-2009,13159,333,0.02530587430655825,True,benchmark
14394,2007,CEC,other,propose_new,propose_new,propose_new,2005-2009,13159,333,0.02530587430655825,True,propose_new
73875,2012,INS,improve,improve,improve,improve,2010-2014,20442,333,0.016289991194599354,True,improve
47073,2025,ESWA,propose_new,propose_new,propose_new,propose_new,2020-2025,40240,333,0.008275347912524851,True,propose_new
89699,2000,INS,improve,improve,improve,improve,2000-2004,4013,333,0.08298031397956641,True,improve
89256,2003,INS,theory,theory,theory,theory,2000-2004,4013,333,0.08298031397956641,True,theory
22974,2024,CIM,review,other,other,other,2020-2025,40240,333,0.008275347912524851,True,other
93987,1994,PPSN,propose_new,propose_new,propose_new,propose_new,1990-1999,947,333,0.35163674762407604,True,propose_new
5211,2019,ASOC,apply,propose_new,propose_new,propose_new,2015-2019,20521,333,0.016227279372350276,True,propose_new
36630,2021,ESWA,improve,improve,improve,improve,2020-2025,40240,333,0.008275347912524851,True,improve
6172,2017,ASOC,improve,improve,improve,improve,2015-2019,20521,333,0.016227279372350276,True,improve
99836,2017,SSCI,apply,apply,apply,apply,2015-2019,20521,333,0.016227279372350276,True,apply
33563,2017,ESWA,apply,propose_new,apply,apply,2015-2019,20521,333,0.016227279372350276,True,apply
20842,2014,CEC,apply,apply,propose_new,apply,2010-2014,20442,333,0.016289991194599354,True,apply
43126,2024,ESWA,propose_new,propose_new,propose_new,propose_new,2020-2025,40240,333,0.008275347912524851,True,propose_new
3764,2013,ASOC,apply,apply,benchmark,propose_new,2010-2014,20442,333,0.016289991194599354,True,apply
30086,2010,ESWA,other,propose_new,other,propose_new,2010-2014,20442,333,0.016289991194599354,True,other
24255,2025,EMO,improve,improve,improve,improve,2020-2025,40240,333,0.008275347912524851,True,improve
17033,2010,CEC,apply,apply,propose_new,apply,2010-2014,20442,333,0.016289991194599354,True,apply
103237,2024,TETCI,propose_new,propose_new,propose_new,propose_new,2020-2025,40240,333,0.008275347912524851,True,propose_new
94008,1994,PPSN,hybrid,hybrid,hybrid,hybrid,1990-1999,947,333,0.35163674762407604,True,hybrid
118128,2002,CEC,hybrid,hybrid,hybrid,hybrid,2000-2004,4013,333,0.08298031397956641,True,hybrid
14399,2007,CEC,propose_new,improve,propose_new,propose_new,2005-2009,13159,333,0.02530587430655825,True,propose_new
3578,2013,ASOC,apply,hybrid,propose_new,apply,2010-2014,20442,333,0.016289991194599354,True,apply
1011,2008,ASOC,hybrid,hybrid,propose_new,propose_new,2005-2009,13159,333,0.02530587430655825,True,hybrid
33097,2012,ESWA,apply,hybrid,hybrid,apply,2010-2014,20442,333,0.016289991194599354,True,apply
89770,1999,INS,propose_new,propose_new,propose_new,propose_new,1990-1999,947,333,0.35163674762407604,True,propose_new
78892,2014,INS,propose_new,propose_new,propose_new,propose_new,2010-2014,20442,333,0.016289991194599354,True,propose_new
69996,2021,GECCO,propose_new,propose_new,propose_new,propose_new,2020-2025,40240,333,0.008275347912524851,True,propose_new
89693,1999,INS,theory,other,theory,other,1990-1999,947,333,0.35163674762407604,True,theory
80459,2018,INS,theory,theory,theory,theory,2015-2019,20521,333,0.016227279372350276,True,theory
70290,2021,GECCO,improve,improve,improve,improve,2020-2025,40240,333,0.008275347912524851,True,improve
93536,2004,PPSN,theory,theory,theory,theory,2000-2004,4013,333,0.08298031397956641,True,theory
98326,2021,SSCI,improve,apply,,improve,2020-2025,40240,333,0.008275347912524851,True,improve
89998,1997,INS,other,propose_new,other,propose_new,1990-1999,947,333,0.35163674762407604,True,other
100974,2024,SWEVC,propose_new,propose_new,propose_new,propose_new,2020-2025,40240,333,0.008275347912524851,True,propose_new
117962,2001,CEC,improve,improve,improve,improve,2000-2004,4013,333,0.08298031397956641,True,improve
116712,2007,ECJ,propose_new,propose_new,propose_new,propose_new,2005-2009,13159,333,0.02530587430655825,True,propose_new
94162,1991,PPSN,apply,apply,apply,apply,1990-1999,947,333,0.35163674762407604,True,apply
93900,1996,PPSN,propose_new,propose_new,propose_new,other,1990-1999,947,333,0.35163674762407604,True,propose_new
5093,2019,ASOC,apply,improve,propose_new,propose_new,2015-2019,20521,333,0.016227279372350276,True,propose_new
95213,2014,SSCI,improve,improve,improve,improve,2010-2014,20442,333,0.016289991194599354,True,improve
30942,2013,ESWA,apply,propose_new,apply,apply,2010-2014,20442,333,0.016289991194599354,True,apply
93715,1998,PPSN,propose_new,propose_new,propose_new,hybrid,1990-1999,947,333,0.35163674762407604,True,propose_new
70457,2021,GPEM,benchmark,benchmark,benchmark,theory,2020-2025,40240,333,0.008275347912524851,True,benchmark
118375,2003,CEC,apply,apply,apply,propose_new,2000-2004,4013,333,0.08298031397956641,True,apply
65708,2019,GECCO,apply,apply,apply,apply,2015-2019,20521,333,0.016227279372350276,True,apply
90007,1998,INS,propose_new,propose_new,propose_new,propose_new,1990-1999,947,333,0.35163674762407604,True,propose_new
57527,2000,EUROGP,theory,theory,theory,theory,2000-2004,4013,333,0.08298031397956641,True,theory
77021,2016,INS,other,other,propose_new,propose_new,2015-2019,20521,333,0.016227279372350276,True,other
93787,1996,PPSN,review,other,other,other,1990-1999,947,333,0.35163674762407604,True,other
79456,2019,INS,theory,theory,theory,theory,2015-2019,20521,333,0.016227279372350276,True,theory
89404,2002,INS,other,propose_new,other,other,2000-2004,4013,333,0.08298031397956641,True,other
5151,2019,ASOC,propose_new,propose_new,propose_new,propose_new,2015-2019,20521,333,0.016227279372350276,True,propose_new
1005,2008,ASOC,propose_new,propose_new,propose_new,propose_new,2005-2009,13159,333,0.02530587430655825,True,propose_new
97122,2007,SSCI,apply,improve,improve,apply,2005-2009,13159,333,0.02530587430655825,True,apply
93822,1996,PPSN,theory,propose_new,propose_new,propose_new,1990-1999,947,333,0.35163674762407604,True,propose_new
97134,2007,SSCI,apply,apply,apply,apply,2005-2009,13159,333,0.02530587430655825,True,apply
27228,2005,ESWA,other,other,other,other,2005-2009,13159,333,0.02530587430655825,True,other
82258,2022,INS,propose_new,propose_new,propose_new,propose_new,2020-2025,40240,333,0.008275347912524851,True,propose_new
89976,1998,INS,propose_new,improve,propose_new,propose_new,1990-1999,947,333,0.35163674762407604,True,propose_new
120915,2011,SSCI,improve,apply,apply,apply,2010-2014,20442,333,0.016289991194599354,True,apply
89977,1998,INS,propose_new,propose_new,propose_new,propose_new,1990-1999,947,333,0.35163674762407604,True,propose_new
90795,2003,JOH,improve,apply,propose_new,propose_new,2000-2004,4013,333,0.08298031397956641,True,propose_new
73509,2013,INS,propose_new,apply,propose_new,propose_new,2010-2014,20442,333,0.016289991194599354,True,propose_new
122733,2005,INS,other,other,other,other,2005-2009,13159,333,0.02530587430655825,True,other
124635,2010,INS,other,other,other,other,2010-2014,20442,333,0.016289991194599354,True,other
63848,2010,GECCO,benchmark,benchmark,benchmark,benchmark,2010-2014,20442,333,0.016289991194599354,True,benchmark
106084,2001,TEVC,benchmark,benchmark,benchmark,benchmark,2000-2004,4013,333,0.08298031397956641,True,benchmark
24179,2001,ECJ,improve,propose_new,propose_new,propose_new,2000-2004,4013,333,0.08298031397956641,True,propose_new
93763,1998,PPSN,hybrid,apply,hybrid,apply,1990-1999,947,333,0.35163674762407604,True,hybrid
70661,2013,GPEM,benchmark,benchmark,benchmark,benchmark,2010-2014,20442,333,0.016289991194599354,True,benchmark
117736,2000,CEC,propose_new,propose_new,propose_new,propose_new,2000-2004,4013,333,0.08298031397956641,True,propose_new
93954,1996,PPSN,hybrid,apply,apply,other,1990-1999,947,333,0.35163674762407604,True,apply
94211,1991,PPSN,apply,apply,apply,apply,1990-1999,947,333,0.35163674762407604,True,apply
118715,2003,CEC,propose_new,propose_new,propose_new,propose_new,2000-2004,4013,333,0.08298031397956641,True,propose_new
93773,1998,PPSN,theory,theory,theory,theory,1990-1999,947,333,0.35163674762407604,True,theory
72176,2012,ICSI,propose_new,propose_new,propose_new,propose_new,2010-2014,20442,333,0.016289991194599354,True,propose_new
95172,2014,SSCI,propose_new,propose_new,propose_new,propose_new,2010-2014,20442,333,0.016289991194599354,True,propose_new
77186,2016,INS,propose_new,propose_new,propose_new,propose_new,2015-2019,20521,333,0.016227279372350276,True,propose_new
4285,2020,ASOC,apply,propose_new,propose_new,apply,2020-2025,40240,333,0.008275347912524851,True,apply
120011,2012,GECCO,improve,improve,improve,propose_new,2010-2014,20442,333,0.016289991194599354,True,improve
76070,2017,INS,theory,theory,theory,theory,2015-2019,20521,333,0.016227279372350276,True,theory
106112,2000,TEVC,propose_new,apply,propose_new,propose_new,2000-2004,4013,333,0.08298031397956641,True,propose_new
7096,2023,ASOC,hybrid,propose_new,propose_new,propose_new,2020-2025,40240,333,0.008275347912524851,True,propose_new
93897,1996,PPSN,improve,propose_new,propose_new,other,1990-1999,947,333,0.35163674762407604,True,propose_new
3108,2014,ASOC,propose_new,propose_new,propose_new,propose_new,2010-2014,20442,333,0.016289991194599354,True,propose_new
98359,2021,SSCI,propose_new,propose_new,propose_new,propose_new,2020-2025,40240,333,0.008275347912524851,True,propose_new
75884,2006,INS,propose_new,propose_new,propose_new,propose_new,2005-2009,13159,333,0.02530587430655825,True,propose_new
25449,2009,ESWA,hybrid,propose_new,hybrid,hybrid,2005-2009,13159,333,0.02530587430655825,True,hybrid
34458,2016,ESWA,propose_new,propose_new,propose_new,apply,2015-2019,20521,333,0.016227279372350276,True,propose_new
89250,2004,INS,propose_new,propose_new,propose_new,propose_new,2000-2004,4013,333,0.08298031397956641,True,propose_new
61795,2003,GECCO,propose_new,apply,propose_new,other,2000-2004,4013,333,0.08298031397956641,True,propose_new
102190,2018,SWEVC,improve,propose_new,propose_new,propose_new,2015-2019,20521,333,0.016227279372350276,True,propose_new
86174,2023,INS,apply,propose_new,propose_new,propose_new,2020-2025,40240,333,0.008275347912524851,True,propose_new
14613,2007,CEC,improve,improve,improve,improve,2005-2009,13159,333,0.02530587430655825,True,improve
97648,2023,SSCI,hybrid,propose_new,propose_new,propose_new,2020-2025,40240,333,0.008275347912524851,True,propose_new
31012,2013,ESWA,apply,apply,improve,apply,2010-2014,20442,333,0.016289991194599354,True,apply
118557,2003,CEC,hybrid,hybrid,,apply,2000-2004,4013,333,0.08298031397956641,True,hybrid
91231,2018,MEMETIC,improve,,hybrid,improve,2015-2019,20521,333,0.016227279372350276,True,improve
89882,1999,INS,other,propose_new,other,other,1990-1999,947,333,0.35163674762407604,True,other
124215,2009,INS,review,review,review,other,2005-2009,13159,333,0.02530587430655825,True,review
34314,2017,ESWA,propose_new,propose_new,propose_new,propose_new,2015-2019,20521,333,0.016227279372350276,True,propose_new
66360,2018,GECCO,hybrid,hybrid,hybrid,hybrid,2015-2019,20521,333,0.016227279372350276,True,hybrid
93850,1996,PPSN,review,review,review,review,1990-1999,947,333,0.35163674762407604,True,review
117673,2000,CEC,apply,apply,apply,apply,2000-2004,4013,333,0.08298031397956641,True,apply
65223,2020,GECCO,hybrid,hybrid,propose_new,propose_new,2020-2025,40240,333,0.008275347912524851,True,hybrid
90700,2006,JOH,improve,improve,improve,improve,2005-2009,13159,333,0.02530587430655825,True,improve
89769,1999,INS,other,propose_new,propose_new,propose_new,1990-1999,947,333,0.35163674762407604,True,propose_new
57408,2004,EUROGP,apply,apply,apply,apply,2000-2004,4013,333,0.08298031397956641,True,apply
62264,2004,GECCO,apply,benchmark,benchmark,apply,2000-2004,4013,333,0.08298031397956641,True,apply
118520,2003,CEC,other,propose_new,propose_new,propose_new,2000-2004,4013,333,0.08298031397956641,True,propose_new
118581,2003,CEC,apply,other,other,other,2000-2004,4013,333,0.08298031397956641,True,other
71949,2015,ICSI,propose_new,improve,improve,propose_new,2015-2019,20521,333,0.016227279372350276,True,propose_new
90080,1997,INS,propose_new,propose_new,propose_new,other,1990-1999,947,333,0.35163674762407604,True,propose_new
77014,2016,INS,improve,improve,improve,propose_new,2015-2019,20521,333,0.016227279372350276,True,improve
89386,2003,INS,propose_new,,,propose_new,2000-2004,4013,333,0.08298031397956641,False,propose_new
15187,2005,CEC,propose_new,propose_new,propose_new,propose_new,2005-2009,13159,333,0.02530587430655825,True,propose_new
94712,2016,SSCI,theory,theory,theory,theory,2015-2019,20521,333,0.016227279372350276,True,theory
15333,2005,CEC,hybrid,hybrid,hybrid,propose_new,2005-2009,13159,333,0.02530587430655825,True,hybrid
66242,2018,GECCO,review,review,review,review,2015-2019,20521,333,0.016227279372350276,True,review
104322,2025,TEVC,propose_new,propose_new,propose_new,propose_new,2020-2025,40240,333,0.008275347912524851,True,propose_new
72052,2015,ICSI,hybrid,hybrid,hybrid,hybrid,2015-2019,20521,333,0.016227279372350276,True,hybrid
1397,2016,ASOC,hybrid,improve,propose_new,propose_new,2015-2019,20521,333,0.016227279372350276,True,propose_new
93760,1998,PPSN,propose_new,propose_new,propose_new,propose_new,1990-1999,947,333,0.35163674762407604,True,propose_new
93122,2010,PPSN,propose_new,propose_new,propose_new,propose_new,2010-2014,20442,333,0.016289991194599354,True,propose_new
94344,2003,SOFTCOMP,theory,other,other,other,2000-2004,4013,333,0.08298031397956641,True,other
105134,2018,TEVC,improve,improve,improve,improve,2015-2019,20521,333,0.016227279372350276,True,improve
30466,2014,ESWA,propose_new,propose_new,propose_new,propose_new,2010-2014,20442,333,0.016289991194599354,True,propose_new
70830,2004,GPEM,apply,propose_new,apply,apply,2000-2004,4013,333,0.08298031397956641,True,apply
65094,2008,GECCO,propose_new,propose_new,propose_new,propose_new,2005-2009,13159,333,0.02530587430655825,True,propose_new
63281,2011,GECCO,other,other,other,other,2010-2014,20442,333,0.016289991194599354,True,other
93837,1996,PPSN,theory,benchmark,benchmark,theory,1990-1999,947,333,0.35163674762407604,True,theory
89979,1998,INS,improve,improve,propose_new,propose_new,1990-1999,947,333,0.35163674762407604,True,improve
28297,2011,ESWA,propose_new,propose_new,propose_new,propose_new,2010-2014,20442,333,0.016289991194599354,True,propose_new
60647,2007,GECCO,propose_new,propose_new,propose_new,propose_new,2005-2009,13159,333,0.02530587430655825,True,propose_new
117930,2001,CEC,apply,apply,apply,apply,2000-2004,4013,333,0.08298031397956641,True,apply
90340,2019,JOH,hybrid,hybrid,hybrid,hybrid,2015-2019,20521,333,0.016227279372350276,True,hybrid
1244,2005,ASOC,apply,propose_new,propose_new,apply,2005-2009,13159,333,0.02530587430655825,True,apply
27393,2005,ESWA,propose_new,apply,propose_new,apply,2005-2009,13159,333,0.02530587430655825,True,propose_new
123990,2009,INS,apply,apply,apply,apply,2005-2009,13159,333,0.02530587430655825,True,apply
90062,1997,INS,hybrid,propose_new,propose_new,benchmark,1990-1999,947,333,0.35163674762407604,True,propose_new
24137,2005,ECJ,propose_new,propose_new,propose_new,propose_new,2005-2009,13159,333,0.02530587430655825,True,propose_new
90052,1997,INS,theory,theory,theory,theory,1990-1999,947,333,0.35163674762407604,True,theory
20401,2015,CEC,improve,improve,benchmark,benchmark,2015-2019,20521,333,0.016227279372350276,True,improve
91618,2022,NATCOMP,other,benchmark,other,improve,2020-2025,40240,333,0.008275347912524851,True,other
27811,2011,ESWA,hybrid,apply,,apply,2010-2014,20442,333,0.016289991194599354,True,apply
99389,2018,SSCI,other,propose_new,other,other,2015-2019,20521,333,0.016227279372350276,True,other
74809,2010,INS,propose_new,propose_new,propose_new,propose_new,2010-2014,20442,333,0.016289991194599354,True,propose_new
33463,2018,ESWA,improve,improve,improve,improve,2015-2019,20521,333,0.016227279372350276,True,improve
60797,2007,GECCO,review,review,review,review,2005-2009,13159,333,0.02530587430655825,True,review
25488,2009,ESWA,apply,propose_new,propose_new,apply,2005-2009,13159,333,0.02530587430655825,True,apply
21674,2024,CEC,hybrid,hybrid,hybrid,hybrid,2020-2025,40240,333,0.008275347912524851,True,hybrid
59029,2007,EVOCOP,hybrid,hybrid,hybrid,hybrid,2005-2009,13159,333,0.02530587430655825,True,hybrid
939,2009,ASOC,propose_new,propose_new,propose_new,propose_new,2005-2009,13159,333,0.02530587430655825,True,propose_new
89836,1998,INS,other,propose_new,propose_new,propose_new,1990-1999,947,333,0.35163674762407604,True,propose_new
9117,2021,ASOC,propose_new,propose_new,propose_new,propose_new,2020-2025,40240,333,0.008275347912524851,True,propose_new
47007,2025,ESWA,propose_new,propose_new,propose_new,propose_new,2020-2025,40240,333,0.008275347912524851,True,propose_new
93803,1996,PPSN,improve,propose_new,propose_new,improve,1990-1999,947,333,0.35163674762407604,True,improve
122877,2006,INS,review,review,review,other,2005-2009,13159,333,0.02530587430655825,True,review
32079,2012,ESWA,propose_new,propose_new,propose_new,propose_new,2010-2014,20442,333,0.016289991194599354,True,propose_new
90081,1997,INS,propose_new,propose_new,propose_new,propose_new,1990-1999,947,333,0.35163674762407604,True,propose_new
123198,2006,INS,other,other,other,other,2005-2009,13159,333,0.02530587430655825,True,other
89009,2004,INS,theory,other,theory,theory,2000-2004,4013,333,0.08298031397956641,True,theory
26992,2008,ESWA,propose_new,propose_new,propose_new,apply,2005-2009,13159,333,0.02530587430655825,True,propose_new
100326,2008,SWARMINT,improve,improve,improve,improve,2005-2009,13159,333,0.02530587430655825,True,improve
93788,1996,PPSN,theory,theory,theory,propose_new,1990-1999,947,333,0.35163674762407604,True,theory
92036,2015,NATCOMP,theory,theory,theory,theory,2015-2019,20521,333,0.016227279372350276,True,theory
89866,1998,INS,other,apply,other,apply,1990-1999,947,333,0.35163674762407604,True,other
95450,2014,SSCI,apply,apply,apply,apply,2010-2014,20442,333,0.016289991194599354,True,apply
120729,2011,SSCI,propose_new,propose_new,propose_new,propose_new,2010-2014,20442,333,0.016289991194599354,True,propose_new
4623,2019,ASOC,propose_new,propose_new,propose_new,propose_new,2015-2019,20521,333,0.016227279372350276,True,propose_new
85738,2023,INS,theory,theory,theory,theory,2020-2025,40240,333,0.008275347912524851,True,theory
104617,2023,TEVC,propose_new,improve,propose_new,improve,2020-2025,40240,333,0.008275347912524851,True,propose_new
85492,2024,INS,propose_new,propose_new,propose_new,propose_new,2020-2025,40240,333,0.008275347912524851,True,propose_new
26412,2008,ESWA,propose_new,propose_new,propose_new,propose_new,2005-2009,13159,333,0.02530587430655825,True,propose_new
90856,1999,JOH,improve,apply,improve,improve,1990-1999,947,333,0.35163674762407604,True,improve
31669,2013,ESWA,hybrid,hybrid,hybrid,propose_new,2010-2014,20442,333,0.016289991194599354,True,hybrid
74689,2010,INS,propose_new,propose_new,propose_new,propose_new,2010-2014,20442,333,0.016289991194599354,True,propose_new
90921,1997,JOH,apply,apply,apply,apply,1990-1999,947,333,0.35163674762407604,True,apply
96379,2014,SSCI,hybrid,hybrid,hybrid,hybrid,2010-2014,20442,333,0.016289991194599354,True,hybrid
27200,2006,ESWA,propose_new,propose_new,propose_new,propose_new,2005-2009,13159,333,0.02530587430655825,True,propose_new
123975,2009,INS,other,other,apply,other,2005-2009,13159,333,0.02530587430655825,True,other
89418,2002,INS,apply,apply,apply,propose_new,2000-2004,4013,333,0.08298031397956641,True,apply
24917,2001,EMO,improve,improve,improve,improve,2000-2004,4013,333,0.08298031397956641,True,improve
103636,2022,TETCI,propose_new,propose_new,propose_new,propose_new,2020-2025,40240,333,0.008275347912524851,True,propose_new
99463,2018,SSCI,other,other,other,apply,2015-2019,20521,333,0.016227279372350276,True,other
89636,2000,INS,theory,apply,other,theory,2000-2004,4013,333,0.08298031397956641,True,theory
93938,1996,PPSN,apply,apply,apply,apply,1990-1999,947,333,0.35163674762407604,True,apply
99635,2017,SSCI,theory,theory,theory,theory,2015-2019,20521,333,0.016227279372350276,True,theory
1132,2008,ASOC,apply,apply,hybrid,propose_new,2005-2009,13159,333,0.02530587430655825,True,apply
90742,2004,JOH,propose_new,propose_new,propose_new,propose_new,2000-2004,4013,333,0.08298031397956641,True,propose_new
89923,1998,INS,theory,theory,theory,theory,1990-1999,947,333,0.35163674762407604,True,theory
18021,2008,CEC,apply,apply,propose_new,apply,2005-2009,13159,333,0.02530587430655825,True,apply
123,2009,OTHER,other,benchmark,other,other,2005-2009,13159,333,0.02530587430655825,True,other
90039,1998,INS,propose_new,propose_new,propose_new,propose_new,1990-1999,947,333,0.35163674762407604,True,propose_new
105999,2002,TEVC,apply,propose_new,propose_new,propose_new,2000-2004,4013,333,0.08298031397956641,True,propose_new
21700,2024,CEC,propose_new,propose_new,propose_new,propose_new,2020-2025,40240,333,0.008275347912524851,True,propose_new
1292,2004,ASOC,apply,hybrid,propose_new,propose_new,2000-2004,4013,333,0.08298031397956641,True,propose_new
39406,2022,ESWA,improve,improve,improve,improve,2020-2025,40240,333,0.008275347912524851,True,improve
60809,2007,GECCO,hybrid,hybrid,hybrid,hybrid,2005-2009,13159,333,0.02530587430655825,True,hybrid
30846,2013,ESWA,apply,apply,apply,apply,2010-2014,20442,333,0.016289991194599354,True,apply
103624,2023,TETCI,propose_new,propose_new,propose_new,propose_new,2020-2025,40240,333,0.008275347912524851,True,propose_new
40639,2022,ESWA,propose_new,propose_new,propose_new,propose_new,2020-2025,40240,333,0.008275347912524851,True,propose_new
118404,2003,CEC,apply,propose_new,propose_new,propose_new,2000-2004,4013,333,0.08298031397956641,True,propose_new
89464,2001,INS,other,propose_new,propose_new,other,2000-2004,4013,333,0.08298031397956641,True,other
89726,1999,INS,improve,propose_new,propose_new,propose_new,1990-1999,947,333,0.35163674762407604,True,propose_new
118489,2003,CEC,apply,apply,apply,apply,2000-2004,4013,333,0.08298031397956641,True,apply
89442,2002,INS,propose_new,propose_new,propose_new,apply,2000-2004,4013,333,0.08298031397956641,True,propose_new
32773,2012,ESWA,propose_new,propose_new,propose_new,propose_new,2010-2014,20442,333,0.016289991194599354,True,propose_new
40437,2022,ESWA,propose_new,propose_new,propose_new,apply,2020-2025,40240,333,0.008275347912524851,True,propose_new
90424,2014,JOH,apply,propose_new,propose_new,apply,2010-2014,20442,333,0.016289991194599354,True,apply
101797,2019,SWEVC,review,review,review,review,2015-2019,20521,333,0.016227279372350276,True,review
65249,2020,GECCO,propose_new,apply,propose_new,propose_new,2020-2025,40240,333,0.008275347912524851,True,propose_new
96563,2009,SSCI,improve,propose_new,propose_new,apply,2005-2009,13159,333,0.02530587430655825,True,propose_new
8615,2021,ASOC,hybrid,hybrid,hybrid,hybrid,2020-2025,40240,333,0.008275347912524851,True,hybrid
1179,2007,ASOC,apply,apply,apply,apply,2005-2009,13159,333,0.02530587430655825,True,apply
72939,2010,IJBIC,apply,apply,apply,apply,2010-2014,20442,333,0.016289991194599354,True,apply
89285,2004,INS,apply,apply,apply,apply,2000-2004,4013,333,0.08298031397956641,True,apply
93955,1996,PPSN,propose_new,propose_new,propose_new,other,1990-1999,947,333,0.35163674762407604,True,propose_new
105097,2019,TEVC,improve,propose_new,improve,improve,2015-2019,20521,333,0.016227279372350276,True,improve
35647,2015,ESWA,apply,apply,propose_new,propose_new,2015-2019,20521,333,0.016227279372350276,True,apply
122700,2005,INS,other,other,other,other,2005-2009,13159,333,0.02530587430655825,True,other
119034,2004,CEC,improve,benchmark,benchmark,benchmark,2000-2004,4013,333,0.08298031397956641,True,benchmark
117634,2000,CEC,hybrid,hybrid,hybrid,apply,2000-2004,4013,333,0.08298031397956641,True,hybrid
23315,2018,CIM,benchmark,benchmark,benchmark,benchmark,2015-2019,20521,333,0.016227279372350276,True,benchmark
105891,2005,TEVC,theory,theory,theory,theory,2005-2009,13159,333,0.02530587430655825,True,theory
28865,2011,ESWA,hybrid,propose_new,propose_new,propose_new,2010-2014,20442,333,0.016289991194599354,True,propose_new
27481,2004,ESWA,apply,apply,apply,apply,2000-2004,4013,333,0.08298031397956641,True,apply
89741,1999,INS,propose_new,propose_new,propose_new,other,1990-1999,947,333,0.35163674762407604,True,propose_new
26817,2007,ESWA,apply,apply,apply,apply,2005-2009,13159,333,0.02530587430655825,True,apply
56968,2019,EUROGP,improve,propose_new,propose_new,propose_new,2015-2019,20521,333,0.016227279372350276,True,propose_new
44250,2024,ESWA,propose_new,propose_new,propose_new,propose_new,2020-2025,40240,333,0.008275347912524851,True,propose_new
89887,1998,INS,propose_new,propose_new,propose_new,propose_new,1990-1999,947,333,0.35163674762407604,True,propose_new
89805,1998,INS,apply,propose_new,propose_new,propose_new,1990-1999,947,333,0.35163674762407604,True,propose_new
9678,2021,ASOC,apply,propose_new,,apply,2020-2025,40240,333,0.008275347912524851,True,apply
43592,2024,ESWA,propose_new,propose_new,propose_new,propose_new,2020-2025,40240,333,0.008275347912524851,True,propose_new
93862,1996,PPSN,improve,improve,improve,improve,1990-1999,947,333,0.35163674762407604,True,improve
2424,2014,ASOC,propose_new,propose_new,propose_new,propose_new,2010-2014,20442,333,0.016289991194599354,True,propose_new
17949,2008,CEC,improve,apply,apply,apply,2005-2009,13159,333,0.02530587430655825,True,apply
32836,2012,ESWA,improve,propose_new,propose_new,propose_new,2010-2014,20442,333,0.016289991194599354,True,propose_new
79373,2020,INS,other,other,theory,theory,2020-2025,40240,333,0.008275347912524851,True,other
24421,2019,EMO,improve,propose_new,propose_new,propose_new,2015-2019,20521,333,0.016227279372350276,True,propose_new
76877,2017,INS,review,review,review,review,2015-2019,20521,333,0.016227279372350276,True,review
90955,1995,JOH,apply,apply,propose_new,propose_new,1990-1999,947,333,0.35163674762407604,True,apply
75719,2006,INS,theory,other,theory,other,2005-2009,13159,333,0.02530587430655825,True,theory
106138,1998,TEVC,propose_new,propose_new,propose_new,propose_new,1990-1999,947,333,0.35163674762407604,True,propose_new
65616,2019,GECCO,improve,improve,improve,improve,2015-2019,20521,333,0.016227279372350276,True,improve
45716,2024,ESWA,benchmark,benchmark,benchmark,benchmark,2020-2025,40240,333,0.008275347912524851,True,benchmark
49217,2025,ESWA,apply,apply,propose_new,apply,2020-2025,40240,333,0.008275347912524851,True,apply
49414,2025,ESWA,propose_new,propose_new,propose_new,propose_new,2020-2025,40240,333,0.008275347912524851,True,propose_new
18781,2019,CEC,improve,propose_new,propose_new,propose_new,2015-2019,20521,333,0.016227279372350276,True,propose_new
124313,2009,INS,other,review,other,other,2005-2009,13159,333,0.02530587430655825,True,other
123979,2009,INS,other,other,propose_new,other,2005-2009,13159,333,0.02530587430655825,True,other
118315,2002,CEC,apply,apply,apply,apply,2000-2004,4013,333,0.08298031397956641,True,apply
10560,2025,ASOC,propose_new,propose_new,propose_new,propose_new,2020-2025,40240,333,0.008275347912524851,True,propose_new
88982,2003,INS,other,other,other,other,2000-2004,4013,333,0.08298031397956641,True,other
1152,2007,ASOC,apply,propose_new,propose_new,apply,2005-2009,13159,333,0.02530587430655825,True,apply
105846,2006,TEVC,propose_new,propose_new,propose_new,propose_new,2005-2009,13159,333,0.02530587430655825,True,propose_new
85083,2024,INS,propose_new,propose_new,propose_new,propose_new,2020-2025,40240,333,0.008275347912524851,True,propose_new
72081,2015,ICSI,propose_new,propose_new,propose_new,propose_new,2015-2019,20521,333,0.016227279372350276,True,propose_new
48842,2025,ESWA,propose_new,propose_new,propose_new,propose_new,2020-2025,40240,333,0.008275347912524851,True,propose_new
23451,2013,CIM,review,review,review,other,2010-2014,20442,333,0.016289991194599354,True,review
21682,2024,CEC,apply,apply,apply,apply,2020-2025,40240,333,0.008275347912524851,True,apply
119927,2012,GECCO,apply,apply,apply,apply,2010-2014,20442,333,0.016289991194599354,True,apply
62131,2004,GECCO,hybrid,hybrid,hybrid,hybrid,2000-2004,4013,333,0.08298031397956641,True,hybrid
118604,2003,CEC,theory,theory,theory,theory,2000-2004,4013,333,0.08298031397956641,True,theory
33271,2018,ESWA,apply,apply,apply,apply,2015-2019,20521,333,0.016227279372350276,True,apply
118922,2004,CEC,propose_new,propose_new,propose_new,propose_new,2000-2004,4013,333,0.08298031397956641,True,propose_new
70572,2017,GPEM,propose_new,propose_new,propose_new,propose_new,2015-2019,20521,333,0.016227279372350276,True,propose_new
45423,2024,ESWA,propose_new,propose_new,propose_new,propose_new,2020-2025,40240,333,0.008275347912524851,True,propose_new
6132,2018,ASOC,apply,propose_new,propose_new,propose_new,2015-2019,20521,333,0.016227279372350276,True,propose_new
61521,2005,GECCO,improve,propose_new,propose_new,propose_new,2005-2009,13159,333,0.02530587430655825,True,propose_new
63079,2013,GECCO,improve,improve,improve,propose_new,2010-2014,20442,333,0.016289991194599354,True,improve
67261,2016,GECCO,hybrid,hybrid,propose_new,hybrid,2015-2019,20521,333,0.016227279372350276,True,hybrid
92622,2020,PPSN,propose_new,propose_new,propose_new,propose_new,2020-2025,40240,333,0.008275347912524851,True,propose_new
122970,2006,INS,other,other,other,other,2005-2009,13159,333,0.02530587430655825,True,other
96371,2013,SSCI,apply,apply,apply,apply,2010-2014,20442,333,0.016289991194599354,True,apply
105643,2009,TEVC,propose_new,propose_new,propose_new,propose_new,2005-2009,13159,333,0.02530587430655825,True,propose_new
101192,2024,SWEVC,propose_new,propose_new,propose_new,propose_new,2020-2025,40240,333,0.008275347912524851,True,propose_new
96335,2014,SSCI,apply,apply,apply,apply,2010-2014,20442,333,0.016289991194599354,True,apply
90084,1997,INS,propose_new,propose_new,propose_new,propose_new,1990-1999,947,333,0.35163674762407604,True,propose_new
30219,2011,ESWA,other,benchmark,benchmark,propose_new,2010-2014,20442,333,0.016289991194599354,True,benchmark
89763,1999,INS,apply,apply,apply,apply,1990-1999,947,333,0.35163674762407604,True,apply
34707,2016,ESWA,apply,,apply,propose_new,2015-2019,20521,333,0.016227279372350276,True,apply
38367,2019,ESWA,propose_new,propose_new,propose_new,propose_new,2015-2019,20521,333,0.016227279372350276,True,propose_new
81606,2022,INS,theory,propose_new,propose_new,improve,2020-2025,40240,333,0.008275347912524851,True,propose_new
90871,1998,JOH,benchmark,benchmark,benchmark,other,1990-1999,947,333,0.35163674762407604,True,benchmark
93908,1996,PPSN,apply,,propose_new,other,1990-1999,947,333,0.35163674762407604,True,apply
82103,2022,INS,propose_new,,propose_new,propose_new,2020-2025,40240,333,0.008275347912524851,True,propose_new
89718,1999,INS,theory,,theory,theory,1990-1999,947,333,0.35163674762407604,True,theory
57545,2000,EUROGP,propose_new,,propose_new,propose_new,2000-2004,4013,333,0.08298031397956641,True,propose_new
100026,2017,SSCI,apply,apply,apply,apply,2015-2019,20521,333,0.016227279372350276,True,apply
90917,1997,JOH,propose_new,propose_new,propose_new,propose_new,1990-1999,947,333,0.35163674762407604,True,propose_new
33805,2017,ESWA,benchmark,benchmark,benchmark,benchmark,2015-2019,20521,333,0.016227279372350276,True,benchmark
6495,2017,ASOC,other,propose_new,propose_new,propose_new,2015-2019,20521,333,0.016227279372350276,True,propose_new
124272,2009,INS,other,,other,other,2005-2009,13159,333,0.02530587430655825,True,other
74875,2009,INS,propose_new,,propose_new,propose_new,2005-2009,13159,333,0.02530587430655825,True,propose_new
90076,1997,INS,theory,theory,theory,theory,1990-1999,947,333,0.35163674762407604,True,theory
27331,2005,ESWA,propose_new,propose_new,propose_new,propose_new,2005-2009,13159,333,0.02530587430655825,True,propose_new
14913,2006,CEC,improve,propose_new,propose_new,propose_new,2005-2009,13159,333,0.02530587430655825,True,propose_new
92878,2014,PPSN,apply,apply,apply,apply,2010-2014,20442,333,0.016289991194599354,True,apply
89649,1999,INS,theory,theory,theory,other,1990-1999,947,333,0.35163674762407604,True,theory
18195,2008,CEC,propose_new,propose_new,propose_new,propose_new,2005-2009,13159,333,0.02530587430655825,True,propose_new
84494,2024,INS,propose_new,propose_new,propose_new,propose_new,2020-2025,40240,333,0.008275347912524851,True,propose_new
117702,2000,CEC,propose_new,propose_new,propose_new,propose_new,2000-2004,4013,333,0.08298031397956641,True,propose_new
93983,1994,PPSN,hybrid,hybrid,improve,propose_new,1990-1999,947,333,0.35163674762407604,True,hybrid
38806,2019,ESWA,benchmark,benchmark,benchmark,benchmark,2015-2019,20521,333,0.016227279372350276,True,benchmark
30886,2014,ESWA,propose_new,propose_new,propose_new,propose_new,2010-2014,20442,333,0.016289991194599354,True,propose_new
72168,2012,ICSI,review,review,review,review,2010-2014,20442,333,0.016289991194599354,True,review
118648,2003,CEC,improve,apply,improve,improve,2000-2004,4013,333,0.08298031397956641,True,improve
93764,1998,PPSN,improve,,improve,propose_new,1990-1999,947,333,0.35163674762407604,True,improve
68077,2025,GECCO,improve,propose_new,propose_new,propose_new,2020-2025,40240,333,0.008275347912524851,True,propose_new
118464,2003,CEC,apply,apply,apply,apply,2000-2004,4013,333,0.08298031397956641,True,apply
89936,1998,INS,improve,improve,improve,improve,1990-1999,947,333,0.35163674762407604,True,improve
26222,2008,ESWA,apply,propose_new,apply,propose_new,2005-2009,13159,333,0.02530587430655825,True,apply
60505,2007,FOGA,theory,theory,theory,theory,2005-2009,13159,333,0.02530587430655825,True,theory
48954,2025,ESWA,propose_new,propose_new,propose_new,propose_new,2020-2025,40240,333,0.008275347912524851,True,propose_new
73380,2013,INS,propose_new,propose_new,propose_new,propose_new,2010-2014,20442,333,0.016289991194599354,True,propose_new
89572,2001,INS,other,other,other,apply,2000-2004,4013,333,0.08298031397956641,True,other
89846,1998,INS,apply,apply,apply,apply,1990-1999,947,333,0.35163674762407604,True,apply
125172,2012,INS,review,review,review,other,2010-2014,20442,333,0.016289991194599354,True,review
89942,1998,INS,apply,propose_new,propose_new,propose_new,1990-1999,947,333,0.35163674762407604,True,propose_new
66594,2018,GECCO,propose_new,propose_new,propose_new,propose_new,2015-2019,20521,333,0.016227279372350276,True,propose_new
81222,2018,INS,propose_new,propose_new,propose_new,propose_new,2015-2019,20521,333,0.016227279372350276,True,propose_new
93856,1996,PPSN,improve,improve,improve,propose_new,1990-1999,947,333,0.35163674762407604,True,improve
87583,2025,INS,propose_new,propose_new,propose_new,propose_new,2020-2025,40240,333,0.008275347912524851,True,propose_new
17495,2009,CEC,improve,improve,improve,improve,2005-2009,13159,333,0.02530587430655825,True,improve
95656,2014,SSCI,apply,apply,hybrid,apply,2010-2014,20442,333,0.016289991194599354,True,apply
89759,1999,INS,apply,benchmark,benchmark,benchmark,1990-1999,947,333,0.35163674762407604,True,benchmark
57473,2003,EUROGP,improve,propose_new,propose_new,propose_new,2000-2004,4013,333,0.08298031397956641,True,propose_new
93458,2002,PPSN,propose_new,propose_new,propose_new,propose_new,2000-2004,4013,333,0.08298031397956641,True,propose_new
75124,2009,INS,propose_new,propose_new,propose_new,propose_new,2005-2009,13159,333,0.02530587430655825,True,propose_new
27336,2005,ESWA,improve,improve,improve,apply,2005-2009,13159,333,0.02530587430655825,True,improve
117939,2001,CEC,improve,improve,improve,improve,2000-2004,4013,333,0.08298031397956641,True,improve
118860,2004,CEC,apply,hybrid,hybrid,propose_new,2000-2004,4013,333,0.08298031397956641,True,hybrid
37715,2021,ESWA,propose_new,propose_new,propose_new,propose_new,2020-2025,40240,333,0.008275347912524851,True,propose_new
83783,2021,INS,propose_new,propose_new,propose_new,propose_new,2020-2025,40240,333,0.008275347912524851,True,propose_new
37468,2021,ESWA,propose_new,propose_new,propose_new,propose_new,2020-2025,40240,333,0.008275347912524851,True,propose_new
15390,2005,CEC,theory,theory,theory,theory,2005-2009,13159,333,0.02530587430655825,True,theory
94113,1992,PPSN,theory,theory,other,other,1990-1999,947,333,0.35163674762407604,True,theory
33878,2017,ESWA,propose_new,propose_new,propose_new,propose_new,2015-2019,20521,333,0.016227279372350276,True,propose_new
16222,2012,CEC,propose_new,propose_new,propose_new,propose_new,2010-2014,20442,333,0.016289991194599354,True,propose_new
62295,2003,GECCO,propose_new,propose_new,propose_new,propose_new,2000-2004,4013,333,0.08298031397956641,True,propose_new
94003,1994,PPSN,theory,theory,theory,theory,1990-1999,947,333,0.35163674762407604,True,theory
89639,1999,INS,other,improve,propose_new,other,1990-1999,947,333,0.35163674762407604,True,other
89860,1998,INS,other,propose_new,propose_new,other,1990-1999,947,333,0.35163674762407604,True,other
6526,2017,ASOC,propose_new,improve,propose_new,propose_new,2015-2019,20521,333,0.016227279372350276,True,propose_new
118120,2002,CEC,apply,apply,apply,apply,2000-2004,4013,333,0.08298031397956641,True,apply
93941,1996,PPSN,improve,improve,improve,improve,1990-1999,947,333,0.35163674762407604,True,improve
90006,1998,INS,propose_new,propose_new,propose_new,propose_new,1990-1999,947,333,0.35163674762407604,True,propose_new
57432,2002,EUROGP,theory,theory,theory,theory,2000-2004,4013,333,0.08298031397956641,True,theory
90926,1998,JOH,theory,propose_new,propose_new,propose_new,1990-1999,947,333,0.35163674762407604,True,propose_new
105861,2005,TEVC,improve,improve,improve,improve,2005-2009,13159,333,0.02530587430655825,True,improve
31393,2013,ESWA,apply,apply,apply,apply,2010-2014,20442,333,0.016289991194599354,True,apply
106176,1997,TEVC,review,review,review,review,1990-1999,947,333,0.35163674762407604,True,review
30654,2014,ESWA,apply,hybrid,hybrid,apply,2010-2014,20442,333,0.016289991194599354,True,apply
63699,2011,GECCO,hybrid,propose_new,propose_new,propose_new,2010-2014,20442,333,0.016289991194599354,True,propose_new
24738,2007,EMO,propose_new,apply,propose_new,propose_new,2005-2009,13159,333,0.02530587430655825,True,propose_new
80156,2019,INS,propose_new,propose_new,propose_new,propose_new,2015-2019,20521,333,0.016227279372350276,True,propose_new
86187,2023,INS,propose_new,propose_new,propose_new,propose_new,2020-2025,40240,333,0.008275347912524851,True,propose_new
39252,2022,ESWA,propose_new,propose_new,propose_new,propose_new,2020-2025,40240,333,0.008275347912524851,True,propose_new
118070,2002,CEC,theory,theory,theory,theory,2000-2004,4013,333,0.08298031397956641,True,theory
66771,2017,GECCO,theory,theory,propose_new,theory,2015-2019,20521,333,0.016227279372350276,True,theory
94095,1992,PPSN,improve,other,other,other,1990-1999,947,333,0.35163674762407604,True,other
14935,2006,CEC,apply,apply,apply,apply,2005-2009,13159,333,0.02530587430655825,True,apply
99134,2019,SSCI,improve,improve,improve,improve,2015-2019,20521,333,0.016227279372350276,True,improve
89113,2004,INS,theory,propose_new,other,other,2000-2004,4013,333,0.08298031397956641,True,other
89545,2001,INS,other,other,other,theory,2000-2004,4013,333,0.08298031397956641,True,other
88251,2025,INS,propose_new,propose_new,propose_new,other,2020-2025,40240,333,0.008275347912524851,True,propose_new
118498,2003,CEC,apply,apply,apply,apply,2000-2004,4013,333,0.08298031397956641,True,apply
124668,2010,INS,other,other,other,other,2010-2014,20442,333,0.016289991194599354,True,other
91822,2019,NATCOMP,theory,theory,theory,theory,2015-2019,20521,333,0.016227279372350276,True,theory
94145,1992,PPSN,propose_new,propose_new,propose_new,propose_new,1990-1999,947,333,0.35163674762407604,True,propose_new
3296,2014,ASOC,propose_new,propose_new,propose_new,propose_new,2010-2014,20442,333,0.016289991194599354,True,propose_new
95917,2013,SSCI,apply,propose_new,apply,apply,2010-2014,20442,333,0.016289991194599354,True,apply
30385,2014,ESWA,other,propose_new,other,propose_new,2010-2014,20442,333,0.016289991194599354,True,other
93710,1998,PPSN,improve,benchmark,benchmark,benchmark,1990-1999,947,333,0.35163674762407604,True,benchmark
89788,1999,INS,apply,apply,improve,apply,1990-1999,947,333,0.35163674762407604,True,apply
93920,1996,PPSN,improve,hybrid,hybrid,other,1990-1999,947,333,0.35163674762407604,True,hybrid
117775,2000,CEC,propose_new,propose_new,propose_new,propose_new,2000-2004,4013,333,0.08298031397956641,True,propose_new
14747,2007,CEC,improve,improve,propose_new,improve,2005-2009,13159,333,0.02530587430655825,True,improve
28916,2011,ESWA,other,apply,other,improve,2010-2014,20442,333,0.016289991194599354,True,other
94134,1992,PPSN,theory,benchmark,other,other,1990-1999,947,333,0.35163674762407604,True,other
16326,2012,CEC,benchmark,benchmark,benchmark,benchmark,2010-2014,20442,333,0.016289991194599354,True,benchmark
119106,2011,CEC,apply,apply,propose_new,apply,2010-2014,20442,333,0.016289991194599354,True,apply
8637,2021,ASOC,improve,improve,improve,improve,2020-2025,40240,333,0.008275347912524851,True,improve
48009,2025,ESWA,propose_new,propose_new,propose_new,propose_new,2020-2025,40240,333,0.008275347912524851,True,propose_new
81280,2019,INS,propose_new,propose_new,propose_new,improve,2015-2019,20521,333,0.016227279372350276,True,propose_new
77258,2016,INS,hybrid,hybrid,propose_new,propose_new,2015-2019,20521,333,0.016227279372350276,True,hybrid
24865,2003,EMO,improve,propose_new,propose_new,propose_new,2000-2004,4013,333,0.08298031397956641,True,propose_new
35135,2016,ESWA,apply,apply,apply,apply,2015-2019,20521,333,0.016227279372350276,True,apply
95815,2013,SSCI,improve,improve,improve,improve,2010-2014,20442,333,0.016289991194599354,True,improve
63077,2013,GECCO,benchmark,benchmark,benchmark,benchmark,2010-2014,20442,333,0.016289991194599354,True,benchmark
92858,2014,PPSN,theory,theory,theory,theory,2010-2014,20442,333,0.016289991194599354,True,theory
124494,2010,INS,apply,other,apply,other,2010-2014,20442,333,0.016289991194599354,True,apply
79942,2019,INS,propose_new,propose_new,propose_new,propose_new,2015-2019,20521,333,0.016227279372350276,True,propose_new
84995,2023,INS,improve,propose_new,propose_new,propose_new,2020-2025,40240,333,0.008275347912524851,True,propose_new
93393,2002,PPSN,review,propose_new,propose_new,benchmark,2000-2004,4013,333,0.08298031397956641,True,propose_new
93493,2004,PPSN,apply,propose_new,apply,propose_new,2000-2004,4013,333,0.08298031397956641,True,apply
90907,1997,JOH,propose_new,propose_new,propose_new,propose_new,1990-1999,947,333,0.35163674762407604,True,propose_new
89949,1998,INS,propose_new,theory,theory,propose_new,1990-1999,947,333,0.35163674762407604,True,propose_new
7861,2023,ASOC,improve,improve,improve,improve,2020-2025,40240,333,0.008275347912524851,True,improve
24133,2003,ECJ,review,other,other,other,2000-2004,4013,333,0.08298031397956641,True,other
8034,2022,ASOC,propose_new,propose_new,propose_new,other,2020-2025,40240,333,0.008275347912524851,True,propose_new
106153,1997,TEVC,improve,apply,propose_new,propose_new,1990-1999,947,333,0.35163674762407604,True,propose_new
59093,2004,EVOCOP,benchmark,benchmark,benchmark,benchmark,2000-2004,4013,333,0.08298031397956641,True,benchmark
90886,1998,JOH,benchmark,benchmark,benchmark,apply,1990-1999,947,333,0.35163674762407604,True,benchmark
116729,2008,ECJ,improve,improve,propose_new,propose_new,2005-2009,13159,333,0.02530587430655825,True,improve
117957,2001,CEC,theory,theory,theory,theory,2000-2004,4013,333,0.08298031397956641,True,theory
94123,1992,PPSN,other,propose_new,propose_new,other,1990-1999,947,333,0.35163674762407604,True,other
60314,2009,EVOINT,apply,apply,propose_new,apply,2005-2009,13159,333,0.02530587430655825,True,apply
58931,2011,EVOCOP,propose_new,propose_new,propose_new,propose_new,2010-2014,20442,333,0.016289991194599354,True,propose_new
93424,2002,PPSN,propose_new,propose_new,propose_new,propose_new,2000-2004,4013,333,0.08298031397956641,True,propose_new
93721,1998,PPSN,propose_new,propose_new,propose_new,propose_new,1990-1999,947,333,0.35163674762407604,True,propose_new
20325,2015,CEC,benchmark,benchmark,benchmark,benchmark,2015-2019,20521,333,0.016227279372350276,True,benchmark
89723,1999,INS,other,other,other,apply,1990-1999,947,333,0.35163674762407604,True,other
89611,2000,INS,theory,theory,theory,theory,2000-2004,4013,333,0.08298031397956641,True,theory
2845,2014,ASOC,hybrid,hybrid,hybrid,apply,2010-2014,20442,333,0.016289991194599354,True,hybrid
94108,1992,PPSN,benchmark,benchmark,other,other,1990-1999,947,333,0.35163674762407604,True,benchmark
89955,1997,INS,review,review,review,review,1990-1999,947,333,0.35163674762407604,True,review
16751,2010,CEC,improve,improve,improve,improve,2010-2014,20442,333,0.016289991194599354,True,improve
96211,2013,SSCI,apply,propose_new,propose_new,apply,2010-2014,20442,333,0.016289991194599354,True,apply
124172,2009,INS,review,other,review,other,2005-2009,13159,333,0.02530587430655825,True,review
64045,2010,GECCO,apply,apply,apply,apply,2010-2014,20442,333,0.016289991194599354,True,apply
76638,2017,INS,propose_new,propose_new,propose_new,propose_new,2015-2019,20521,333,0.016227279372350276,True,propose_new
88154,2025,INS,propose_new,propose_new,propose_new,propose_new,2020-2025,40240,333,0.008275347912524851,True,propose_new
62102,2004,GECCO,theory,theory,theory,theory,2000-2004,4013,333,0.08298031397956641,True,theory
93737,1998,PPSN,review,review,review,review,1990-1999,947,333,0.35163674762407604,True,review
61890,2003,GECCO,improve,propose_new,propose_new,propose_new,2000-2004,4013,333,0.08298031397956641,True,propose_new
80498,2019,INS,propose_new,propose_new,propose_new,other,2015-2019,20521,333,0.016227279372350276,True,propose_new
106058,2001,TEVC,improve,improve,improve,improve,2000-2004,4013,333,0.08298031397956641,True,improve
6705,2017,ASOC,apply,,benchmark,improve,2015-2019,20521,333,0.016227279372350276,True,apply
89521,2002,INS,other,propose_new,propose_new,other,2000-2004,4013,333,0.08298031397956641,True,other
2630,2014,ASOC,improve,improve,propose_new,apply,2010-2014,20442,333,0.016289991194599354,True,improve
24046,2013,ECJ,propose_new,propose_new,propose_new,propose_new,2010-2014,20442,333,0.016289991194599354,True,propose_new
612,2011,ASOC,propose_new,propose_new,propose_new,propose_new,2010-2014,20442,333,0.016289991194599354,True,propose_new
93705,1998,PPSN,theory,theory,benchmark,theory,1990-1999,947,333,0.35163674762407604,True,theory
120626,2011,SSCI,propose_new,propose_new,propose_new,propose_new,2010-2014,20442,333,0.016289991194599354,True,propose_new
94099,1992,PPSN,apply,apply,apply,other,1990-1999,947,333,0.35163674762407604,True,apply
65054,2008,GECCO,apply,apply,apply,propose_new,2005-2009,13159,333,0.02530587430655825,True,apply
90011,1998,INS,propose_new,propose_new,propose_new,apply,1990-1999,947,333,0.35163674762407604,True,propose_new
119424,2011,CEC,propose_new,propose_new,propose_new,propose_new,2010-2014,20442,333,0.016289991194599354,True,propose_new
89325,2002,INS,other,propose_new,propose_new,propose_new,2000-2004,4013,333,0.08298031397956641,True,propose_new
71931,2016,ICSI,propose_new,propose_new,propose_new,propose_new,2015-2019,20521,333,0.016227279372350276,True,propose_new
80089,2020,INS,propose_new,propose_new,propose_new,propose_new,2020-2025,40240,333,0.008275347912524851,True,propose_new
75772,2006,INS,propose_new,propose_new,propose_new,propose_new,2005-2009,13159,333,0.02530587430655825,True,propose_new
5928,2018,ASOC,hybrid,apply,apply,apply,2015-2019,20521,333,0.016227279372350276,True,apply
89883,1999,INS,hybrid,hybrid,hybrid,apply,1990-1999,947,333,0.35163674762407604,True,hybrid
94093,1992,PPSN,other,apply,other,other,1990-1999,947,333,0.35163674762407604,True,other
89921,1998,INS,propose_new,propose_new,propose_new,propose_new,1990-1999,947,333,0.35163674762407604,True,propose_new
94157,1991,PPSN,improve,apply,apply,other,1990-1999,947,333,0.35163674762407604,True,apply
106137,1999,TEVC,hybrid,apply,propose_new,hybrid,1990-1999,947,333,0.35163674762407604,True,hybrid
24911,2001,EMO,apply,apply,apply,apply,2000-2004,4013,333,0.08298031397956641,True,apply
93951,1996,PPSN,improve,apply,propose_new,apply,1990-1999,947,333,0.35163674762407604,True,apply
81202,2018,INS,propose_new,propose_new,propose_new,improve,2015-2019,20521,333,0.016227279372350276,True,propose_new
79467,2019,INS,theory,theory,other,theory,2015-2019,20521,333,0.016227279372350276,True,theory
94185,1991,PPSN,hybrid,hybrid,hybrid,hybrid,1990-1999,947,333,0.35163674762407604,True,hybrid
90913,1997,JOH,propose_new,propose_new,propose_new,propose_new,1990-1999,947,333,0.35163674762407604,True,propose_new
61226,2006,GECCO,propose_new,propose_new,improve,propose_new,2005-2009,13159,333,0.02530587430655825,True,propose_new
61102,2007,GECCO,improve,improve,improve,improve,2005-2009,13159,333,0.02530587430655825,True,improve
94137,1992,PPSN,apply,apply,apply,apply,1990-1999,947,333,0.35163674762407604,True,apply
90904,1998,JOH,improve,improve,improve,improve,1990-1999,947,333,0.35163674762407604,True,improve
34404,2017,ESWA,apply,apply,propose_new,apply,2015-2019,20521,333,0.016227279372350276,True,apply
102302,2016,SWEVC,apply,,hybrid,propose_new,2015-2019,20521,333,0.016227279372350276,True,apply
89412,2001,INS,other,theory,propose_new,other,2000-2004,4013,333,0.08298031397956641,True,other
5208,2019,ASOC,propose_new,improve,propose_new,propose_new,2015-2019,20521,333,0.016227279372350276,True,propose_new
97407,2007,SSCI,hybrid,propose_new,propose_new,apply,2005-2009,13159,333,0.02530587430655825,True,propose_new
90024,1997,INS,apply,apply,propose_new,apply,1990-1999,947,333,0.35163674762407604,True,apply
93819,1996,PPSN,improve,benchmark,benchmark,improve,1990-1999,947,333,0.35163674762407604,True,improve
90847,2000,JOH,improve,apply,benchmark,benchmark,2000-2004,4013,333,0.08298031397956641,True,benchmark
85182,2024,INS,propose_new,propose_new,propose_new,propose_new,2020-2025,40240,333,0.008275347912524851,True,propose_new
105811,2007,TEVC,apply,apply,benchmark,benchmark,2005-2009,13159,333,0.02530587430655825,True,apply
28353,2011,ESWA,propose_new,propose_new,propose_new,propose_new,2010-2014,20442,333,0.016289991194599354,True,propose_new
89956,1998,INS,theory,theory,theory,theory,1990-1999,947,333,0.35163674762407604,True,theory
103327,2024,TETCI,benchmark,benchmark,benchmark,propose_new,2020-2025,40240,333,0.008275347912524851,True,benchmark
64259,2009,GECCO,improve,improve,improve,propose_new,2005-2009,13159,333,0.02530587430655825,True,improve
67265,2016,GECCO,improve,benchmark,benchmark,benchmark,2015-2019,20521,333,0.016227279372350276,True,benchmark
93948,1996,PPSN,hybrid,hybrid,hybrid,hybrid,1990-1999,947,333,0.35163674762407604,True,hybrid
118947,2004,CEC,apply,apply,apply,apply,2000-2004,4013,333,0.08298031397956641,True,apply
93835,1996,PPSN,apply,apply,apply,apply,1990-1999,947,333,0.35163674762407604,True,apply
48170,2025,ESWA,apply,propose_new,apply,apply,2020-2025,40240,333,0.008275347912524851,True,apply
96082,2013,SSCI,apply,propose_new,propose_new,propose_new,2010-2014,20442,333,0.016289991194599354,True,propose_new
15170,2006,CEC,improve,hybrid,hybrid,propose_new,2005-2009,13159,333,0.02530587430655825,True,hybrid
42645,2023,ESWA,apply,apply,,apply,2020-2025,40240,333,0.008275347912524851,True,apply
83958,2021,INS,propose_new,propose_new,propose_new,propose_new,2020-2025,40240,333,0.008275347912524851,True,propose_new
6593,2017,ASOC,propose_new,propose_new,propose_new,propose_new,2015-2019,20521,333,0.016227279372350276,True,propose_new
105812,2006,TEVC,improve,improve,improve,improve,2005-2009,13159,333,0.02530587430655825,True,improve
123178,2006,INS,other,other,other,other,2005-2009,13159,333,0.02530587430655825,True,other
89290,2002,INS,theory,theory,theory,theory,2000-2004,4013,333,0.08298031397956641,True,theory
106127,1998,TEVC,improve,apply,propose_new,apply,1990-1999,947,333,0.35163674762407604,True,apply
86131,2023,INS,propose_new,propose_new,propose_new,propose_new,2020-2025,40240,333,0.008275347912524851,True,propose_new
93994,1994,PPSN,propose_new,improve,improve,propose_new,1990-1999,947,333,0.35163674762407604,True,propose_new
46778,2024,ESWA,apply,benchmark,benchmark,benchmark,2020-2025,40240,333,0.008275347912524851,True,benchmark
89793,1998,INS,other,propose_new,other,propose_new,1990-1999,947,333,0.35163674762407604,True,other
102273,2016,SWEVC,propose_new,propose_new,propose_new,propose_new,2015-2019,20521,333,0.016227279372350276,True,propose_new
61764,2005,GECCO,apply,apply,apply,apply,2005-2009,13159,333,0.02530587430655825,True,apply
106134,1998,TEVC,improve,improve,improve,improve,1990-1999,947,333,0.35163674762407604,True,improve
94516,2016,SSCI,improve,improve,improve,improve,2015-2019,20521,333,0.016227279372350276,True,improve
69131,2023,GECCO,benchmark,theory,theory,benchmark,2020-2025,40240,333,0.008275347912524851,True,benchmark
94196,1991,PPSN,improve,improve,improve,propose_new,1990-1999,947,333,0.35163674762407604,True,improve
94007,1994,PPSN,theory,theory,theory,theory,1990-1999,947,333,0.35163674762407604,True,theory
67613,2015,GECCO,improve,improve,propose_new,improve,2015-2019,20521,333,0.016227279372350276,True,improve
84202,2024,INS,propose_new,propose_new,propose_new,propose_new,2020-2025,40240,333,0.008275347912524851,True,propose_new
62144,2004,GECCO,propose_new,propose_new,propose_new,propose_new,2000-2004,4013,333,0.08298031397956641,True,propose_new
70748,2009,GPEM,propose_new,propose_new,propose_new,propose_new,2005-2009,13159,333,0.02530587430655825,True,propose_new
28322,2011,ESWA,apply,propose_new,propose_new,apply,2010-2014,20442,333,0.016289991194599354,True,apply
83254,2021,INS,propose_new,propose_new,propose_new,apply,2020-2025,40240,333,0.008275347912524851,True,propose_new
89946,1998,INS,theory,other,theory,theory,1990-1999,947,333,0.35163674762407604,True,theory
24005,2015,ECJ,theory,theory,theory,theory,2015-2019,20521,333,0.016227279372350276,True,theory
30015,2010,ESWA,improve,improve,improve,improve,2010-2014,20442,333,0.016289991194599354,True,improve
72307,2012,ICSI,hybrid,hybrid,hybrid,hybrid,2010-2014,20442,333,0.016289991194599354,True,hybrid
98473,2020,SSCI,apply,apply,apply,apply,2020-2025,40240,333,0.008275347912524851,True,apply
90041,1997,INS,propose_new,propose_new,propose_new,propose_new,1990-1999,947,333,0.35163674762407604,True,propose_new
60254,2012,EVOINT,apply,apply,apply,apply,2010-2014,20442,333,0.016289991194599354,True,apply
25946,2009,ESWA,apply,propose_new,propose_new,propose_new,2005-2009,13159,333,0.02530587430655825,True,propose_new
102311,2016,SWEVC,propose_new,propose_new,propose_new,propose_new,2015-2019,20521,333,0.016227279372350276,True,propose_new
27999,2010,ESWA,other,propose_new,propose_new,apply,2010-2014,20442,333,0.016289991194599354,True,propose_new
18115,2008,CEC,benchmark,benchmark,benchmark,benchmark,2005-2009,13159,333,0.02530587430655825,True,benchmark
3892,2012,ASOC,improve,improve,improve,improve,2010-2014,20442,333,0.016289991194599354,True,improve
30358,2014,ESWA,propose_new,propose_new,propose_new,propose_new,2010-2014,20442,333,0.016289991194599354,True,propose_new
19191,2018,CEC,apply,apply,apply,apply,2015-2019,20521,333,0.016227279372350276,True,apply
67318,2015,GECCO,propose_new,propose_new,propose_new,propose_new,2015-2019,20521,333,0.016227279372350276,True,propose_new
118437,2003,CEC,theory,benchmark,benchmark,benchmark,2000-2004,4013,333,0.08298031397956641,True,benchmark
82260,2022,INS,propose_new,propose_new,propose_new,propose_new,2020-2025,40240,333,0.008275347912524851,True,propose_new
67458,2015,GECCO,apply,apply,apply,propose_new,2015-2019,20521,333,0.016227279372350276,True,apply
77578,2015,INS,propose_new,propose_new,propose_new,propose_new,2015-2019,20521,333,0.016227279372350276,True,propose_new
93912,1996,PPSN,benchmark,benchmark,benchmark,apply,1990-1999,947,333,0.35163674762407604,True,benchmark
14265,2007,CEC,propose_new,propose_new,propose_new,propose_new,2005-2009,13159,333,0.02530587430655825,True,propose_new
20915,2014,CEC,apply,apply,apply,apply,2010-2014,20442,333,0.016289991194599354,True,apply
27210,2006,ESWA,apply,propose_new,propose_new,apply,2005-2009,13159,333,0.02530587430655825,True,apply
93699,1998,PPSN,theory,theory,theory,theory,1990-1999,947,333,0.35163674762407604,True,theory
61398,2005,GECCO,propose_new,propose_new,propose_new,propose_new,2005-2009,13159,333,0.02530587430655825,True,propose_new
34353,2017,ESWA,apply,propose_new,propose_new,apply,2015-2019,20521,333,0.016227279372350276,True,apply
90023,1997,INS,apply,apply,apply,apply,1990-1999,947,333,0.35163674762407604,True,apply
106145,1999,TEVC,propose_new,propose_new,propose_new,propose_new,1990-1999,947,333,0.35163674762407604,True,propose_new
96368,2014,SSCI,propose_new,propose_new,propose_new,propose_new,2010-2014,20442,333,0.016289991194599354,True,propose_new
27478,2004,ESWA,other,other,other,other,2000-2004,4013,333,0.08298031397956641,True,other
20101,2016,CEC,improve,apply,improve,improve,2015-2019,20521,333,0.016227279372350276,True,improve
3563,2014,ASOC,apply,hybrid,,apply,2010-2014,20442,333,0.016289991194599354,True,apply
69057,2023,GECCO,propose_new,propose_new,propose_new,propose_new,2020-2025,40240,333,0.008275347912524851,True,propose_new
18755,2019,CEC,apply,propose_new,propose_new,apply,2015-2019,20521,333,0.016227279372350276,True,apply
18848,2019,CEC,hybrid,propose_new,propose_new,hybrid,2015-2019,20521,333,0.016227279372350276,True,hybrid
33065,2012,ESWA,propose_new,propose_new,hybrid,hybrid,2010-2014,20442,333,0.016289991194599354,True,propose_new
93825,1996,PPSN,propose_new,propose_new,propose_new,propose_new,1990-1999,947,333,0.35163674762407604,True,propose_new
118136,2002,CEC,hybrid,hybrid,hybrid,propose_new,2000-2004,4013,333,0.08298031397956641,True,hybrid
27134,2006,ESWA,apply,apply,apply,apply,2005-2009,13159,333,0.02530587430655825,True,apply
90045,1997,INS,apply,propose_new,propose_new,propose_new,1990-1999,947,333,0.35163674762407604,True,propose_new
57260,2008,EUROGP,improve,improve,improve,improve,2005-2009,13159,333,0.02530587430655825,True,improve
57479,2002,EUROGP,improve,propose_new,propose_new,propose_new,2000-2004,4013,333,0.08298031397956641,True,propose_new
15150,2006,CEC,apply,apply,apply,apply,2005-2009,13159,333,0.02530587430655825,True,apply
88860,2005,INS,other,review,other,other,2005-2009,13159,333,0.02530587430655825,True,other
72334,2025,IJBIC,apply,propose_new,propose_new,apply,2020-2025,40240,333,0.008275347912524851,True,apply
582,2011,ASOC,improve,improve,improve,improve,2010-2014,20442,333,0.016289991194599354,True,improve
119033,2004,CEC,hybrid,hybrid,hybrid,hybrid,2000-2004,4013,333,0.08298031397956641,True,hybrid
79538,2020,INS,apply,apply,apply,apply,2020-2025,40240,333,0.008275347912524851,True,apply
74213,2010,INS,other,propose_new,other,other,2010-2014,20442,333,0.016289991194599354,True,other
60775,2007,GECCO,propose_new,propose_new,propose_new,propose_new,2005-2009,13159,333,0.02530587430655825,True,propose_new
88971,2004,INS,theory,theory,theory,other,2000-2004,4013,333,0.08298031397956641,True,theory
26159,2009,ESWA,apply,apply,apply,apply,2005-2009,13159,333,0.02530587430655825,True,apply
103697,2021,TETCI,other,other,other,propose_new,2020-2025,40240,333,0.008275347912524851,True,other
25113,2009,ESWA,propose_new,propose_new,propose_new,propose_new,2005-2009,13159,333,0.02530587430655825,True,propose_new
123036,2006,INS,other,other,other,other,2005-2009,13159,333,0.02530587430655825,True,other
89080,2003,INS,theory,other,theory,theory,2000-2004,4013,333,0.08298031397956641,True,theory
16992,2010,CEC,improve,improve,improve,apply,2010-2014,20442,333,0.016289991194599354,True,improve
26793,2008,ESWA,propose_new,propose_new,propose_new,propose_new,2005-2009,13159,333,0.02530587430655825,True,propose_new
44328,2024,ESWA,apply,apply,propose_new,apply,2020-2025,40240,333,0.008275347912524851,True,apply
38507,2019,ESWA,propose_new,propose_new,propose_new,propose_new,2015-2019,20521,333,0.016227279372350276,True,propose_new
125214,2012,INS,other,other,other,other,2010-2014,20442,333,0.016289991194599354,True,other
30010,2010,ESWA,propose_new,propose_new,propose_new,propose_new,2010-2014,20442,333,0.016289991194599354,True,propose_new
93595,2000,PPSN,theory,theory,theory,theory,2000-2004,4013,333,0.08298031397956641,True,theory
61094,2007,GECCO,improve,improve,propose_new,propose_new,2005-2009,13159,333,0.02530587430655825,True,improve
5323,2018,ASOC,apply,propose_new,propose_new,apply,2015-2019,20521,333,0.016227279372350276,True,apply
119002,2004,CEC,apply,apply,apply,apply,2000-2004,4013,333,0.08298031397956641,True,apply
26180,2009,ESWA,apply,apply,apply,apply,2005-2009,13159,333,0.02530587430655825,True,apply
97289,2007,SSCI,apply,apply,propose_new,apply,2005-2009,13159,333,0.02530587430655825,True,apply
15111,2006,CEC,other,propose_new,propose_new,propose_new,2005-2009,13159,333,0.02530587430655825,True,propose_new
28420,2011,ESWA,propose_new,improve,propose_new,propose_new,2010-2014,20442,333,0.016289991194599354,True,propose_new
14607,2007,CEC,propose_new,propose_new,propose_new,propose_new,2005-2009,13159,333,0.02530587430655825,True,propose_new
83403,2022,INS,review,propose_new,propose_new,propose_new,2020-2025,40240,333,0.008275347912524851,True,propose_new
21723,2024,CEC,hybrid,propose_new,propose_new,propose_new,2020-2025,40240,333,0.008275347912524851,True,propose_new
80677,2019,INS,other,propose_new,propose_new,propose_new,2015-2019,20521,333,0.016227279372350276,True,propose_new
80257,2019,INS,propose_new,propose_new,propose_new,propose_new,2015-2019,20521,333,0.016227279372350276,True,propose_new
95144,2015,SSCI,review,review,review,apply,2015-2019,20521,333,0.016227279372350276,True,review
32479,2012,ESWA,hybrid,apply,,hybrid,2010-2014,20442,333,0.016289991194599354,True,hybrid
44412,2024,ESWA,propose_new,propose_new,propose_new,propose_new,2020-2025,40240,333,0.008275347912524851,True,propose_new
59225,2025,EVOINT,hybrid,hybrid,hybrid,hybrid,2020-2025,40240,333,0.008275347912524851,True,hybrid
31150,2013,ESWA,propose_new,propose_new,propose_new,propose_new,2010-2014,20442,333,0.016289991194599354,True,propose_new
14886,2006,CEC,propose_new,propose_new,propose_new,propose_new,2005-2009,13159,333,0.02530587430655825,True,propose_new
106171,1997,TEVC,propose_new,propose_new,propose_new,propose_new,1990-1999,947,333,0.35163674762407604,True,propose_new
20786,2014,CEC,improve,improve,improve,improve,2010-2014,20442,333,0.016289991194599354,True,improve
25681,2009,ESWA,propose_new,propose_new,propose_new,propose_new,2005-2009,13159,333,0.02530587430655825,True,propose_new
120252,2012,GECCO,propose_new,propose_new,propose_new,propose_new,2010-2014,20442,333,0.016289991194599354,True,propose_new
25300,2009,ESWA,hybrid,hybrid,hybrid,hybrid,2005-2009,13159,333,0.02530587430655825,True,hybrid
18534,2019,CEC,improve,hybrid,improve,improve,2015-2019,20521,333,0.016227279372350276,True,improve
93836,1996,PPSN,apply,apply,apply,apply,1990-1999,947,333,0.35163674762407604,True,apply
89824,1998,INS,benchmark,benchmark,benchmark,benchmark,1990-1999,947,333,0.35163674762407604,True,benchmark
96338,2013,SSCI,improve,apply,improve,improve,2010-2014,20442,333,0.016289991194599354,True,improve
96972,2007,SSCI,improve,improve,improve,propose_new,2005-2009,13159,333,0.02530587430655825,True,improve
79815,2020,INS,propose_new,propose_new,propose_new,propose_new,2020-2025,40240,333,0.008275347912524851,True,propose_new
70749,2009,GPEM,propose_new,propose_new,propose_new,propose_new,2005-2009,13159,333,0.02530587430655825,True,propose_new
78490,2014,INS,propose_new,apply,propose_new,apply,2010-2014,20442,333,0.016289991194599354,True,propose_new
106111,2000,TEVC,theory,theory,theory,theory,2000-2004,4013,333,0.08298031397956641,True,theory
101164,2024,SWEVC,propose_new,propose_new,propose_new,propose_new,2020-2025,40240,333,0.008275347912524851,True,propose_new
118893,2004,CEC,hybrid,apply,apply,apply,2000-2004,4013,333,0.08298031397956641,True,apply
62108,2004,GECCO,theory,theory,theory,theory,2000-2004,4013,333,0.08298031397956641,True,theory
29181,2010,ESWA,apply,apply,apply,apply,2010-2014,20442,333,0.016289991194599354,True,apply
75080,2009,INS,improve,improve,improve,improve,2005-2009,13159,333,0.02530587430655825,True,improve
96637,2009,SSCI,apply,apply,apply,apply,2005-2009,13159,333,0.02530587430655825,True,apply
9902,2025,ASOC,improve,improve,improve,improve,2020-2025,40240,333,0.008275347912524851,True,improve
90768,2004,JOH,propose_new,propose_new,propose_new,propose_new,2000-2004,4013,333,0.08298031397956641,True,propose_new
80571,2019,INS,apply,propose_new,propose_new,propose_new,2015-2019,20521,333,0.016227279372350276,True,propose_new
85090,2024,INS,propose_new,propose_new,propose_new,propose_new,2020-2025,40240,333,0.008275347912524851,True,propose_new
70609,2015,GPEM,apply,propose_new,propose_new,apply,2015-2019,20521,333,0.016227279372350276,True,apply
93598,2000,PPSN,improve,propose_new,propose_new,propose_new,2000-2004,4013,333,0.08298031397956641,True,propose_new
89768,1999,INS,review,other,other,other,1990-1999,947,333,0.35163674762407604,True,other
72903,2011,IJBIC,improve,apply,apply,apply,2010-2014,20442,333,0.016289991194599354,True,apply
93975,1994,PPSN,improve,propose_new,propose_new,propose_new,1990-1999,947,333,0.35163674762407604,True,propose_new
93370,2006,PPSN,improve,improve,propose_new,improve,2005-2009,13159,333,0.02530587430655825,True,improve
93904,1996,PPSN,review,review,review,review,1990-1999,947,333,0.35163674762407604,True,review
37462,2021,ESWA,apply,propose_new,propose_new,apply,2020-2025,40240,333,0.008275347912524851,True,apply
124747,2011,INS,other,other,other,other,2010-2014,20442,333,0.016289991194599354,True,other
25133,2009,ESWA,apply,propose_new,apply,apply,2005-2009,13159,333,0.02530587430655825,True,apply
57905,2020,EVOAPP,propose_new,propose_new,propose_new,propose_new,2020-2025,40240,333,0.008275347912524851,True,propose_new
45592,2024,ESWA,apply,propose_new,propose_new,propose_new,2020-2025,40240,333,0.008275347912524851,True,propose_new
92934,2012,PPSN,improve,improve,improve,improve,2010-2014,20442,333,0.016289991194599354,True,improve
96245,2014,SSCI,propose_new,propose_new,propose_new,propose_new,2010-2014,20442,333,0.016289991194599354,True,propose_new
67601,2015,GECCO,improve,hybrid,improve,propose_new,2015-2019,20521,333,0.016227279372350276,True,improve
36175,2021,ESWA,improve,propose_new,improve,propose_new,2020-2025,40240,333,0.008275347912524851,True,improve
117649,2000,CEC,apply,apply,apply,apply,2000-2004,4013,333,0.08298031397956641,True,apply
117706,2000,CEC,improve,apply,apply,apply,2000-2004,4013,333,0.08298031397956641,True,apply
62717,2014,GECCO,improve,propose_new,propose_new,propose_new,2010-2014,20442,333,0.016289991194599354,True,propose_new
130,1999,OTHER,other,other,other,apply,1990-1999,947,333,0.35163674762407604,True,other
1062,2010,ASOC,propose_new,propose_new,propose_new,propose_new,2010-2014,20442,333,0.016289991194599354,True,propose_new
17065,2010,CEC,improve,improve,improve,propose_new,2010-2014,20442,333,0.016289991194599354,True,improve
9650,2021,ASOC,propose_new,propose_new,propose_new,propose_new,2020-2025,40240,333,0.008275347912524851,True,propose_new
97235,2007,SSCI,improve,improve,improve,improve,2005-2009,13159,333,0.02530587430655825,True,improve
89972,1997,INS,propose_new,propose_new,propose_new,propose_new,1990-1999,947,333,0.35163674762407604,True,propose_new
102184,2018,SWEVC,improve,,improve,propose_new,2015-2019,20521,333,0.016227279372350276,True,improve
120822,2011,SSCI,other,other,other,apply,2010-2014,20442,333,0.016289991194599354,True,other
92163,2012,NATCOMP,theory,theory,theory,theory,2010-2014,20442,333,0.016289991194599354,True,theory
11520,2025,ASOC,improve,improve,,propose_new,2020-2025,40240,333,0.008275347912524851,True,improve
123912,2008,INS,other,other,other,other,2005-2009,13159,333,0.02530587430655825,True,other
89007,2003,INS,apply,propose_new,propose_new,propose_new,2000-2004,4013,333,0.08298031397956641,True,propose_new
93328,2006,PPSN,apply,apply,apply,apply,2005-2009,13159,333,0.02530587430655825,True,apply
483,2011,ASOC,propose_new,propose_new,propose_new,propose_new,2010-2014,20442,333,0.016289991194599354,True,propose_new
74790,2010,INS,propose_new,propose_new,propose_new,propose_new,2010-2014,20442,333,0.016289991194599354,True,propose_new
1320,2002,ASOC,hybrid,hybrid,hybrid,hybrid,2000-2004,4013,333,0.08298031397956641,True,hybrid
17503,2009,CEC,hybrid,apply,apply,apply,2005-2009,13159,333,0.02530587430655825,True,apply
89306,2002,INS,propose_new,propose_new,propose_new,propose_new,2000-2004,4013,333,0.08298031397956641,True,propose_new
90040,1998,INS,apply,apply,apply,apply,1990-1999,947,333,0.35163674762407604,True,apply
15257,2006,CEC,propose_new,benchmark,benchmark,propose_new,2005-2009,13159,333,0.02530587430655825,True,propose_new
44741,2024,ESWA,propose_new,propose_new,propose_new,propose_new,2020-2025,40240,333,0.008275347912524851,True,propose_new
20455,2015,CEC,apply,apply,apply,apply,2015-2019,20521,333,0.016227279372350276,True,apply
27655,2011,ESWA,other,apply,apply,other,2010-2014,20442,333,0.016289991194599354,True,other
6725,2017,ASOC,apply,apply,apply,apply,2015-2019,20521,333,0.016227279372350276,True,apply
38075,2019,ESWA,propose_new,improve,improve,propose_new,2015-2019,20521,333,0.016227279372350276,True,propose_new
76125,2017,INS,hybrid,propose_new,propose_new,propose_new,2015-2019,20521,333,0.016227279372350276,True,propose_new
75185,2007,INS,other,propose_new,propose_new,propose_new,2005-2009,13159,333,0.02530587430655825,True,propose_new
96171,2013,SSCI,improve,improve,propose_new,improve,2010-2014,20442,333,0.016289991194599354,True,improve
119212,2011,CEC,benchmark,benchmark,benchmark,benchmark,2010-2014,20442,333,0.016289991194599354,True,benchmark
89663,1999,INS,theory,theory,theory,theory,1990-1999,947,333,0.35163674762407604,True,theory
67426,2015,GECCO,theory,theory,theory,theory,2015-2019,20521,333,0.016227279372350276,True,theory
61964,2004,GECCO,propose_new,propose_new,propose_new,propose_new,2000-2004,4013,333,0.08298031397956641,True,propose_new
3518,2013,ASOC,propose_new,propose_new,propose_new,propose_new,2010-2014,20442,333,0.016289991194599354,True,propose_new
32475,2012,ESWA,propose_new,propose_new,propose_new,propose_new,2010-2014,20442,333,0.016289991194599354,True,propose_new
123657,2008,INS,other,other,other,other,2005-2009,13159,333,0.02530587430655825,True,other
25772,2009,ESWA,propose_new,propose_new,propose_new,propose_new,2005-2009,13159,333,0.02530587430655825,True,propose_new
3187,2014,ASOC,propose_new,propose_new,propose_new,propose_new,2010-2014,20442,333,0.016289991194599354,True,propose_new
5590,2018,ASOC,propose_new,propose_new,propose_new,propose_new,2015-2019,20521,333,0.016227279372350276,True,propose_new
33251,2018,ESWA,propose_new,propose_new,propose_new,propose_new,2015-2019,20521,333,0.016227279372350276,True,propose_new
76656,2017,INS,,propose_new,propose_new,propose_new,2015-2019,20521,333,0.016227279372350276,True,propose_new
90606,2009,JOH,,apply,apply,apply,2005-2009,13159,333,0.02530587430655825,True,apply
103180,2025,TETCI,,propose_new,propose_new,propose_new,2020-2025,40240,333,0.008275347912524851,True,propose_new
93346,2006,PPSN,apply,improve,improve,improve,2005-2009,13159,333,0.02530587430655825,True,improve
124303,2009,INS,other,other,other,other,2005-2009,13159,333,0.02530587430655825,True,other
15681,2005,CEC,benchmark,apply,benchmark,apply,2005-2009,13159,333,0.02530587430655825,True,benchmark
62335,2003,GECCO,apply,apply,apply,apply,2000-2004,4013,333,0.08298031397956641,True,apply
93857,1996,PPSN,hybrid,propose_new,propose_new,apply,1990-1999,947,333,0.35163674762407604,True,propose_new
93851,1996,PPSN,hybrid,apply,hybrid,apply,1990-1999,947,333,0.35163674762407604,True,hybrid
1466,2016,ASOC,propose_new,propose_new,propose_new,propose_new,2015-2019,20521,333,0.016227279372350276,True,propose_new
119038,2004,CEC,improve,improve,propose_new,propose_new,2000-2004,4013,333,0.08298031397956641,True,improve
89203,2004,INS,propose_new,propose_new,propose_new,propose_new,2000-2004,4013,333,0.08298031397956641,True,propose_new
89975,1998,INS,other,propose_new,propose_new,other,1990-1999,947,333,0.35163674762407604,True,other
120238,2012,GECCO,improve,improve,improve,propose_new,2010-2014,20442,333,0.016289991194599354,True,improve
84750,2024,INS,propose_new,propose_new,propose_new,propose_new,2020-2025,40240,333,0.008275347912524851,True,propose_new
71854,2016,ICSI,propose_new,propose_new,propose_new,propose_new,2015-2019,20521,333,0.016227279372350276,True,propose_new
2556,2015,ASOC,improve,apply,improve,apply,2015-2019,20521,333,0.016227279372350276,True,improve
118517,2003,CEC,improve,benchmark,benchmark,benchmark,2000-2004,4013,333,0.08298031397956641,True,benchmark
89658,1999,INS,theory,theory,theory,theory,1990-1999,947,333,0.35163674762407604,True,theory
15805,2013,CEC,propose_new,propose_new,propose_new,propose_new,2010-2014,20442,333,0.016289991194599354,True,propose_new
75038,2008,INS,theory,other,other,other,2005-2009,13159,333,0.02530587430655825,True,other
37505,2019,ESWA,propose_new,propose_new,propose_new,propose_new,2015-2019,20521,333,0.016227279372350276,True,propose_new
46469,2024,ESWA,propose_new,propose_new,propose_new,propose_new,2020-2025,40240,333,0.008275347912524851,True,propose_new
89900,1998,INS,theory,theory,theory,theory,1990-1999,947,333,0.35163674762407604,True,theory
90899,1999,JOH,improve,improve,improve,improve,1990-1999,947,333,0.35163674762407604,True,improve
69195,2023,GECCO,improve,improve,improve,improve,2020-2025,40240,333,0.008275347912524851,True,improve
62288,2003,GECCO,theory,theory,theory,theory,2000-2004,4013,333,0.08298031397956641,True,theory
88232,2025,INS,apply,propose_new,propose_new,apply,2020-2025,40240,333,0.008275347912524851,True,apply
19070,2018,CEC,propose_new,propose_new,propose_new,improve,2015-2019,20521,333,0.016227279372350276,True,propose_new
18274,2008,CEC,hybrid,hybrid,apply,apply,2005-2009,13159,333,0.02530587430655825,True,hybrid
5548,2019,ASOC,apply,apply,propose_new,propose_new,2015-2019,20521,333,0.016227279372350276,True,apply
123721,2008,INS,review,other,other,other,2005-2009,13159,333,0.02530587430655825,True,other
94104,1992,PPSN,apply,apply,apply,apply,1990-1999,947,333,0.35163674762407604,True,apply
65066,2008,GECCO,propose_new,propose_new,propose_new,propose_new,2005-2009,13159,333,0.02530587430655825,True,propose_new
118368,2003,CEC,apply,apply,apply,apply,2000-2004,4013,333,0.08298031397956641,True,apply
57335,2006,EUROGP,apply,apply,propose_new,apply,2005-2009,13159,333,0.02530587430655825,True,apply
122570,2005,INS,other,other,other,other,2005-2009,13159,333,0.02530587430655825,True,other
42997,2023,ESWA,apply,propose_new,,propose_new,2020-2025,40240,333,0.008275347912524851,True,propose_new
99397,2018,SSCI,theory,theory,theory,theory,2015-2019,20521,333,0.016227279372350276,True,theory
60588,2007,GECCO,other,other,apply,other,2005-2009,13159,333,0.02530587430655825,True,other
118040,2002,CEC,apply,apply,propose_new,apply,2000-2004,4013,333,0.08298031397956641,True,apply
3270,2013,ASOC,apply,apply,apply,apply,2010-2014,20442,333,0.016289991194599354,True,apply
61300,2006,GECCO,propose_new,propose_new,propose_new,propose_new,2005-2009,13159,333,0.02530587430655825,True,propose_new
81376,2018,INS,improve,propose_new,propose_new,propose_new,2015-2019,20521,333,0.016227279372350276,True,propose_new
1290,2003,ASOC,apply,apply,apply,apply,2000-2004,4013,333,0.08298031397956641,True,apply
89659,1999,INS,propose_new,hybrid,propose_new,propose_new,1990-1999,947,333,0.35163674762407604,True,propose_new
57533,2000,EUROGP,hybrid,hybrid,hybrid,hybrid,2000-2004,4013,333,0.08298031397956641,True,hybrid
82473,2022,INS,propose_new,propose_new,propose_new,propose_new,2020-2025,40240,333,0.008275347912524851,True,propose_new
123053,2006,INS,other,other,other,other,2005-2009,13159,333,0.02530587430655825,True,other
89127,2004,INS,apply,apply,propose_new,propose_new,2000-2004,4013,333,0.08298031397956641,True,apply
68789,2024,GECCO,apply,apply,apply,apply,2020-2025,40240,333,0.008275347912524851,True,apply
106174,1997,TEVC,apply,apply,apply,apply,1990-1999,947,333,0.35163674762407604,True,apply
123044,2006,INS,other,apply,other,other,2005-2009,13159,333,0.02530587430655825,True,other
34930,2015,ESWA,review,review,review,review,2015-2019,20521,333,0.016227279372350276,True,review
37159,2021,ESWA,hybrid,hybrid,,apply,2020-2025,40240,333,0.008275347912524851,True,hybrid
96931,2009,SSCI,propose_new,apply,propose_new,apply,2005-2009,13159,333,0.02530587430655825,True,propose_new
116669,2002,ECJ,apply,propose_new,propose_new,apply,2000-2004,4013,333,0.08298031397956641,True,apply
78492,2014,INS,propose_new,propose_new,propose_new,propose_new,2010-2014,20442,333,0.016289991194599354,True,propose_new
16462,2012,CEC,propose_new,propose_new,propose_new,propose_new,2010-2014,20442,333,0.016289991194599354,True,propose_new
94175,1991,PPSN,theory,theory,theory,theory,1990-1999,947,333,0.35163674762407604,True,theory
118331,2002,CEC,apply,apply,apply,apply,2000-2004,4013,333,0.08298031397956641,True,apply
93747,1998,PPSN,benchmark,benchmark,benchmark,benchmark,1990-1999,947,333,0.35163674762407604,True,benchmark
32983,2012,ESWA,improve,improve,improve,improve,2010-2014,20442,333,0.016289991194599354,True,improve
28230,2011,ESWA,,propose_new,propose_new,propose_new,2010-2014,20442,333,0.016289991194599354,True,propose_new
69229,2023,GECCO,,propose_new,propose_new,propose_new,2020-2025,40240,333,0.008275347912524851,True,propose_new
15649,2005,CEC,,improve,propose_new,propose_new,2005-2009,13159,333,0.02530587430655825,True,propose_new
20391,2015,CEC,hybrid,hybrid,hybrid,hybrid,2015-2019,20521,333,0.016227279372350276,True,hybrid
9022,2021,ASOC,propose_new,propose_new,propose_new,propose_new,2020-2025,40240,333,0.008275347912524851,True,propose_new
59051,2006,EVOCOP,propose_new,apply,apply,propose_new,2005-2009,13159,333,0.02530587430655825,True,propose_new
105744,2009,TEVC,propose_new,propose_new,propose_new,propose_new,2005-2009,13159,333,0.02530587430655825,True,propose_new
93711,1998,PPSN,theory,benchmark,benchmark,benchmark,1990-1999,947,333,0.35163674762407604,True,benchmark
116707,2006,ECJ,propose_new,propose_new,propose_new,propose_new,2005-2009,13159,333,0.02530587430655825,True,propose_new
80509,2019,INS,propose_new,propose_new,other,propose_new,2015-2019,20521,333,0.016227279372350276,True,propose_new
89701,1999,INS,theory,theory,theory,theory,1990-1999,947,333,0.35163674762407604,True,theory
118644,2003,CEC,improve,improve,improve,improve,2000-2004,4013,333,0.08298031397956641,True,improve
92623,2020,PPSN,theory,theory,theory,theory,2020-2025,40240,333,0.008275347912524851,True,theory
125218,2012,INS,other,other,other,other,2010-2014,20442,333,0.016289991194599354,True,other
118231,2002,CEC,hybrid,hybrid,apply,propose_new,2000-2004,4013,333,0.08298031397956641,True,hybrid
5231,2019,ASOC,propose_new,propose_new,propose_new,propose_new,2015-2019,20521,333,0.016227279372350276,True,propose_new
31065,2014,ESWA,apply,apply,apply,propose_new,2010-2014,20442,333,0.016289991194599354,True,apply
14271,2007,CEC,hybrid,hybrid,hybrid,hybrid,2005-2009,13159,333,0.02530587430655825,True,hybrid
47571,2025,ESWA,propose_new,propose_new,propose_new,propose_new,2020-2025,40240,333,0.008275347912524851,True,propose_new
61286,2006,GECCO,improve,improve,improve,improve,2005-2009,13159,333,0.02530587430655825,True,improve
62540,2014,GECCO,improve,propose_new,propose_new,propose_new,2010-2014,20442,333,0.016289991194599354,True,propose_new
30112,2011,ESWA,apply,apply,apply,apply,2010-2014,20442,333,0.016289991194599354,True,apply
91783,2019,NATCOMP,propose_new,propose_new,propose_new,propose_new,2015-2019,20521,333,0.016227279372350276,True,propose_new
42501,2023,ESWA,apply,propose_new,propose_new,propose_new,2020-2025,40240,333,0.008275347912524851,True,propose_new
89563,2001,INS,propose_new,propose_new,other,propose_new,2000-2004,4013,333,0.08298031397956641,True,propose_new
89826,1999,INS,propose_new,hybrid,hybrid,propose_new,1990-1999,947,333,0.35163674762407604,True,propose_new
90749,2004,JOH,hybrid,hybrid,hybrid,hybrid,2000-2004,4013,333,0.08298031397956641,True,hybrid
28505,2011,ESWA,other,propose_new,propose_new,apply,2010-2014,20442,333,0.016289991194599354,True,propose_new
158,2011,ASOC,hybrid,hybrid,hybrid,hybrid,2010-2014,20442,333,0.016289991194599354,True,hybrid
84815,2024,INS,propose_new,propose_new,propose_new,propose_new,2020-2025,40240,333,0.008275347912524851,True,propose_new
117792,2000,CEC,propose_new,propose_new,propose_new,propose_new,2000-2004,4013,333,0.08298031397956641,True,propose_new
61997,2003,GECCO,propose_new,propose_new,propose_new,propose_new,2000-2004,4013,333,0.08298031397956641,True,propose_new
89376,2002,INS,propose_new,propose_new,propose_new,other,2000-2004,4013,333,0.08298031397956641,True,propose_new
93933,1996,PPSN,improve,apply,other,other,1990-1999,947,333,0.35163674762407604,True,other
15252,2006,CEC,theory,benchmark,benchmark,theory,2005-2009,13159,333,0.02530587430655825,True,theory
74999,2010,INS,propose_new,propose_new,propose_new,propose_new,2010-2014,20442,333,0.016289991194599354,True,propose_new
19792,2016,CEC,propose_new,propose_new,propose_new,propose_new,2015-2019,20521,333,0.016227279372350276,True,propose_new
3245,2013,ASOC,propose_new,propose_new,propose_new,propose_new,2010-2014,20442,333,0.016289991194599354,True,propose_new
43079,2023,ESWA,other,propose_new,propose_new,propose_new,2020-2025,40240,333,0.008275347912524851,True,propose_new
89904,1998,INS,other,propose_new,propose_new,propose_new,1990-1999,947,333,0.35163674762407604,True,propose_new
3367,2013,ASOC,propose_new,propose_new,propose_new,propose_new,2010-2014,20442,333,0.016289991194599354,True,propose_new
64167,2010,GECCO,hybrid,hybrid,hybrid,hybrid,2010-2014,20442,333,0.016289991194599354,True,hybrid
28005,2011,ESWA,apply,apply,other,apply,2010-2014,20442,333,0.016289991194599354,True,apply
99593,2018,SSCI,apply,propose_new,propose_new,apply,2015-2019,20521,333,0.016227279372350276,True,apply
58570,2011,EVOAPP,improve,improve,improve,apply,2010-2014,20442,333,0.016289991194599354,True,improve
61538,2005,GECCO,improve,benchmark,benchmark,apply,2005-2009,13159,333,0.02530587430655825,True,benchmark
49393,2025,ESWA,improve,improve,improve,improve,2020-2025,40240,333,0.008275347912524851,True,improve
59063,2006,EVOCOP,propose_new,apply,apply,propose_new,2005-2009,13159,333,0.02530587430655825,True,propose_new
93902,1996,PPSN,improve,improve,propose_new,apply,1990-1999,947,333,0.35163674762407604,True,improve
27767,2011,ESWA,propose_new,propose_new,propose_new,propose_new,2010-2014,20442,333,0.016289991194599354,True,propose_new
41470,2023,ESWA,apply,apply,apply,apply,2020-2025,40240,333,0.008275347912524851,True,apply
11496,2025,ASOC,propose_new,propose_new,propose_new,propose_new,2020-2025,40240,333,0.008275347912524851,True,propose_new
61234,2006,GECCO,improve,apply,improve,apply,2005-2009,13159,333,0.02530587430655825,True,improve
93416,2004,PPSN,theory,benchmark,benchmark,theory,2000-2004,4013,333,0.08298031397956641,True,theory
16858,2009,CEC,improve,improve,improve,apply,2005-2009,13159,333,0.02530587430655825,True,improve
95160,2014,SSCI,improve,improve,improve,improve,2010-2014,20442,333,0.016289991194599354,True,improve
119276,2011,CEC,apply,apply,apply,apply,2010-2014,20442,333,0.016289991194599354,True,apply
21617,2024,CEC,hybrid,propose_new,propose_new,propose_new,2020-2025,40240,333,0.008275347912524851,True,propose_new
119172,2011,CEC,benchmark,benchmark,benchmark,benchmark,2010-2014,20442,333,0.016289991194599354,True,benchmark
118582,2003,CEC,apply,apply,apply,apply,2000-2004,4013,333,0.08298031397956641,True,apply
89049,2004,INS,theory,theory,theory,theory,2000-2004,4013,333,0.08298031397956641,True,theory
28107,2011,ESWA,improve,improve,improve,propose_new,2010-2014,20442,333,0.016289991194599354,True,improve
16494,2012,CEC,propose_new,improve,propose_new,propose_new,2010-2014,20442,333,0.016289991194599354,True,propose_new
27310,2006,ESWA,apply,apply,apply,apply,2005-2009,13159,333,0.02530587430655825,True,apply
118211,2002,CEC,propose_new,propose_new,propose_new,propose_new,2000-2004,4013,333,0.08298031397956641,True,propose_new
118226,2002,CEC,hybrid,hybrid,hybrid,improve,2000-2004,4013,333,0.08298031397956641,True,hybrid
38090,2019,ESWA,apply,hybrid,propose_new,propose_new,2015-2019,20521,333,0.016227279372350276,True,propose_new
69809,2022,GECCO,hybrid,hybrid,hybrid,hybrid,2020-2025,40240,333,0.008275347912524851,True,hybrid
35381,2015,ESWA,propose_new,propose_new,propose_new,propose_new,2015-2019,20521,333,0.016227279372350276,True,propose_new
92978,2012,PPSN,propose_new,propose_new,propose_new,propose_new,2010-2014,20442,333,0.016289991194599354,True,propose_new
61647,2005,GECCO,improve,propose_new,propose_new,improve,2005-2009,13159,333,0.02530587430655825,True,improve
93997,1994,PPSN,improve,improve,improve,improve,1990-1999,947,333,0.35163674762407604,True,improve
116687,2005,ECJ,improve,improve,improve,propose_new,2005-2009,13159,333,0.02530587430655825,True,improve
80810,2020,INS,improve,improve,propose_new,propose_new,2020-2025,40240,333,0.008275347912524851,True,improve
74449,2011,INS,theory,theory,other,theory,2010-2014,20442,333,0.016289991194599354,True,theory
18246,2008,CEC,propose_new,propose_new,propose_new,propose_new,2005-2009,13159,333,0.02530587430655825,True,propose_new
89937,1997,INS,apply,apply,apply,apply,1990-1999,947,333,0.35163674762407604,True,apply
24953,2003,EMO,apply,apply,hybrid,apply,2000-2004,4013,333,0.08298031397956641,True,apply
11811,2025,ASOC,propose_new,propose_new,propose_new,propose_new,2020-2025,40240,333,0.008275347912524851,True,propose_new
93488,2002,PPSN,hybrid,propose_new,propose_new,propose_new,2000-2004,4013,333,0.08298031397956641,True,propose_new
105957,2003,TEVC,apply,apply,apply,apply,2000-2004,4013,333,0.08298031397956641,True,apply
89802,1999,INS,improve,propose_new,propose_new,improve,1990-1999,947,333,0.35163674762407604,True,improve
61831,2003,GECCO,propose_new,propose_new,propose_new,propose_new,2000-2004,4013,333,0.08298031397956641,True,propose_new
61492,2005,GECCO,theory,theory,theory,theory,2005-2009,13159,333,0.02530587430655825,True,theory
26483,2009,ESWA,propose_new,propose_new,propose_new,propose_new,2005-2009,13159,333,0.02530587430655825,True,propose_new
93285,2006,PPSN,propose_new,propose_new,propose_new,propose_new,2005-2009,13159,333,0.02530587430655825,True,propose_new
90923,1997,JOH,propose_new,propose_new,propose_new,apply,1990-1999,947,333,0.35163674762407604,True,propose_new
94683,2016,SSCI,propose_new,propose_new,propose_new,propose_new,2015-2019,20521,333,0.016227279372350276,True,propose_new
47724,2025,ESWA,propose_new,propose_new,propose_new,propose_new,2020-2025,40240,333,0.008275347912524851,True,propose_new
97410,2007,SSCI,apply,other,other,other,2005-2009,13159,333,0.02530587430655825,True,other
124095,2009,INS,review,review,review,other,2005-2009,13159,333,0.02530587430655825,True,review
75518,2008,INS,propose_new,propose_new,propose_new,propose_new,2005-2009,13159,333,0.02530587430655825,True,propose_new
119360,2011,CEC,propose_new,,propose_new,propose_new,2010-2014,20442,333,0.016289991194599354,True,propose_new
41671,2023,ESWA,apply,apply,apply,apply,2020-2025,40240,333,0.008275347912524851,True,apply
94191,1991,PPSN,propose_new,propose_new,propose_new,propose_new,1990-1999,947,333,0.35163674762407604,True,propose_new
30642,2014,ESWA,apply,propose_new,propose_new,propose_new,2010-2014,20442,333,0.016289991194599354,True,propose_new
39231,2022,ESWA,improve,improve,improve,propose_new,2020-2025,40240,333,0.008275347912524851,True,improve
90892,1999,JOH,apply,apply,apply,apply,1990-1999,947,333,0.35163674762407604,True,apply
33419,2018,ESWA,apply,propose_new,propose_new,apply,2015-2019,20521,333,0.016227279372350276,True,apply
39628,2022,ESWA,propose_new,propose_new,propose_new,propose_new,2020-2025,40240,333,0.008275347912524851,True,propose_new
90837,2001,JOH,propose_new,propose_new,propose_new,propose_new,2000-2004,4013,333,0.08298031397956641,True,propose_new
29655,2011,ESWA,propose_new,propose_new,propose_new,propose_new,2010-2014,20442,333,0.016289991194599354,True,propose_new
29887,2010,ESWA,apply,apply,propose_new,propose_new,2010-2014,20442,333,0.016289991194599354,True,apply
25058,2009,ESWA,review,review,review,review,2005-2009,13159,333,0.02530587430655825,True,review
22341,2021,CEC,hybrid,apply,hybrid,apply,2020-2025,40240,333,0.008275347912524851,True,hybrid
94011,1994,PPSN,hybrid,hybrid,hybrid,hybrid,1990-1999,947,333,0.35163674762407604,True,hybrid
76748,2016,INS,improve,improve,improve,improve,2015-2019,20521,333,0.016227279372350276,True,improve
76567,2015,INS,theory,theory,theory,theory,2015-2019,20521,333,0.016227279372350276,True,theory
89762,1999,INS,propose_new,propose_new,other,propose_new,1990-1999,947,333,0.35163674762407604,True,propose_new
89859,1998,INS,other,other,other,other,1990-1999,947,333,0.35163674762407604,True,other
20775,2014,CEC,propose_new,propose_new,propose_new,propose_new,2010-2014,20442,333,0.016289991194599354,True,propose_new
30667,2014,ESWA,propose_new,propose_new,propose_new,propose_new,2010-2014,20442,333,0.016289991194599354,True,propose_new
117805,2001,CEC,improve,propose_new,improve,improve,2000-2004,4013,333,0.08298031397956641,True,improve
89851,1999,INS,propose_new,propose_new,propose_new,propose_new,1990-1999,947,333,0.35163674762407604,True,propose_new
76571,2016,INS,improve,propose_new,propose_new,propose_new,2015-2019,20521,333,0.016227279372350276,True,propose_new
60843,2007,GECCO,improve,benchmark,benchmark,improve,2005-2009,13159,333,0.02530587430655825,True,improve
26452,2008,ESWA,other,apply,apply,apply,2005-2009,13159,333,0.02530587430655825,True,apply
90357,2016,JOH,improve,propose_new,propose_new,propose_new,2015-2019,20521,333,0.016227279372350276,True,propose_new
74416,2010,INS,propose_new,propose_new,propose_new,propose_new,2010-2014,20442,333,0.016289991194599354,True,propose_new
96313,2013,SSCI,apply,apply,propose_new,apply,2010-2014,20442,333,0.016289991194599354,True,apply
90867,2000,JOH,apply,apply,apply,propose_new,2000-2004,4013,333,0.08298031397956641,True,apply
26013,2009,ESWA,other,other,other,other,2005-2009,13159,333,0.02530587430655825,True,other
118558,2003,CEC,propose_new,propose_new,propose_new,apply,2000-2004,4013,333,0.08298031397956641,True,propose_new
27516,2004,ESWA,other,propose_new,propose_new,other,2000-2004,4013,333,0.08298031397956641,True,other
118501,2003,CEC,propose_new,propose_new,propose_new,propose_new,2000-2004,4013,333,0.08298031397956641,True,propose_new
93974,1994,PPSN,hybrid,apply,apply,apply,1990-1999,947,333,0.35163674762407604,True,apply
89795,1998,INS,other,propose_new,propose_new,propose_new,1990-1999,947,333,0.35163674762407604,True,propose_new
74732,2009,INS,propose_new,propose_new,propose_new,propose_new,2005-2009,13159,333,0.02530587430655825,True,propose_new
93827,1998,PPSN,theory,benchmark,other,theory,1990-1999,947,333,0.35163674762407604,True,theory
123871,2008,INS,other,other,other,other,2005-2009,13159,333,0.02530587430655825,True,other
45405,2024,ESWA,apply,other,apply,other,2020-2025,40240,333,0.008275347912524851,True,apply
14638,2007,CEC,propose_new,improve,improve,propose_new,2005-2009,13159,333,0.02530587430655825,True,propose_new
23827,2023,ECJ,theory,propose_new,propose_new,propose_new,2020-2025,40240,333,0.008275347912524851,True,propose_new
118066,2002,CEC,apply,apply,apply,apply,2000-2004,4013,333,0.08298031397956641,True,apply
14353,2007,CEC,propose_new,propose_new,propose_new,propose_new,2005-2009,13159,333,0.02530587430655825,True,propose_new
118272,2002,CEC,theory,benchmark,propose_new,apply,2000-2004,4013,333,0.08298031397956641,True,theory
96678,2009,SSCI,improve,apply,apply,propose_new,2005-2009,13159,333,0.02530587430655825,True,apply
9045,2021,ASOC,propose_new,propose_new,propose_new,improve,2020-2025,40240,333,0.008275347912524851,True,propose_new
29168,2010,ESWA,apply,apply,apply,apply,2010-2014,20442,333,0.016289991194599354,True,apply
77922,2014,INS,improve,propose_new,theory,propose_new,2010-2014,20442,333,0.016289991194599354,True,propose_new
90059,1998,INS,other,propose_new,other,other,1990-1999,947,333,0.35163674762407604,True,other
105373,2015,TEVC,apply,apply,apply,apply,2015-2019,20521,333,0.016227279372350276,True,apply
28711,2011,ESWA,propose_new,propose_new,propose_new,apply,2010-2014,20442,333,0.016289991194599354,True,propose_new
60845,2007,GECCO,propose_new,propose_new,propose_new,propose_new,2005-2009,13159,333,0.02530587430655825,True,propose_new
87621,2025,INS,propose_new,propose_new,propose_new,propose_new,2020-2025,40240,333,0.008275347912524851,True,propose_new
93614,2000,PPSN,theory,theory,theory,theory,2000-2004,4013,333,0.08298031397956641,True,theory
94105,1992,PPSN,theory,improve,other,theory,1990-1999,947,333,0.35163674762407604,True,theory
96978,2007,SSCI,propose_new,propose_new,propose_new,propose_new,2005-2009,13159,333,0.02530587430655825,True,propose_new
1020,2009,ASOC,propose_new,propose_new,propose_new,propose_new,2005-2009,13159,333,0.02530587430655825,True,propose_new
73381,2013,INS,propose_new,propose_new,propose_new,propose_new,2010-2014,20442,333,0.016289991194599354,True,propose_new
61963,2003,GECCO,other,apply,other,other,2000-2004,4013,333,0.08298031397956641,True,other
75233,2008,INS,other,propose_new,propose_new,propose_new,2005-2009,13159,333,0.02530587430655825,True,propose_new
90283,2019,JOH,hybrid,hybrid,hybrid,hybrid,2015-2019,20521,333,0.016227279372350276,True,hybrid
90785,2003,JOH,propose_new,propose_new,propose_new,propose_new,2000-2004,4013,333,0.08298031397956641,True,propose_new
102938,2025,TETCI,propose_new,propose_new,propose_new,propose_new,2020-2025,40240,333,0.008275347912524851,True,propose_new
94096,1992,PPSN,propose_new,propose_new,other,other,1990-1999,947,333,0.35163674762407604,True,propose_new
90014,1997,INS,apply,apply,propose_new,apply,1990-1999,947,333,0.35163674762407604,True,apply
76305,2017,INS,propose_new,,propose_new,propose_new,2015-2019,20521,333,0.016227279372350276,True,propose_new
105442,2013,TEVC,theory,theory,theory,propose_new,2010-2014,20442,333,0.016289991194599354,True,theory
46653,2024,ESWA,apply,apply,,apply,2020-2025,40240,333,0.008275347912524851,True,apply
60966,2007,GECCO,improve,apply,improve,apply,2005-2009,13159,333,0.02530587430655825,True,improve
93326,2006,PPSN,improve,apply,apply,improve,2005-2009,13159,333,0.02530587430655825,True,improve
69255,2022,GECCO,review,benchmark,benchmark,other,2020-2025,40240,333,0.008275347912524851,True,benchmark
94136,1992,PPSN,theory,theory,theory,other,1990-1999,947,333,0.35163674762407604,True,theory
72932,2011,IJBIC,improve,improve,improve,improve,2010-2014,20442,333,0.016289991194599354,True,improve
70737,2008,GPEM,other,other,apply,other,2005-2009,13159,333,0.02530587430655825,True,other
84608,2024,INS,propose_new,propose_new,propose_new,propose_new,2020-2025,40240,333,0.008275347912524851,True,propose_new
34866,2016,ESWA,propose_new,propose_new,propose_new,propose_new,2015-2019,20521,333,0.016227279372350276,True,propose_new
24922,2003,EMO,apply,apply,benchmark,apply,2000-2004,4013,333,0.08298031397956641,True,apply
106136,1999,TEVC,propose_new,propose_new,propose_new,propose_new,1990-1999,947,333,0.35163674762407604,True,propose_new
89786,1998,INS,theory,other,theory,theory,1990-1999,947,333,0.35163674762407604,True,theory
57563,2000,EUROGP,apply,apply,apply,apply,2000-2004,4013,333,0.08298031397956641,True,apply
47575,2025,ESWA,apply,propose_new,propose_new,propose_new,2020-2025,40240,333,0.008275347912524851,True,propose_new
88720,2025,INS,propose_new,hybrid,propose_new,propose_new,2020-2025,40240,333,0.008275347912524851,True,propose_new
1872,2016,ASOC,propose_new,propose_new,propose_new,propose_new,2015-2019,20521,333,0.016227279372350276,True,propose_new
82523,2022,INS,propose_new,propose_new,propose_new,propose_new,2020-2025,40240,333,0.008275347912524851,True,propose_new
61883,2004,GECCO,improve,improve,propose_new,other,2000-2004,4013,333,0.08298031397956641,True,improve
46214,2024,ESWA,other,propose_new,propose_new,apply,2020-2025,40240,333,0.008275347912524851,True,propose_new
16641,2012,CEC,propose_new,propose_new,propose_new,propose_new,2010-2014,20442,333,0.016289991194599354,True,propose_new
89154,2004,INS,other,other,other,other,2000-2004,4013,333,0.08298031397956641,True,other
93785,1996,PPSN,theory,theory,theory,theory,1990-1999,947,333,0.35163674762407604,True,theory
124663,2010,INS,apply,other,apply,other,2010-2014,20442,333,0.016289991194599354,True,apply
78685,2014,INS,apply,apply,apply,apply,2010-2014,20442,333,0.016289991194599354,True,apply
93734,1998,PPSN,improve,improve,propose_new,propose_new,1990-1999,947,333,0.35163674762407604,True,improve
1839,2016,ASOC,hybrid,hybrid,hybrid,hybrid,2015-2019,20521,333,0.016227279372350276,True,hybrid
90544,2011,JOH,review,review,review,review,2010-2014,20442,333,0.016289991194599354,True,review
41467,2023,ESWA,propose_new,propose_new,propose_new,propose_new,2020-2025,40240,333,0.008275347912524851,True,propose_new
90787,2003,JOH,benchmark,benchmark,benchmark,benchmark,2000-2004,4013,333,0.08298031397956641,True,benchmark
38325,2019,ESWA,apply,propose_new,propose_new,propose_new,2015-2019,20521,333,0.016227279372350276,True,propose_new
106132,2000,TEVC,hybrid,hybrid,hybrid,propose_new,2000-2004,4013,333,0.08298031397956641,True,hybrid
34864,2016,ESWA,propose_new,propose_new,propose_new,propose_new,2015-2019,20521,333,0.016227279372350276,True,propose_new
76763,2014,INS,other,other,other,other,2010-2014,20442,333,0.016289991194599354,True,other
99905,2017,SSCI,apply,propose_new,propose_new,propose_new,2015-2019,20521,333,0.016227279372350276,True,propose_new
57948,2019,EVOAPP,improve,improve,improve,improve,2015-2019,20521,333,0.016227279372350276,True,improve
60763,2007,GECCO,improve,improve,improve,improve,2005-2009,13159,333,0.02530587430655825,True,improve
43755,2024,ESWA,propose_new,propose_new,propose_new,propose_new,2020-2025,40240,333,0.008275347912524851,True,propose_new
90058,1997,INS,improve,hybrid,propose_new,propose_new,1990-1999,947,333,0.35163674762407604,True,propose_new
97128,2007,SSCI,improve,apply,improve,apply,2005-2009,13159,333,0.02530587430655825,True,improve
2686,2015,ASOC,apply,propose_new,propose_new,propose_new,2015-2019,20521,333,0.016227279372350276,True,propose_new
89837,1998,INS,propose_new,propose_new,propose_new,propose_new,1990-1999,947,333,0.35163674762407604,True,propose_new
89861,1998,INS,other,propose_new,other,other,1990-1999,947,333,0.35163674762407604,True,other
65220,2020,GECCO,propose_new,propose_new,propose_new,propose_new,2020-2025,40240,333,0.008275347912524851,True,propose_new
93408,2002,PPSN,theory,theory,theory,theory,2000-2004,4013,333,0.08298031397956641,True,theory
72426,2023,IJBIC,other,propose_new,propose_new,propose_new,2020-2025,40240,333,0.008275347912524851,True,propose_new
92658,2018,PPSN,theory,theory,theory,theory,2015-2019,20521,333,0.016227279372350276,True,theory
89970,1997,INS,propose_new,propose_new,propose_new,other,1990-1999,947,333,0.35163674762407604,True,propose_new
93783,1996,PPSN,propose_new,apply,,propose_new,1990-1999,947,333,0.35163674762407604,True,propose_new
25355,2009,ESWA,hybrid,hybrid,hybrid,hybrid,2005-2009,13159,333,0.02530587430655825,True,hybrid
63000,2013,GECCO,propose_new,propose_new,propose_new,propose_new,2010-2014,20442,333,0.016289991194599354,True,propose_new
65785,2019,GECCO,apply,benchmark,benchmark,improve,2015-2019,20521,333,0.016227279372350276,True,benchmark
118564,2003,CEC,improve,improve,improve,improve,2000-2004,4013,333,0.08298031397956641,True,improve
45305,2024,ESWA,propose_new,improve,improve,propose_new,2020-2025,40240,333,0.008275347912524851,True,propose_new
98607,2020,SSCI,propose_new,propose_new,propose_new,propose_new,2020-2025,40240,333,0.008275347912524851,True,propose_new
27179,2006,ESWA,propose_new,propose_new,propose_new,other,2005-2009,13159,333,0.02530587430655825,True,propose_new
43192,2024,ESWA,propose_new,propose_new,propose_new,propose_new,2020-2025,40240,333,0.008275347912524851,True,propose_new
61866,2003,GECCO,apply,propose_new,propose_new,apply,2000-2004,4013,333,0.08298031397956641,True,apply
39667,2022,ESWA,benchmark,benchmark,benchmark,benchmark,2020-2025,40240,333,0.008275347912524851,True,benchmark
119357,2011,CEC,improve,propose_new,propose_new,hybrid,2010-2014,20442,333,0.016289991194599354,True,propose_new
96345,2013,SSCI,improve,,improve,apply,2010-2014,20442,333,0.016289991194599354,True,improve
66679,2017,GECCO,hybrid,hybrid,improve,propose_new,2015-2019,20521,333,0.016227279372350276,True,hybrid
76035,2017,INS,propose_new,propose_new,other,theory,2015-2019,20521,333,0.016227279372350276,True,propose_new
102121,2019,SWEVC,apply,hybrid,apply,apply,2015-2019,20521,333,0.016227279372350276,True,apply
3335,2014,ASOC,apply,apply,apply,apply,2010-2014,20442,333,0.016289991194599354,True,apply
37225,2020,ESWA,hybrid,hybrid,hybrid,hybrid,2020-2025,40240,333,0.008275347912524851,True,hybrid
15361,2005,CEC,apply,apply,apply,apply,2005-2009,13159,333,0.02530587430655825,True,apply
77106,2017,INS,other,other,theory,theory,2015-2019,20521,333,0.016227279372350276,True,other
89865,1998,INS,apply,propose_new,other,other,1990-1999,947,333,0.35163674762407604,True,other
14849,2007,CEC,propose_new,apply,propose_new,apply,2005-2009,13159,333,0.02530587430655825,True,propose_new
73444,2013,INS,apply,propose_new,propose_new,apply,2010-2014,20442,333,0.016289991194599354,True,apply
93238,2008,PPSN,improve,improve,improve,apply,2005-2009,13159,333,0.02530587430655825,True,improve
98069,2021,SSCI,apply,apply,apply,apply,2020-2025,40240,333,0.008275347912524851,True,apply
25560,2009,ESWA,apply,apply,apply,apply,2005-2009,13159,333,0.02530587430655825,True,apply
26357,2009,ESWA,propose_new,propose_new,propose_new,propose_new,2005-2009,13159,333,0.02530587430655825,True,propose_new
89993,1997,INS,theory,theory,theory,theory,1990-1999,947,333,0.35163674762407604,True,theory
79698,2020,INS,propose_new,propose_new,propose_new,propose_new,2020-2025,40240,333,0.008275347912524851,True,propose_new
47686,2025,ESWA,propose_new,propose_new,propose_new,propose_new,2020-2025,40240,333,0.008275347912524851,True,propose_new
117655,2000,CEC,propose_new,propose_new,propose_new,propose_new,2000-2004,4013,333,0.08298031397956641,True,propose_new
73721,2012,INS,other,propose_new,propose_new,apply,2010-2014,20442,333,0.016289991194599354,True,propose_new
78529,2014,INS,propose_new,propose_new,propose_new,propose_new,2010-2014,20442,333,0.016289991194599354,True,propose_new
21284,2021,CEC,benchmark,benchmark,benchmark,improve,2020-2025,40240,333,0.008275347912524851,True,benchmark
93872,1996,PPSN,propose_new,propose_new,propose_new,propose_new,1990-1999,947,333,0.35163674762407604,True,propose_new
98853,2019,SSCI,theory,theory,theory,theory,2015-2019,20521,333,0.016227279372350276,True,theory
66954,2017,GECCO,propose_new,improve,propose_new,improve,2015-2019,20521,333,0.016227279372350276,True,propose_new
118199,2002,CEC,propose_new,propose_new,propose_new,propose_new,2000-2004,4013,333,0.08298031397956641,True,propose_new
42736,2023,ESWA,hybrid,improve,improve,improve,2020-2025,40240,333,0.008275347912524851,True,improve
62472,2014,GECCO,propose_new,propose_new,propose_new,propose_new,2010-2014,20442,333,0.016289991194599354,True,propose_new
93784,1996,PPSN,propose_new,propose_new,propose_new,hybrid,1990-1999,947,333,0.35163674762407604,True,propose_new
93830,1996,PPSN,improve,improve,improve,improve,1990-1999,947,333,0.35163674762407604,True,improve
118706,2003,CEC,propose_new,propose_new,propose_new,propose_new,2000-2004,4013,333,0.08298031397956641,True,propose_new
7443,2022,ASOC,propose_new,improve,improve,propose_new,2020-2025,40240,333,0.008275347912524851,True,propose_new
89735,1999,INS,theory,theory,theory,other,1990-1999,947,333,0.35163674762407604,True,theory
79059,2020,INS,theory,theory,theory,propose_new,2020-2025,40240,333,0.008275347912524851,True,theory
95796,2013,SSCI,theory,theory,theory,theory,2010-2014,20442,333,0.016289991194599354,True,theory
22408,2021,CEC,improve,improve,propose_new,improve,2020-2025,40240,333,0.008275347912524851,True,improve
90941,1996,JOH,hybrid,hybrid,hybrid,propose_new,1990-1999,947,333,0.35163674762407604,True,hybrid
120482,2011,SSCI,apply,benchmark,benchmark,other,2010-2014,20442,333,0.016289991194599354,True,benchmark
80097,2020,INS,benchmark,benchmark,benchmark,benchmark,2020-2025,40240,333,0.008275347912524851,True,benchmark
64098,2010,GECCO,benchmark,benchmark,benchmark,benchmark,2010-2014,20442,333,0.016289991194599354,True,benchmark
118153,2002,CEC,hybrid,,apply,apply,2000-2004,4013,333,0.08298031397956641,True,apply
106157,1997,TEVC,apply,apply,apply,apply,1990-1999,947,333,0.35163674762407604,True,apply
503,2011,ASOC,improve,improve,improve,improve,2010-2014,20442,333,0.016289991194599354,True,improve
61232,2006,GECCO,theory,benchmark,benchmark,theory,2005-2009,13159,333,0.02530587430655825,True,theory
21906,2023,CEC,benchmark,benchmark,benchmark,apply,2020-2025,40240,333,0.008275347912524851,True,benchmark
27433,2005,ESWA,apply,apply,apply,apply,2005-2009,13159,333,0.02530587430655825,True,apply
2376,2015,ASOC,hybrid,hybrid,propose_new,hybrid,2015-2019,20521,333,0.016227279372350276,True,hybrid
97958,2022,SSCI,propose_new,hybrid,propose_new,propose_new,2020-2025,40240,333,0.008275347912524851,True,propose_new
89347,2003,INS,propose_new,propose_new,propose_new,propose_new,2000-2004,4013,333,0.08298031397956641,True,propose_new
89294,2003,INS,apply,propose_new,apply,other,2000-2004,4013,333,0.08298031397956641,True,apply
22383,2021,CEC,hybrid,hybrid,hybrid,hybrid,2020-2025,40240,333,0.008275347912524851,True,hybrid
93692,1998,PPSN,improve,propose_new,propose_new,propose_new,1990-1999,947,333,0.35163674762407604,True,propose_new
6373,2017,ASOC,improve,improve,improve,apply,2015-2019,20521,333,0.016227279372350276,True,improve
95533,2014,SSCI,improve,improve,improve,improve,2010-2014,20442,333,0.016289991194599354,True,improve
80694,2019,INS,other,propose_new,propose_new,propose_new,2015-2019,20521,333,0.016227279372350276,True,propose_new
89807,1999,INS,other,propose_new,propose_new,other,1990-1999,947,333,0.35163674762407604,True,other
24166,2003,ECJ,theory,theory,theory,theory,2000-2004,4013,333,0.08298031397956641,True,theory
118156,2002,CEC,improve,improve,improve,improve,2000-2004,4013,333,0.08298031397956641,True,improve
7124,2023,ASOC,propose_new,propose_new,propose_new,propose_new,2020-2025,40240,333,0.008275347912524851,True,propose_new
10615,2025,ASOC,improve,improve,,propose_new,2020-2025,40240,333,0.008275347912524851,True,improve
118792,2004,CEC,hybrid,hybrid,hybrid,hybrid,2000-2004,4013,333,0.08298031397956641,True,hybrid
40494,2022,ESWA,propose_new,propose_new,propose_new,propose_new,2020-2025,40240,333,0.008275347912524851,True,propose_new
18008,2008,CEC,hybrid,apply,propose_new,apply,2005-2009,13159,333,0.02530587430655825,True,apply
27507,2004,ESWA,hybrid,hybrid,hybrid,propose_new,2000-2004,4013,333,0.08298031397956641,True,hybrid
48895,2025,ESWA,propose_new,propose_new,propose_new,propose_new,2020-2025,40240,333,0.008275347912524851,True,propose_new
32235,2012,ESWA,propose_new,propose_new,propose_new,propose_new,2010-2014,20442,333,0.016289991194599354,True,propose_new
89753,1999,INS,improve,propose_new,apply,improve,1990-1999,947,333,0.35163674762407604,True,improve
7018,2023,ASOC,apply,apply,propose_new,apply,2020-2025,40240,333,0.008275347912524851,True,apply
12214,2024,ASOC,apply,,propose_new,apply,2020-2025,40240,333,0.008275347912524851,True,apply
118691,2003,CEC,benchmark,benchmark,benchmark,benchmark,2000-2004,4013,333,0.08298031397956641,True,benchmark
15189,2006,CEC,propose_new,propose_new,propose_new,propose_new,2005-2009,13159,333,0.02530587430655825,True,propose_new
43173,2024,ESWA,propose_new,propose_new,propose_new,propose_new,2020-2025,40240,333,0.008275347912524851,True,propose_new
105975,2003,TEVC,propose_new,apply,propose_new,propose_new,2000-2004,4013,333,0.08298031397956641,True,propose_new
34167,2016,ESWA,propose_new,propose_new,propose_new,propose_new,2015-2019,20521,333,0.016227279372350276,True,propose_new
89312,2002,INS,propose_new,theory,other,theory,2000-2004,4013,333,0.08298031397956641,True,theory
38027,2019,ESWA,propose_new,propose_new,propose_new,propose_new,2015-2019,20521,333,0.016227279372350276,True,propose_new
93761,1998,PPSN,improve,improve,improve,propose_new,1990-1999,947,333,0.35163674762407604,True,improve
194,2011,ASOC,apply,apply,apply,apply,2010-2014,20442,333,0.016289991194599354,True,apply
96418,2014,SSCI,apply,theory,theory,theory,2010-2014,20442,333,0.016289991194599354,True,theory
1294,2003,ASOC,apply,apply,propose_new,apply,2000-2004,4013,333,0.08298031397956641,True,apply
93976,1994,PPSN,propose_new,propose_new,propose_new,propose_new,1990-1999,947,333,0.35163674762407604,True,propose_new
27458,2005,ESWA,other,propose_new,propose_new,propose_new,2005-2009,13159,333,0.02530587430655825,True,propose_new
67506,2015,GECCO,theory,theory,theory,theory,2015-2019,20521,333,0.016227279372350276,True,theory
26627,2008,ESWA,hybrid,propose_new,propose_new,propose_new,2005-2009,13159,333,0.02530587430655825,True,propose_new
93749,1998,PPSN,improve,improve,improve,improve,1990-1999,947,333,0.35163674762407604,True,improve
5121,2018,ASOC,propose_new,propose_new,propose_new,propose_new,2015-2019,20521,333,0.016227279372350276,True,propose_new
124104,2009,INS,other,review,other,other,2005-2009,13159,333,0.02530587430655825,True,other
89655,1999,INS,theory,theory,theory,theory,1990-1999,947,333,0.35163674762407604,True,theory
93972,1994,PPSN,propose_new,improve,propose_new,propose_new,1990-1999,947,333,0.35163674762407604,True,propose_new
46340,2024,ESWA,improve,improve,improve,propose_new,2020-2025,40240,333,0.008275347912524851,True,improve
62367,2003,GECCO,improve,apply,improve,apply,2000-2004,4013,333,0.08298031397956641,True,improve
94092,1992,PPSN,improve,propose_new,other,other,1990-1999,947,333,0.35163674762407604,True,other
30088,2010,ESWA,propose_new,propose_new,,propose_new,2010-2014,20442,333,0.016289991194599354,True,propose_new
90077,1997,INS,propose_new,propose_new,propose_new,propose_new,1990-1999,947,333,0.35163674762407604,True,propose_new
1574,2016,ASOC,hybrid,hybrid,hybrid,propose_new,2015-2019,20521,333,0.016227279372350276,True,hybrid
889,2009,ASOC,propose_new,propose_new,propose_new,apply,2005-2009,13159,333,0.02530587430655825,True,propose_new
90953,1996,JOH,improve,propose_new,propose_new,improve,1990-1999,947,333,0.35163674762407604,True,improve
18553,2019,CEC,propose_new,propose_new,propose_new,propose_new,2015-2019,20521,333,0.016227279372350276,True,propose_new
42300,2023,ESWA,propose_new,propose_new,propose_new,propose_new,2020-2025,40240,333,0.008275347912524851,True,propose_new
82073,2022,INS,propose_new,propose_new,propose_new,propose_new,2020-2025,40240,333,0.008275347912524851,True,propose_new
48765,2025,ESWA,propose_new,propose_new,propose_new,propose_new,2020-2025,40240,333,0.008275347912524851,True,propose_new
36657,2021,ESWA,propose_new,propose_new,propose_new,propose_new,2020-2025,40240,333,0.008275347912524851,True,propose_new
27964,2011,ESWA,apply,propose_new,propose_new,apply,2010-2014,20442,333,0.016289991194599354,True,apply
34479,2016,ESWA,hybrid,hybrid,,propose_new,2015-2019,20521,333,0.016227279372350276,True,hybrid
56993,2018,EUROGP,benchmark,benchmark,benchmark,benchmark,2015-2019,20521,333,0.016227279372350276,True,benchmark
62230,2004,GECCO,apply,propose_new,propose_new,propose_new,2000-2004,4013,333,0.08298031397956641,True,propose_new
7306,2023,ASOC,apply,hybrid,propose_new,propose_new,2020-2025,40240,333,0.008275347912524851,True,propose_new
64899,2008,GECCO,apply,apply,apply,apply,2005-2009,13159,333,0.02530587430655825,True,apply
91309,2015,MEMETIC,hybrid,propose_new,propose_new,propose_new,2015-2019,20521,333,0.016227279372350276,True,propose_new
94177,1991,PPSN,improve,improve,improve,improve,1990-1999,947,333,0.35163674762407604,True,improve
117888,2001,CEC,propose_new,improve,hybrid,improve,2000-2004,4013,333,0.08298031397956641,True,improve
106119,1999,TEVC,propose_new,propose_new,propose_new,propose_new,1990-1999,947,333,0.35163674762407604,True,propose_new
89875,1999,INS,theory,other,theory,theory,1990-1999,947,333,0.35163674762407604,True,theory
90652,2007,JOH,propose_new,propose_new,propose_new,propose_new,2005-2009,13159,333,0.02530587430655825,True,propose_new
39351,2022,ESWA,propose_new,apply,propose_new,propose_new,2020-2025,40240,333,0.008275347912524851,True,propose_new
25327,2009,ESWA,apply,apply,apply,apply,2005-2009,13159,333,0.02530587430655825,True,apply
19340,2017,CEC,improve,hybrid,hybrid,improve,2015-2019,20521,333,0.016227279372350276,True,improve
67236,2016,GECCO,propose_new,propose_new,propose_new,propose_new,2015-2019,20521,333,0.016227279372350276,True,propose_new
60348,2025,FOGA,theory,theory,theory,theory,2020-2025,40240,333,0.008275347912524851,True,theory
66543,2018,GECCO,propose_new,propose_new,propose_new,propose_new,2015-2019,20521,333,0.016227279372350276,True,propose_new
95093,2015,SSCI,improve,improve,improve,improve,2015-2019,20521,333,0.016227279372350276,True,improve
2749,2015,ASOC,apply,apply,apply,propose_new,2015-2019,20521,333,0.016227279372350276,True,apply
16150,2013,CEC,propose_new,hybrid,propose_new,hybrid,2010-2014,20442,333,0.016289991194599354,True,propose_new
85223,2024,INS,propose_new,propose_new,propose_new,propose_new,2020-2025,40240,333,0.008275347912524851,True,propose_new
117768,2000,CEC,other,propose_new,propose_new,theory,2000-2004,4013,333,0.08298031397956641,True,propose_new
76703,2016,INS,propose_new,propose_new,propose_new,propose_new,2015-2019,20521,333,0.016227279372350276,True,propose_new
120456,2011,SSCI,propose_new,propose_new,propose_new,propose_new,2010-2014,20442,333,0.016289991194599354,True,propose_new
36100,2021,ESWA,apply,benchmark,benchmark,apply,2020-2025,40240,333,0.008275347912524851,True,apply
78257,2014,INS,review,review,review,review,2010-2014,20442,333,0.016289991194599354,True,review
68075,2025,GECCO,propose_new,propose_new,propose_new,propose_new,2020-2025,40240,333,0.008275347912524851,True,propose_new
34121,2016,ESWA,propose_new,propose_new,propose_new,propose_new,2015-2019,20521,333,0.016227279372350276,True,propose_new
5647,2020,ASOC,apply,apply,apply,apply,2020-2025,40240,333,0.008275347912524851,True,apply
77056,2016,INS,propose_new,propose_new,propose_new,propose_new,2015-2019,20521,333,0.016227279372350276,True,propose_new
118142,2002,CEC,other,propose_new,propose_new,propose_new,2000-2004,4013,333,0.08298031397956641,True,propose_new
12307,2024,ASOC,propose_new,propose_new,propose_new,propose_new,2020-2025,40240,333,0.008275347912524851,True,propose_new
120403,2011,SSCI,apply,benchmark,benchmark,apply,2010-2014,20442,333,0.016289991194599354,True,apply
92573,2020,PPSN,propose_new,propose_new,propose_new,propose_new,2020-2025,40240,333,0.008275347912524851,True,propose_new
45572,2024,ESWA,other,propose_new,propose_new,propose_new,2020-2025,40240,333,0.008275347912524851,True,propose_new
93877,1996,PPSN,propose_new,propose_new,propose_new,propose_new,1990-1999,947,333,0.35163674762407604,True,propose_new
62336,2003,GECCO,improve,improve,improve,improve,2000-2004,4013,333,0.08298031397956641,True,improve
58120,2016,EVOAPP,propose_new,propose_new,propose_new,propose_new,2015-2019,20521,333,0.016227279372350276,True,propose_new
18916,2018,CEC,propose_new,propose_new,propose_new,propose_new,2015-2019,20521,333,0.016227279372350276,True,propose_new
75503,2007,INS,theory,theory,theory,theory,2005-2009,13159,333,0.02530587430655825,True,theory
20525,2015,CEC,improve,apply,apply,improve,2015-2019,20521,333,0.016227279372350276,True,improve
31437,2013,ESWA,apply,apply,apply,apply,2010-2014,20442,333,0.016289991194599354,True,apply
25038,2009,ESWA,hybrid,propose_new,propose_new,apply,2005-2009,13159,333,0.02530587430655825,True,propose_new
62010,2004,GECCO,theory,theory,theory,theory,2000-2004,4013,333,0.08298031397956641,True,theory
93546,2004,PPSN,propose_new,propose_new,propose_new,propose_new,2000-2004,4013,333,0.08298031397956641,True,propose_new
62839,2013,GECCO,theory,theory,theory,theory,2010-2014,20442,333,0.016289991194599354,True,theory
98965,2019,SSCI,improve,hybrid,propose_new,propose_new,2015-2019,20521,333,0.016227279372350276,True,propose_new
5644,2018,ASOC,propose_new,propose_new,propose_new,propose_new,2015-2019,20521,333,0.016227279372350276,True,propose_new
63700,2011,GECCO,apply,benchmark,benchmark,benchmark,2010-2014,20442,333,0.016289991194599354,True,benchmark
21426,2025,CEC,propose_new,propose_new,propose_new,propose_new,2020-2025,40240,333,0.008275347912524851,True,propose_new
64095,2010,GECCO,improve,apply,apply,apply,2010-2014,20442,333,0.016289991194599354,True,apply
77817,2015,INS,other,propose_new,propose_new,propose_new,2015-2019,20521,333,0.016227279372350276,True,propose_new
18929,2018,CEC,hybrid,hybrid,hybrid,hybrid,2015-2019,20521,333,0.016227279372350276,True,hybrid
67235,2015,GECCO,review,review,other,other,2015-2019,20521,333,0.016227279372350276,True,review
71771,2017,ICSI,propose_new,propose_new,apply,propose_new,2015-2019,20521,333,0.016227279372350276,True,propose_new
66050,2019,GECCO,apply,propose_new,propose_new,apply,2015-2019,20521,333,0.016227279372350276,True,apply
10950,2024,ASOC,apply,apply,apply,apply,2020-2025,40240,333,0.008275347912524851,True,apply
23873,2020,ECJ,hybrid,hybrid,propose_new,propose_new,2020-2025,40240,333,0.008275347912524851,True,hybrid
19044,2018,CEC,apply,apply,apply,apply,2015-2019,20521,333,0.016227279372350276,True,apply
44418,2024,ESWA,propose_new,propose_new,propose_new,propose_new,2020-2025,40240,333,0.008275347912524851,True,propose_new
25898,2009,ESWA,propose_new,propose_new,propose_new,propose_new,2005-2009,13159,333,0.02530587430655825,True,propose_new
57572,2000,EUROGP,hybrid,hybrid,propose_new,propose_new,2000-2004,4013,333,0.08298031397956641,True,hybrid
95850,2013,SSCI,benchmark,benchmark,benchmark,benchmark,2010-2014,20442,333,0.016289991194599354,True,benchmark
86780,2024,OTHER,other,other,other,other,2020-2025,40240,333,0.008275347912524851,True,other
1267,2003,ASOC,hybrid,hybrid,hybrid,hybrid,2000-2004,4013,333,0.08298031397956641,True,hybrid
124176,2009,INS,apply,benchmark,apply,other,2005-2009,13159,333,0.02530587430655825,True,apply
106074,2001,TEVC,theory,theory,theory,theory,2000-2004,4013,333,0.08298031397956641,True,theory
29990,2010,ESWA,hybrid,hybrid,,propose_new,2010-2014,20442,333,0.016289991194599354,True,hybrid
100269,2012,SWARMINT,benchmark,benchmark,benchmark,benchmark,2010-2014,20442,333,0.016289991194599354,True,benchmark
98725,2020,SSCI,propose_new,propose_new,propose_new,propose_new,2020-2025,40240,333,0.008275347912524851,True,propose_new
58385,2013,EVOAPP,propose_new,propose_new,propose_new,propose_new,2010-2014,20442,333,0.016289991194599354,True,propose_new
117965,2001,CEC,apply,hybrid,apply,improve,2000-2004,4013,333,0.08298031397956641,True,apply
30453,2013,ESWA,propose_new,propose_new,propose_new,propose_new,2010-2014,20442,333,0.016289991194599354,True,propose_new
118307,2002,CEC,propose_new,propose_new,propose_new,propose_new,2000-2004,4013,333,0.08298031397956641,True,propose_new
125339,2012,INS,other,propose_new,other,propose_new,2010-2014,20442,333,0.016289991194599354,True,other
82059,2022,INS,propose_new,benchmark,propose_new,apply,2020-2025,40240,333,0.008275347912524851,True,propose_new
926,2008,ASOC,propose_new,propose_new,propose_new,propose_new,2005-2009,13159,333,0.02530587430655825,True,propose_new
41865,2023,ESWA,apply,propose_new,apply,apply,2020-2025,40240,333,0.008275347912524851,True,apply
94916,2015,SSCI,apply,apply,apply,apply,2015-2019,20521,333,0.016227279372350276,True,apply
118709,2003,CEC,apply,apply,apply,apply,2000-2004,4013,333,0.08298031397956641,True,apply
44445,2024,ESWA,propose_new,propose_new,propose_new,propose_new,2020-2025,40240,333,0.008275347912524851,True,propose_new
89978,1998,INS,theory,other,theory,theory,1990-1999,947,333,0.35163674762407604,True,theory
78475,2014,INS,apply,propose_new,propose_new,propose_new,2010-2014,20442,333,0.016289991194599354,True,propose_new
89108,2004,INS,propose_new,theory,propose_new,propose_new,2000-2004,4013,333,0.08298031397956641,True,propose_new
73379,2013,INS,theory,theory,theory,theory,2010-2014,20442,333,0.016289991194599354,True,theory
18233,2008,CEC,propose_new,propose_new,propose_new,propose_new,2005-2009,13159,333,0.02530587430655825,True,propose_new
123636,2008,INS,other,other,other,other,2005-2009,13159,333,0.02530587430655825,True,other
6771,2017,ASOC,other,propose_new,propose_new,propose_new,2015-2019,20521,333,0.016227279372350276,True,propose_new
103100,2024,TETCI,propose_new,propose_new,propose_new,propose_new,2020-2025,40240,333,0.008275347912524851,True,propose_new
81457,2018,INS,improve,improve,propose_new,propose_new,2015-2019,20521,333,0.016227279372350276,True,improve
26712,2007,ESWA,hybrid,hybrid,hybrid,hybrid,2005-2009,13159,333,0.02530587430655825,True,hybrid
76011,2017,INS,theory,other,other,other,2015-2019,20521,333,0.016227279372350276,True,other
120148,2012,GECCO,improve,improve,improve,propose_new,2010-2014,20442,333,0.016289991194599354,True,improve
89884,1999,INS,propose_new,propose_new,propose_new,other,1990-1999,947,333,0.35163674762407604,True,propose_new
93655,2000,PPSN,benchmark,benchmark,benchmark,benchmark,2000-2004,4013,333,0.08298031397956641,True,benchmark
26011,2009,ESWA,propose_new,propose_new,,propose_new,2005-2009,13159,333,0.02530587430655825,True,propose_new
64254,2009,GECCO,propose_new,propose_new,propose_new,theory,2005-2009,13159,333,0.02530587430655825,True,propose_new
89738,2000,INS,theory,other,theory,theory,2000-2004,4013,333,0.08298031397956641,True,theory
15675,2005,CEC,hybrid,propose_new,propose_new,apply,2005-2009,13159,333,0.02530587430655825,True,propose_new
83001,2022,INS,improve,benchmark,benchmark,benchmark,2020-2025,40240,333,0.008275347912524851,True,benchmark
120824,2011,SSCI,other,theory,theory,theory,2010-2014,20442,333,0.016289991194599354,True,theory
73962,2012,INS,theory,,theory,theory,2010-2014,20442,333,0.016289991194599354,True,theory
12319,2024,ASOC,propose_new,propose_new,propose_new,propose_new,2020-2025,40240,333,0.008275347912524851,True,propose_new
89715,2000,INS,theory,,other,theory,2000-2004,4013,333,0.08298031397956641,True,theory
71156,2022,ICSI,other,propose_new,other,other,2020-2025,40240,333,0.008275347912524851,True,other
93473,2004,PPSN,theory,theory,theory,theory,2000-2004,4013,333,0.08298031397956641,True,theory
104788,2022,TEVC,improve,improve,improve,improve,2020-2025,40240,333,0.008275347912524851,True,improve
96624,2009,SSCI,apply,apply,propose_new,apply,2005-2009,13159,333,0.02530587430655825,True,apply
80886,2019,INS,propose_new,propose_new,propose_new,propose_new,2015-2019,20521,333,0.016227279372350276,True,propose_new
15108,2006,CEC,review,review,review,review,2005-2009,13159,333,0.02530587430655825,True,review
15695,2005,CEC,propose_new,hybrid,propose_new,apply,2005-2009,13159,333,0.02530587430655825,True,propose_new
106142,1999,TEVC,apply,apply,apply,apply,1990-1999,947,333,0.35163674762407604,True,apply
123930,2008,INS,other,other,other,other,2005-2009,13159,333,0.02530587430655825,True,other
103010,2025,TETCI,improve,improve,improve,propose_new,2020-2025,40240,333,0.008275347912524851,True,improve
6084,2017,ASOC,propose_new,propose_new,propose_new,propose_new,2015-2019,20521,333,0.016227279372350276,True,propose_new
61852,2003,GECCO,propose_new,propose_new,propose_new,theory,2000-2004,4013,333,0.08298031397956641,True,propose_new
118904,2004,CEC,improve,hybrid,improve,improve,2000-2004,4013,333,0.08298031397956641,True,improve
30726,2014,ESWA,apply,apply,propose_new,apply,2010-2014,20442,333,0.016289991194599354,True,apply
32251,2012,ESWA,benchmark,benchmark,benchmark,improve,2010-2014,20442,333,0.016289991194599354,True,benchmark
17302,2009,CEC,apply,hybrid,,hybrid,2005-2009,13159,333,0.02530587430655825,True,hybrid
123319,2007,INS,review,review,review,other,2005-2009,13159,333,0.02530587430655825,True,review
94128,1992,PPSN,propose_new,improve,propose_new,other,1990-1999,947,333,0.35163674762407604,True,propose_new
90082,1997,INS,other,propose_new,propose_new,propose_new,1990-1999,947,333,0.35163674762407604,True,propose_new
28490,2011,ESWA,apply,apply,apply,apply,2010-2014,20442,333,0.016289991194599354,True,apply
89736,1999,INS,theory,other,other,theory,1990-1999,947,333,0.35163674762407604,True,theory
74207,2010,INS,apply,propose_new,propose_new,propose_new,2010-2014,20442,333,0.016289991194599354,True,propose_new
94181,1991,PPSN,review,benchmark,benchmark,benchmark,1990-1999,947,333,0.35163674762407604,True,benchmark
1538,2016,ASOC,improve,improve,improve,improve,2015-2019,20521,333,0.016227279372350276,True,improve
9616,2022,ASOC,benchmark,benchmark,benchmark,benchmark,2020-2025,40240,333,0.008275347912524851,True,benchmark
57552,2000,EUROGP,hybrid,hybrid,hybrid,hybrid,2000-2004,4013,333,0.08298031397956641,True,hybrid
93866,1996,PPSN,apply,apply,apply,apply,1990-1999,947,333,0.35163674762407604,True,apply
129,2002,OTHER,other,other,other,other,2000-2004,4013,333,0.08298031397956641,True,other
49201,2025,ESWA,propose_new,improve,propose_new,propose_new,2020-2025,40240,333,0.008275347912524851,True,propose_new
89194,2004,INS,improve,improve,improve,improve,2000-2004,4013,333,0.08298031397956641,True,improve
118399,2003,CEC,propose_new,propose_new,propose_new,propose_new,2000-2004,4013,333,0.08298031397956641,True,propose_new
34474,2016,ESWA,improve,apply,improve,improve,2015-2019,20521,333,0.016227279372350276,True,improve
120163,2012,GECCO,apply,apply,apply,apply,2010-2014,20442,333,0.016289991194599354,True,apply
95191,2014,SSCI,improve,improve,propose_new,improve,2010-2014,20442,333,0.016289991194599354,True,improve
92044,2015,NATCOMP,apply,hybrid,hybrid,propose_new,2015-2019,20521,333,0.016227279372350276,True,hybrid
93604,2000,PPSN,theory,theory,theory,theory,2000-2004,4013,333,0.08298031397956641,True,theory
32247,2012,ESWA,apply,propose_new,propose_new,apply,2010-2014,20442,333,0.016289991194599354,True,apply
105191,2018,TEVC,propose_new,improve,propose_new,propose_new,2015-2019,20521,333,0.016227279372350276,True,propose_new
118394,2003,CEC,hybrid,hybrid,hybrid,propose_new,2000-2004,4013,333,0.08298031397956641,True,hybrid
70501,2020,GPEM,theory,theory,theory,theory,2020-2025,40240,333,0.008275347912524851,True,theory
106154,1997,TEVC,apply,apply,apply,apply,1990-1999,947,333,0.35163674762407604,True,apply
59780,2022,EVOINT,hybrid,hybrid,,apply,2020-2025,40240,333,0.008275347912524851,True,hybrid
93952,1996,PPSN,apply,apply,apply,apply,1990-1999,947,333,0.35163674762407604,True,apply
28421,2011,ESWA,propose_new,propose_new,propose_new,propose_new,2010-2014,20442,333,0.016289991194599354,True,propose_new
74337,2011,INS,hybrid,propose_new,propose_new,other,2010-2014,20442,333,0.016289991194599354,True,propose_new
105993,2004,TEVC,improve,improve,improve,propose_new,2000-2004,4013,333,0.08298031397956641,True,improve
118696,2003,CEC,improve,improve,propose_new,propose_new,2000-2004,4013,333,0.08298031397956641,True,improve
89968,1999,INS,hybrid,hybrid,propose_new,hybrid,1990-1999,947,333,0.35163674762407604,True,hybrid
123240,2007,INS,other,other,other,other,2005-2009,13159,333,0.02530587430655825,True,other
89794,1998,INS,hybrid,hybrid,hybrid,hybrid,1990-1999,947,333,0.35163674762407604,True,hybrid
60987,2006,GECCO,hybrid,propose_new,hybrid,hybrid,2005-2009,13159,333,0.02530587430655825,True,hybrid
32326,2013,ESWA,apply,propose_new,propose_new,propose_new,2010-2014,20442,333,0.016289991194599354,True,propose_new
123401,2007,INS,other,other,other,other,2005-2009,13159,333,0.02530587430655825,True,other
62089,2004,GECCO,theory,theory,theory,theory,2000-2004,4013,333,0.08298031397956641,True,theory
86297,2023,INS,propose_new,propose_new,other,propose_new,2020-2025,40240,333,0.008275347912524851,True,propose_new
980,2009,ASOC,propose_new,propose_new,propose_new,propose_new,2005-2009,13159,333,0.02530587430655825,True,propose_new
40230,2022,ESWA,benchmark,benchmark,benchmark,benchmark,2020-2025,40240,333,0.008275347912524851,True,benchmark
89927,1998,INS,theory,theory,theory,theory,1990-1999,947,333,0.35163674762407604,True,theory
9417,2021,ASOC,propose_new,propose_new,propose_new,propose_new,2020-2025,40240,333,0.008275347912524851,True,propose_new
29034,2011,ESWA,apply,apply,apply,apply,2010-2014,20442,333,0.016289991194599354,True,apply
60287,2010,EVOINT,apply,apply,propose_new,apply,2010-2014,20442,333,0.016289991194599354,True,apply
46310,2024,ESWA,apply,apply,apply,propose_new,2020-2025,40240,333,0.008275347912524851,True,apply
100200,2019,SWARMINT,other,apply,theory,apply,2015-2019,20521,333,0.016227279372350276,True,apply
62348,2003,GECCO,apply,apply,apply,apply,2000-2004,4013,333,0.08298031397956641,True,apply
59998,2021,EVOINT,hybrid,hybrid,hybrid,hybrid,2020-2025,40240,333,0.008275347912524851,True,hybrid
25548,2009,ESWA,apply,apply,apply,apply,2005-2009,13159,333,0.02530587430655825,True,apply
11279,2024,ASOC,propose_new,apply,improve,propose_new,2020-2025,40240,333,0.008275347912524851,True,propose_new
93718,1998,PPSN,theory,theory,theory,theory,1990-1999,947,333,0.35163674762407604,True,theory
27014,2007,ESWA,apply,apply,apply,apply,2005-2009,13159,333,0.02530587430655825,True,apply
89951,1997,INS,propose_new,propose_new,propose_new,propose_new,1990-1999,947,333,0.35163674762407604,True,propose_new
89717,1999,INS,propose_new,propose_new,other,propose_new,1990-1999,947,333,0.35163674762407604,True,propose_new
19625,2016,CEC,propose_new,propose_new,propose_new,propose_new,2015-2019,20521,333,0.016227279372350276,True,propose_new
88895,2005,INS,improve,improve,improve,improve,2005-2009,13159,333,0.02530587430655825,True,improve
62297,2003,GECCO,theory,theory,theory,theory,2000-2004,4013,333,0.08298031397956641,True,theory
26313,2008,ESWA,apply,apply,apply,apply,2005-2009,13159,333,0.02530587430655825,True,apply
71992,2015,ICSI,propose_new,propose_new,propose_new,propose_new,2015-2019,20521,333,0.016227279372350276,True,propose_new
39041,2022,ESWA,propose_new,propose_new,propose_new,propose_new,2020-2025,40240,333,0.008275347912524851,True,propose_new
44641,2024,ESWA,propose_new,propose_new,propose_new,propose_new,2020-2025,40240,333,0.008275347912524851,True,propose_new
62715,2014,GECCO,theory,theory,theory,theory,2010-2014,20442,333,0.016289991194599354,True,theory
118365,2003,CEC,apply,apply,apply,apply,2000-2004,4013,333,0.08298031397956641,True,apply
102164,2019,SWEVC,propose_new,improve,propose_new,propose_new,2015-2019,20521,333,0.016227279372350276,True,propose_new
58830,2014,EVOCOP,theory,benchmark,benchmark,benchmark,2010-2014,20442,333,0.016289991194599354,True,benchmark
16897,2010,CEC,propose_new,benchmark,propose_new,propose_new,2010-2014,20442,333,0.016289991194599354,True,propose_new
71841,2016,ICSI,hybrid,hybrid,hybrid,improve,2015-2019,20521,333,0.016227279372350276,True,hybrid
82787,2022,INS,hybrid,propose_new,propose_new,improve,2020-2025,40240,333,0.008275347912524851,True,propose_new
34696,2017,ESWA,propose_new,propose_new,propose_new,propose_new,2015-2019,20521,333,0.016227279372350276,True,propose_new
31996,2013,ESWA,improve,theory,theory,propose_new,2010-2014,20442,333,0.016289991194599354,True,theory
94206,1991,PPSN,theory,theory,theory,theory,1990-1999,947,333,0.35163674762407604,True,theory
89766,1999,INS,theory,theory,other,other,1990-1999,947,333,0.35163674762407604,True,theory
97108,2007,SSCI,improve,benchmark,benchmark,benchmark,2005-2009,13159,333,0.02530587430655825,True,benchmark
90838,2000,JOH,other,propose_new,propose_new,other,2000-2004,4013,333,0.08298031397956641,True,other
72783,2015,IJBIC,improve,improve,improve,apply,2015-2019,20521,333,0.016227279372350276,True,improve
105140,2019,TEVC,propose_new,propose_new,propose_new,propose_new,2015-2019,20521,333,0.016227279372350276,True,propose_new
40356,2022,ESWA,propose_new,,propose_new,propose_new,2020-2025,40240,333,0.008275347912524851,True,propose_new
102281,2016,SWEVC,propose_new,propose_new,propose_new,propose_new,2015-2019,20521,333,0.016227279372350276,True,propose_new
90861,1999,JOH,theory,theory,theory,theory,1990-1999,947,333,0.35163674762407604,True,theory
91933,2018,NATCOMP,review,review,review,review,2015-2019,20521,333,0.016227279372350276,True,review
74744,2008,INS,improve,improve,improve,improve,2005-2009,13159,333,0.02530587430655825,True,improve
89073,2003,INS,theory,theory,theory,other,2000-2004,4013,333,0.08298031397956641,True,theory
5806,2018,ASOC,apply,propose_new,propose_new,improve,2015-2019,20521,333,0.016227279372350276,True,propose_new
75158,2009,INS,propose_new,propose_new,propose_new,propose_new,2005-2009,13159,333,0.02530587430655825,True,propose_new
89944,1998,INS,other,propose_new,propose_new,other,1990-1999,947,333,0.35163674762407604,True,other
94182,1991,PPSN,propose_new,hybrid,propose_new,propose_new,1990-1999,947,333,0.35163674762407604,True,propose_new
93867,1996,PPSN,apply,apply,apply,apply,1990-1999,947,333,0.35163674762407604,True,apply
89714,2000,INS,improve,improve,improve,improve,2000-2004,4013,333,0.08298031397956641,True,improve
117969,2001,CEC,apply,apply,apply,apply,2000-2004,4013,333,0.08298031397956641,True,apply
92211,2013,NATCOMP,propose_new,propose_new,propose_new,propose_new,2010-2014,20442,333,0.016289991194599354,True,propose_new
93810,1996,PPSN,propose_new,propose_new,propose_new,propose_new,1990-1999,947,333,0.35163674762407604,True,propose_new
122627,2005,INS,apply,other,other,other,2005-2009,13159,333,0.02530587430655825,True,other
89963,1998,INS,improve,improve,propose_new,improve,1990-1999,947,333,0.35163674762407604,True,improve
118000,2002,CEC,propose_new,propose_new,propose_new,propose_new,2000-2004,4013,333,0.08298031397956641,True,propose_new
100782,2025,SWEVC,propose_new,propose_new,propose_new,propose_new,2020-2025,40240,333,0.008275347912524851,True,propose_new
71321,2019,ICSI,propose_new,propose_new,propose_new,propose_new,2015-2019,20521,333,0.016227279372350276,True,propose_new
124542,2010,INS,other,other,other,other,2010-2014,20442,333,0.016289991194599354,True,other
5309,2019,ASOC,apply,apply,apply,apply,2015-2019,20521,333,0.016227279372350276,True,apply
17771,2008,CEC,theory,other,other,theory,2005-2009,13159,333,0.02530587430655825,True,theory
124700,2011,INS,other,apply,apply,apply,2010-2014,20442,333,0.016289991194599354,True,apply
103935,2018,TETCI,propose_new,propose_new,propose_new,propose_new,2015-2019,20521,333,0.016227279372350276,True,propose_new
98384,2020,SSCI,review,review,review,other,2020-2025,40240,333,0.008275347912524851,True,review
57542,2000,EUROGP,apply,apply,apply,apply,2000-2004,4013,333,0.08298031397956641,True,apply
47802,2025,ESWA,propose_new,propose_new,propose_new,propose_new,2020-2025,40240,333,0.008275347912524851,True,propose_new
14812,2007,CEC,hybrid,hybrid,improve,improve,2005-2009,13159,333,0.02530587430655825,True,hybrid
25311,2009,ESWA,propose_new,hybrid,propose_new,apply,2005-2009,13159,333,0.02530587430655825,True,propose_new
89854,1999,INS,apply,apply,apply,apply,1990-1999,947,333,0.35163674762407604,True,apply
81787,2022,INS,propose_new,propose_new,propose_new,propose_new,2020-2025,40240,333,0.008275347912524851,True,propose_new
25120,2009,ESWA,propose_new,hybrid,hybrid,propose_new,2005-2009,13159,333,0.02530587430655825,True,propose_new
123226,2007,INS,apply,apply,apply,apply,2005-2009,13159,333,0.02530587430655825,True,apply
81115,2018,INS,improve,improve,propose_new,improve,2015-2019,20521,333,0.016227279372350276,True,improve
37277,2020,ESWA,apply,benchmark,,apply,2020-2025,40240,333,0.008275347912524851,True,apply
61819,2004,GECCO,apply,apply,other,other,2000-2004,4013,333,0.08298031397956641,True,apply
73055,2013,INS,review,review,review,review,2010-2014,20442,333,0.016289991194599354,True,review
93461,2004,PPSN,theory,theory,propose_new,theory,2000-2004,4013,333,0.08298031397956641,True,theory
38584,2019,ESWA,improve,propose_new,propose_new,improve,2015-2019,20521,333,0.016227279372350276,True,improve
97182,2007,SSCI,propose_new,propose_new,propose_new,propose_new,2005-2009,13159,333,0.02530587430655825,True,propose_new
26958,2007,ESWA,propose_new,propose_new,propose_new,propose_new,2005-2009,13159,333,0.02530587430655825,True,propose_new
89760,1999,INS,theory,theory,theory,theory,1990-1999,947,333,0.35163674762407604,True,theory
90903,1998,JOH,apply,apply,apply,apply,1990-1999,947,333,0.35163674762407604,True,apply
4900,2019,ASOC,propose_new,improve,propose_new,propose_new,2015-2019,20521,333,0.016227279372350276,True,propose_new
118031,2002,CEC,propose_new,propose_new,propose_new,propose_new,2000-2004,4013,333,0.08298031397956641,True,propose_new
95934,2013,SSCI,propose_new,apply,propose_new,propose_new,2010-2014,20442,333,0.016289991194599354,True,propose_new
89989,1998,INS,other,other,other,other,1990-1999,947,333,0.35163674762407604,True,other
18303,2008,CEC,improve,improve,propose_new,propose_new,2005-2009,13159,333,0.02530587430655825,True,improve
125342,2012,INS,apply,propose_new,other,apply,2010-2014,20442,333,0.016289991194599354,True,apply
93574,2004,PPSN,hybrid,apply,propose_new,propose_new,2000-2004,4013,333,0.08298031397956641,True,propose_new
26592,2009,ESWA,hybrid,hybrid,hybrid,hybrid,2005-2009,13159,333,0.02530587430655825,True,hybrid
18690,2019,CEC,benchmark,benchmark,benchmark,benchmark,2015-2019,20521,333,0.016227279372350276,True,benchmark
23983,2016,ECJ,propose_new,propose_new,propose_new,propose_new,2015-2019,20521,333,0.016227279372350276,True,propose_new
70810,2004,GPEM,propose_new,propose_new,propose_new,propose_new,2000-2004,4013,333,0.08298031397956641,True,propose_new
75902,2006,INS,propose_new,propose_new,propose_new,propose_new,2005-2009,13159,333,0.02530587430655825,True,propose_new
34730,2015,ESWA,propose_new,propose_new,propose_new,improve,2015-2019,20521,333,0.016227279372350276,True,propose_new
88207,2025,INS,propose_new,propose_new,propose_new,propose_new,2020-2025,40240,333,0.008275347912524851,True,propose_new
93907,1996,PPSN,theory,benchmark,other,other,1990-1999,947,333,0.35163674762407604,True,other
7821,2023,ASOC,hybrid,hybrid,hybrid,propose_new,2020-2025,40240,333,0.008275347912524851,True,hybrid
123440,2007,INS,other,other,other,other,2005-2009,13159,333,0.02530587430655825,True,other
124476,2010,INS,other,other,review,other,2010-2014,20442,333,0.016289991194599354,True,other
19647,2016,CEC,improve,improve,improve,improve,2015-2019,20521,333,0.016227279372350276,True,improve
93793,1996,PPSN,improve,propose_new,propose_new,propose_new,1990-1999,947,333,0.35163674762407604,True,propose_new
81082,2018,INS,propose_new,propose_new,propose_new,propose_new,2015-2019,20521,333,0.016227279372350276,True,propose_new
94012,1994,PPSN,apply,apply,apply,apply,1990-1999,947,333,0.35163674762407604,True,apply
74563,2010,INS,other,other,other,other,2010-2014,20442,333,0.016289991194599354,True,other
93460,2004,PPSN,theory,benchmark,benchmark,propose_new,2000-2004,4013,333,0.08298031397956641,True,benchmark
90005,1998,INS,propose_new,propose_new,other,propose_new,1990-1999,947,333,0.35163674762407604,True,propose_new
1941,2015,ASOC,hybrid,hybrid,hybrid,hybrid,2015-2019,20521,333,0.016227279372350276,True,hybrid
105391,2014,TEVC,improve,improve,improve,improve,2010-2014,20442,333,0.016289991194599354,True,improve
39661,2022,ESWA,propose_new,propose_new,,propose_new,2020-2025,40240,333,0.008275347912524851,True,propose_new
119146,2011,CEC,improve,improve,improve,improve,2010-2014,20442,333,0.016289991194599354,True,improve
2962,2014,ASOC,improve,improve,improve,improve,2010-2014,20442,333,0.016289991194599354,True,improve
78838,2014,INS,benchmark,benchmark,benchmark,benchmark,2010-2014,20442,333,0.016289991194599354,True,benchmark
75088,2008,INS,propose_new,other,propose_new,other,2005-2009,13159,333,0.02530587430655825,True,propose_new
99588,2017,SSCI,improve,improve,propose_new,propose_new,2015-2019,20521,333,0.016227279372350276,True,improve
120653,2011,SSCI,improve,improve,improve,propose_new,2010-2014,20442,333,0.016289991194599354,True,improve
